category,brand,model_name,price_vnd,image_url,inventory_status
Laptop,HP,HP 15 fc0023AU R5 7520U (D0BH1PA),18990000,/images/products/hp_hp-15-fc0023au-r5-7520u-d0bh1pa.jpg,Còn hàng
Laptop,MacBook,MacBook Neo 13 inch A18 Pro 8GB/256GB,18990000,/images/products/macbook_macbook-neo-13-inch-a18-pro-8gb256gb.jpg,Còn hàng
Laptop,Asus,Asus Vivobook S14 S3407VA Core 5 210H (LY146W),20190000,/images/products/asus_asus-vivobook-s14-s3407va-core-5-210h-ly146w.jpg,Còn hàng
Laptop,Dell,Dell 15 DC15255 R5 7530U (DC5R5973W1-2Y),24990000,/images/products/dell_dell-15-dc15255-r5-7530u-dc5r5973w1-2y.jpg,Còn hàng
Laptop,MacBook,MacBook Air 13 inch M5 16GB/512GB/8GPU 30W,35490000,/images/products/macbook_macbook-air-13-inch-m5-16gb512gb8gpu-30w.jpg,Còn hàng
Laptop,HP,HP 240R G10 Core 3 100U (C3RU6AT),14490000,/images/products/hp_hp-240r-g10-core-3-100u-c3ru6at.jpg,Còn hàng
Laptop,Asus,Asus Vivobook 16 A1607QA X1 26 100 (MB067W),18590000,/images/products/asus_asus-vivobook-16-a1607qa-x1-26-100-mb067w.jpg,Còn hàng
Laptop,Dell,Dell 15 DC15250 i7 1355U (DC5I7748W1),23990000,/images/products/dell_dell-15-dc15250-i7-1355u-dc5i7748w1.jpg,Còn hàng
Laptop,Lenovo,Lenovo IdeaPad Slim 3 15ARP10 R5 7535HS (83K700YUVN),19990000,/images/products/lenovo_lenovo-ideapad-slim-3-15arp10-r5-7535hs-83k700yuvn.jpg,Còn hàng
Laptop,MSI,MSI Modern 15 F13MG i5 1334U (667VN_16GB),18190000,/images/products/msi_msi-modern-15-f13mg-i5-1334u-667vn_16gb.jpg,Còn hàng
Laptop,Acer,Acer Aspire Lite 15 AL15-48P-R86Q R7 5825U (NX.DS1SV.002),18990000,/images/products/acer_acer-aspire-lite-15-al15-48p-r86q-r7-5825u-nxds1sv002.jpg,Còn hàng
Laptop,Acer,Acer Aspire Lite 15 AL15-53P-56QH Core 5 120U (NX.DG3SV.001),20990000,/images/products/acer_acer-aspire-lite-15-al15-53p-56qh-core-5-120u-nxdg3sv001.jpg,Còn hàng
Laptop,Asus,Asus Vivobook 15 X1504VA Core 5 120U (BQ185WS),18990000,/images/products/asus_asus-vivobook-15-x1504va-core-5-120u-bq185ws.jpg,Còn hàng
Laptop,Dell,Dell 15 DC15250 i5 1334U (DC5I5897W1),21990000,/images/products/dell_dell-15-dc15250-i5-1334u-dc5i5897w1.jpg,Còn hàng
Laptop,Lenovo,Lenovo Gaming LOQ Essential 15IAX9E i5 12450HX (83LK0079VN),23390000,/images/products/lenovo_lenovo-gaming-loq-essential-15iax9e-i5-12450hx-83lk0079vn.jpg,Còn hàng
Laptop,MacBook,MacBook Air 15 inch M5 16GB/512GB 35W,41490000,/images/products/macbook_macbook-air-15-inch-m5-16gb512gb-35w.jpg,Còn hàng
Laptop,HP,HP 240R G10 Core 5 120U (C3RU7AT),19790000,/images/products/hp_hp-240r-g10-core-5-120u-c3ru7at.jpg,Còn hàng
Laptop,Acer,Acer Aspire Lite 15 AL15 72P 581V i5 13500H (NX.D4CSV.001),18490000,/images/products/acer_acer-aspire-lite-15-al15-72p-581v-i5-13500h-nxd4csv001.jpg,Còn hàng
Laptop,MSI,MSI Modern 15 F1MG-1264VN Core 5 120U,18690000,/images/products/msi_msi-modern-15-f1mg-1264vn-core-5-120u.jpg,Còn hàng
Laptop,Asus,Asus Vivobook Go 15 E1504FA R5 40 (BQ374W),18090000,/images/products/asus_asus-vivobook-go-15-e1504fa-r5-40-bq374w.jpg,Còn hàng
Laptop,Lenovo,Lenovo Ideapad Slim 3 16IRH10 i5 13420H (83K20003VN),19490000,/images/products/lenovo_lenovo-ideapad-slim-3-16irh10-i5-13420h-83k20003vn.jpg,Còn hàng
Laptop,HP,HP 15 fc0655AU R5 7430U (C81NGPA),18990000,/images/products/hp_hp-15-fc0655au-r5-7430u-c81ngpa.jpg,Còn hàng
Laptop,Asus,Asus Vivobook 15 X1504VA Core 7 150U (BQ295W),22190000,/images/products/asus_asus-vivobook-15-x1504va-core-7-150u-bq295w.jpg,Còn hàng
Laptop,Dell,Dell 14 DC14250 Core 5 120U (DC4C5386W),28990000,/images/products/dell_dell-14-dc14250-core-5-120u-dc4c5386w.jpg,Còn hàng
Laptop,HP,HP 245 G10 R5 7530U (B8PF9AT),17490000,/images/products/hp_hp-245-g10-r5-7530u-b8pf9at.jpg,Còn hàng
Laptop,Dell,Dell 15 DC15250 i5 1334U (CPH99),20990000,/images/products/dell_dell-15-dc15250-i5-1334u-cph99.jpg,Còn hàng
Laptop,Asus,Asus TUF Gaming FA506NCQ R7 170 (HN005W),25990000,/images/products/asus_asus-tuf-gaming-fa506ncq-r7-170-hn005w.jpg,Còn hàng
Laptop,Acer,Acer Aspire Lite 15 AL15-49P-R6XX R5 7430U (NX.DRZSV.002),17690000,/images/products/acer_acer-aspire-lite-15-al15-49p-r6xx-r5-7430u-nxdrzsv002.jpg,Còn hàng
Laptop,Acer,Acer Gaming Aspire 7 A715-59G-59RD Core 5 210H (NH.DXUSV.001),25990000,/images/products/acer_acer-gaming-aspire-7-a715-59g-59rd-core-5-210h-nhdxusv001.jpg,Còn hàng
Laptop,Acer,Acer Aspire Lite 15 AL15-33P-38BA Core 3 N355 (NX.D2KSV.001),14490000,/images/products/acer_acer-aspire-lite-15-al15-33p-38ba-core-3-n355-nxd2ksv001.jpg,Còn hàng
Laptop,Asus,Asus Vivobook 15 X1504VA i3 1315U (BQ3394W),15690000,/images/products/asus_asus-vivobook-15-x1504va-i3-1315u-bq3394w.jpg,Còn hàng
Laptop,HP,HP 240R G9 i3 1315U (AX3C6AT),14490000,/images/products/hp_hp-240r-g9-i3-1315u-ax3c6at.jpg,Còn hàng
Laptop,HP,HP 15 fd0015TU i7 1355U (A19C5PA),21190000,/images/products/hp_hp-15-fd0015tu-i7-1355u-a19c5pa.jpg,Còn hàng
Laptop,Lenovo,Lenovo Gaming LOQ 15IRX9 i5 13450HX (83DV003CVN),26990000,/images/products/lenovo_lenovo-gaming-loq-15irx9-i5-13450hx-83dv003cvn.jpg,Còn hàng
Laptop,Dell,Dell 15 DC15255 R7 7730U (X9YM41),21990000,/images/products/dell_dell-15-dc15255-r7-7730u-x9ym41.jpg,Còn hàng
Laptop,Dell,Dell 15 DC15250 i5 1334U (71092479),21990000,/images/products/dell_dell-15-dc15250-i5-1334u-71092479.jpg,Còn hàng
Laptop,Asus,Asus Vivobook 14 X1407CA Ultra 5 225H (LY008W),21990000,/images/products/asus_asus-vivobook-14-x1407ca-ultra-5-225h-ly008w.jpg,Còn hàng
Laptop,Acer,Acer Gaming Nitro ProPanel ANV15 41 R9M1 R5 7535HS (NH.QPFSV.004),24990000,/images/products/acer_acer-gaming-nitro-propanel-anv15-41-r9m1-r5-7535hs-nhqpfsv004.jpg,Còn hàng
Laptop,Acer,Acer Aspire Lite 15 AL15-21P-R91W R5 40 (NX.DNRSV.002),19590000,/images/products/acer_acer-aspire-lite-15-al15-21p-r91w-r5-40-nxdnrsv002.jpg,Còn hàng
Laptop,MacBook,MacBook Pro 16 inch M5 Pro 48GB/1TB,97990000,/images/products/macbook_macbook-pro-16-inch-m5-pro-48gb1tb.jpg,Còn hàng
Laptop,Acer,Acer Aspire Go 15 AG15-52P-52WT Ultra 5 115U (NX.JWKSV.001),21690000,/images/products/acer_acer-aspire-go-15-ag15-52p-52wt-ultra-5-115u-nxjwksv001.jpg,Còn hàng
Laptop,HP,HP Pavilion 16 af0055TU Ultra 5 125U (AY8C4PA),21990000,/images/products/hp_hp-pavilion-16-af0055tu-ultra-5-125u-ay8c4pa.jpg,Còn hàng
Laptop,Acer,Acer Aspire Lite AL14 52M 54CJ i5 1334U (NX.J39SV.002),15290000,/images/products/acer_acer-aspire-lite-al14-52m-54cj-i5-1334u-nxj39sv002.jpg,Còn hàng
Laptop,Asus,Asus Vivobook S16 S3607VA Core 5 210H (RP155WS),20690000,/images/products/asus_asus-vivobook-s16-s3607va-core-5-210h-rp155ws.jpg,Còn hàng
Laptop,Lenovo,Lenovo IdeaPad Slim 5 OLED 14AKP10 R7 AI 350 (83HX0066VN),28490000,/images/products/lenovo_lenovo-ideapad-slim-5-oled-14akp10-r7-ai-350-83hx0066vn.jpg,Còn hàng
Laptop,HP,HP 240 G10 i3 1315U (B73TJAT),14490000,/images/products/hp_hp-240-g10-i3-1315u-b73tjat.jpg,Còn hàng
Laptop,Dell,Dell Pro 14 Essential PV14250 Core 5 120U (PV14250-120U-16512W-BL),27990000,/images/products/dell_dell-pro-14-essential-pv14250-core-5-120u-pv14250-120u-16512w-bl.jpg,Còn hàng
Laptop,Asus,Asus Vivobook Go 15 E1504FA R5 40 (BQ350W),19790000,/images/products/asus_asus-vivobook-go-15-e1504fa-r5-40-bq350w.jpg,Còn hàng
Laptop,Lenovo,Lenovo IdeaPad Slim 5 OLED 14AKP10 R5 AI 340 (83HX0065VN),29990000,/images/products/lenovo_lenovo-ideapad-slim-5-oled-14akp10-r5-ai-340-83hx0065vn.jpg,Còn hàng
Laptop,Acer,Acer Aspire Go 15 AG15-72P-500W Core 5 120U (NX.JRRSV.007),19490000,/images/products/acer_acer-aspire-go-15-ag15-72p-500w-core-5-120u-nxjrrsv007.jpg,Còn hàng
Laptop,Dell,Dell 15 DC15250 i5 1334U (71071928),20990000,/images/products/dell_dell-15-dc15250-i5-1334u-71071928.jpg,Còn hàng
Laptop,Acer,Acer Gaming Nitro V 15 ProPanel ANV15 41 R0FE R7 7735HS (NH.QPFSV.005),26990000,/images/products/acer_acer-gaming-nitro-v-15-propanel-anv15-41-r0fe-r7-7735hs-nhqpfsv005.jpg,Còn hàng
Laptop,Acer,Acer Gaming Nitro ProPanel ANV15 52 59AA i5 13420H (NH.QZ9SV.002),33990000,/images/products/acer_acer-gaming-nitro-propanel-anv15-52-59aa-i5-13420h-nhqz9sv002.jpg,Còn hàng
Laptop,Acer,Acer Gaming Predator Helios Neo 16 AI PHN16 73 757W Ultra 7 255HX (NH.QVQSV.001),60990000,/images/products/acer_acer-gaming-predator-helios-neo-16-ai-phn16-73-757w-ultra-7-255hx-nhqvqsv001.jpg,Còn hàng
Laptop,Asus,Asus Vivobook 14 X1404VA Core 5 120U (EB155WS),18590000,/images/products/asus_asus-vivobook-14-x1404va-core-5-120u-eb155ws.jpg,Còn hàng
Laptop,HP,HP 15 fd1486TU Ultra 5 125H (D0BH3PA),22490000,/images/products/hp_hp-15-fd1486tu-ultra-5-125h-d0bh3pa.jpg,Còn hàng
Laptop,Acer,Acer Gaming Nitro V 15 ANV15 41 R2UP R5 6600H (NH.QPGSV.004),19890000,/images/products/acer_acer-gaming-nitro-v-15-anv15-41-r2up-r5-6600h-nhqpgsv004.jpg,Còn hàng
Laptop,Lenovo,Lenovo IdeaPad Slim 3 15IRH10 i7 13620H (83K1000FVN),23390000,/images/products/lenovo_lenovo-ideapad-slim-3-15irh10-i7-13620h-83k1000fvn.jpg,Còn hàng
Laptop,HP,HP 15 fd0234TU Core 5 120U (9Q969PA-120U),19690000,/images/products/hp_hp-15-fd0234tu-core-5-120u-9q969pa-120u.jpg,Còn hàng
Laptop,Dell,Dell 15 DC15250 i5 1334U (71084746),20990000,/images/products/dell_dell-15-dc15250-i5-1334u-71084746.jpg,Còn hàng
Laptop,Acer,Acer Aspire Lite 15 AL15-46P-R73C R3 5400U (NX.JXMSV.001),14490000,/images/products/acer_acer-aspire-lite-15-al15-46p-r73c-r3-5400u-nxjxmsv001.jpg,Còn hàng
Laptop,Dell,Dell Inspiron 15 3530 i5 1334U (N5I5530W1),19990000,/images/products/dell_dell-inspiron-15-3530-i5-1334u-n5i5530w1.jpg,Còn hàng
Laptop,Acer,Acer Gaming Nitro ProPanel AN16S 61 R193 R9 AI 365 (NH.QXTSV.001),59990000,/images/products/acer_acer-gaming-nitro-propanel-an16s-61-r193-r9-ai-365-nhqxtsv001.jpg,Còn hàng
Laptop,Acer,Acer Aspire Lite 15 AL15 42P R86Y R7 7730U (NX.D3QSV.003),17490000,/images/products/acer_acer-aspire-lite-15-al15-42p-r86y-r7-7730u-nxd3qsv003.jpg,Còn hàng
Laptop,Asus,Asus Vivobook S14 S3407CA Ultra 5 225H (LY095WS),23790000,/images/products/asus_asus-vivobook-s14-s3407ca-ultra-5-225h-ly095ws.jpg,Còn hàng
Laptop,Asus,Asus Gaming Vivobook 16X K3605VC i5 13420H (RP364W),20990000,/images/products/asus_asus-gaming-vivobook-16x-k3605vc-i5-13420h-rp364w.jpg,Còn hàng
Laptop,Dell,Dell 15 DC15250 i7 1355U (71084747),23990000,/images/products/dell_dell-15-dc15250-i7-1355u-71084747.jpg,Còn hàng
Laptop,HP,HP OmniBook 5 Flip 14 fp0057TU Core 5 120U (BZ7Q6PA),25490000,/images/products/hp_hp-omnibook-5-flip-14-fp0057tu-core-5-120u-bz7q6pa.jpg,Còn hàng
Laptop,Lenovo,Lenovo Gaming LOQ 15IRX9 i5 13450HX (83DV01ANVN),28990000,/images/products/lenovo_lenovo-gaming-loq-15irx9-i5-13450hx-83dv01anvn.jpg,Còn hàng
Laptop,Acer,Acer Aspire Lite 16 G2 AL16 52P 76DU i7 1355U (NX.J2SSV.005),19290000,/images/products/acer_acer-aspire-lite-16-g2-al16-52p-76du-i7-1355u-nxj2ssv005.jpg,Còn hàng
Laptop,Asus,Asus VivoBook Go 14 E1404FA R5 40 (EB945W),19690000,/images/products/asus_asus-vivobook-go-14-e1404fa-r5-40-eb945w.jpg,Còn hàng
Laptop,HP,HP Gaming VICTUS 15 fb3116AX R7 7445HS (BX8U4PA),25490000,/images/products/hp_hp-gaming-victus-15-fb3116ax-r7-7445hs-bx8u4pa.jpg,Còn hàng
Laptop,Dell,Dell Inspiron 15 3530 i5 1334U (71070372),19990000,/images/products/dell_dell-inspiron-15-3530-i5-1334u-71070372.jpg,Còn hàng
Laptop,MSI,MSI Gaming Cyborg 15 A13VEK i7 13620H (1423VN),29990000,/images/products/msi_msi-gaming-cyborg-15-a13vek-i7-13620h-1423vn.jpg,Còn hàng
Laptop,MSI,MSI Modern 14 F1MG Core 5 120U (432VN),20890000,/images/products/msi_msi-modern-14-f1mg-core-5-120u-432vn.jpg,Còn hàng
Laptop,Acer,Acer Aspire Lite 14 AL14-44P-R0SP R7 7730U (NX.DMCSV.003),20990000,/images/products/acer_acer-aspire-lite-14-al14-44p-r0sp-r7-7730u-nxdmcsv003.jpg,Còn hàng
Laptop,Asus,Asus TUF Gaming F16 FX607VJ Core 5 210H (RL034W),23490000,/images/products/asus_asus-tuf-gaming-f16-fx607vj-core-5-210h-rl034w.jpg,Còn hàng
Laptop,Asus,Asus VivoBook 16 X1607CA Ultra 5 225H (MB980W),22090000,/images/products/asus_asus-vivobook-16-x1607ca-ultra-5-225h-mb980w.jpg,Còn hàng
Laptop,Acer,Acer Aspire Lite 16 AI AL16 71P 5674 Ultra 5 125H (NX.D4XSV.001),18990000,/images/products/acer_acer-aspire-lite-16-ai-al16-71p-5674-ultra-5-125h-nxd4xsv001.jpg,Còn hàng
Laptop,Dell,Dell 15 DC15250 i7 1355U (CPH991),25990000,/images/products/dell_dell-15-dc15250-i7-1355u-cph991.jpg,Còn hàng
Laptop,HP,HP Pavilion X360 14 ek2017TU Core 5 120U (9Z2V5PA),23890000,/images/products/hp_hp-pavilion-x360-14-ek2017tu-core-5-120u-9z2v5pa.jpg,Còn hàng
Laptop,Acer,Acer Gaming Aspire 7 A715 76G 5806 i5 12450H (NH.QMFSV.002),21790000,/images/products/acer_acer-gaming-aspire-7-a715-76g-5806-i5-12450h-nhqmfsv002.jpg,Còn hàng
Laptop,Lenovo,Lenovo IdeaPad Slim 5 OLED 15ARP10 R7 7735HS (83J3001DVN),30990000,/images/products/lenovo_lenovo-ideapad-slim-5-oled-15arp10-r7-7735hs-83j3001dvn.jpg,Còn hàng
Laptop,HP,HP 240 G10 i5 1334U (B93GZAT),18990000,/images/products/hp_hp-240-g10-i5-1334u-b93gzat.jpg,Còn hàng
Laptop,Dell,Dell 15 DC15250 i7 1355U (DC15250-i7U161W11SLU),25990000,/images/products/dell_dell-15-dc15250-i7-1355u-dc15250-i7u161w11slu.jpg,Còn hàng
Laptop,MSI,MSI Gaming Cyborg 15 A13UC i5 13420H (2088VN),25990000,/images/products/msi_msi-gaming-cyborg-15-a13uc-i5-13420h-2088vn.jpg,Còn hàng
Laptop,Lenovo,Lenovo Ideapad Slim 5 OLED 14AKP10 R5 330 (83HX00B2VN),29990000,/images/products/lenovo_lenovo-ideapad-slim-5-oled-14akp10-r5-330-83hx00b2vn.jpg,Còn hàng
Laptop,Dell,Dell 15 DC15250 i7 1355U (DC15250-i7U161W11SLU-5),25990000,/images/products/dell_dell-15-dc15250-i7-1355u-dc15250-i7u161w11slu-5.jpg,Còn hàng
Laptop,Dell,Dell 15 DC15250 i5 1334U (DC5I5357W1),20990000,/images/products/dell_dell-15-dc15250-i5-1334u-dc5i5357w1.jpg,Còn hàng
Laptop,HP,HP 15 fd0235TU Core 5 120U (9Q970PA_120U),19690000,/images/products/hp_hp-15-fd0235tu-core-5-120u-9q970pa_120u.jpg,Còn hàng
Laptop,Lenovo,Lenovo IdeaPad Slim 5 OLED 15ARP10 R7 7735HS (83J3002SVN),29990000,/images/products/lenovo_lenovo-ideapad-slim-5-oled-15arp10-r7-7735hs-83j3002svn.jpg,Còn hàng
Laptop,MSI,MSI Gaming Katana 15 B13UDXK i7 13620H (2077VN),24390000,/images/products/msi_msi-gaming-katana-15-b13udxk-i7-13620h-2077vn.jpg,Còn hàng
Laptop,HP,HP 14 ep1137TU Ultra 7 155H (C2CY8PA),23890000,/images/products/hp_hp-14-ep1137tu-ultra-7-155h-c2cy8pa.jpg,Còn hàng
Laptop,Acer,Acer Gaming Nitro ProPanel ANV15 41 R7CR R5 7535HS (NH.QPESV.003),27490000,/images/products/acer_acer-gaming-nitro-propanel-anv15-41-r7cr-r5-7535hs-nhqpesv003.jpg,Còn hàng
Laptop,Asus,Asus Vivobook 14 X1404VA Core 5 120U (EB155W),17990000,/images/products/asus_asus-vivobook-14-x1404va-core-5-120u-eb155w.jpg,Còn hàng
Laptop,Dell,Dell 15 DC15250 i7 1355U (DC5I7952W1),23990000,/images/products/dell_dell-15-dc15250-i7-1355u-dc5i7952w1.jpg,Còn hàng
Laptop,Dell,Dell 15 DC15255 R5 7530U (DC5R5802W1),19990000,/images/products/dell_dell-15-dc15255-r5-7530u-dc5r5802w1.jpg,Còn hàng
Laptop,Asus,Asus Vivobook 15 X1504VA Core 3 100U (BQ793W),15790000,/images/products/asus_asus-vivobook-15-x1504va-core-3-100u-bq793w.jpg,Còn hàng
Laptop,Acer,Acer Gaming Nitro V ANV15 51 55CA i5 13420H (NH.QN8SV.004),26390000,/images/products/acer_acer-gaming-nitro-v-anv15-51-55ca-i5-13420h-nhqn8sv004.jpg,Còn hàng
Laptop,HP,HP 15 fd1288TU Ultra 7 155H (C2CV7PA),23990000,/images/products/hp_hp-15-fd1288tu-ultra-7-155h-c2cv7pa.jpg,Còn hàng
Laptop,Acer,Acer Aspire Go 14 AG14-72P-54DF Core 5 120U (NX.JSBSV.009),19490000,/images/products/acer_acer-aspire-go-14-ag14-72p-54df-core-5-120u-nxjsbsv009.jpg,Còn hàng
Laptop,Dell,Dell 15 DC15250 i7 1355U (71092480),23990000,/images/products/dell_dell-15-dc15250-i7-1355u-71092480.jpg,Còn hàng
Laptop,HP,HP Pavilion 16 af0054TU Ultra 5 125U (AY8C3PA),23390000,/images/products/hp_hp-pavilion-16-af0054tu-ultra-5-125u-ay8c3pa.jpg,Còn hàng
Laptop,GIGABYTE,GIGABYTE Gaming A16 GA6H i7 13620H (GAMING-A16-CMHI2VN893SH),29290000,/images/products/gigabyte_gigabyte-gaming-a16-ga6h-i7-13620h-gaming-a16-cmhi2vn893sh.jpg,Còn hàng
Laptop,Acer,Acer Aspire 5 A515 58M 79R7 i7 13620H (NX.KQ8SV.007),20690000,/images/products/acer_acer-aspire-5-a515-58m-79r7-i7-13620h-nxkq8sv007.jpg,Còn hàng
Laptop,Lenovo,Lenovo V15 G5 IRL i5 13420H (83HF00BYVN),24590000,/images/products/lenovo_lenovo-v15-g5-irl-i5-13420h-83hf00byvn.jpg,Còn hàng
Laptop,Lenovo,Lenovo V14 G5 i5 13420H (83HD005JVN),24890000,/images/products/lenovo_lenovo-v14-g5-i5-13420h-83hd005jvn.jpg,Còn hàng
Laptop,Dell,Dell 15 DC15250 i5 1334U (DC15250-i5U165W11SLU-27),21990000,/images/products/dell_dell-15-dc15250-i5-1334u-dc15250-i5u165w11slu-27.jpg,Còn hàng
Laptop,HP,HP Gaming VICTUS 15 fa2731TX i5 13420H (B85LNPA),24990000,/images/products/hp_hp-gaming-victus-15-fa2731tx-i5-13420h-b85lnpa.jpg,Còn hàng
Laptop,Asus,Asus Vivobook 15 X1502VA i7 13620H (BQ986WS),20790000,/images/products/asus_asus-vivobook-15-x1502va-i7-13620h-bq986ws.jpg,Còn hàng
Laptop,HP,HP Probook 455 G10 R5 7530U (B8PG7AT),19490000,/images/products/hp_hp-probook-455-g10-r5-7530u-b8pg7at.jpg,Còn hàng
Laptop,Lenovo,Lenovo Yoga Slim 7 OLED 14IMH9 Ultra 7 155H (83CV00DKVN),33290000,/images/products/lenovo_lenovo-yoga-slim-7-oled-14imh9-ultra-7-155h-83cv00dkvn.jpg,Còn hàng
Laptop,Dell,Dell Inspiron 15 3530 i5 1334U (P16WD22),19990000,/images/products/dell_dell-inspiron-15-3530-i5-1334u-p16wd22.jpg,Còn hàng
Laptop,Acer,Acer Nitro ProPanel ANV15-41-R0Y4 R7 7735HS (NH.QPESV.004),29990000,/images/products/acer_acer-nitro-propanel-anv15-41-r0y4-r7-7735hs-nhqpesv004.jpg,Còn hàng
Laptop,Acer,Acer Gaming Nitro V 15 ANV15 41 R1JY R5 6600H (NH.QPFSV.001),22890000,/images/products/acer_acer-gaming-nitro-v-15-anv15-41-r1jy-r5-6600h-nhqpfsv001.jpg,Còn hàng
Laptop,HP,HP 15 fc0085AU R5 7430U (A6VV8PA),18990000,/images/products/hp_hp-15-fc0085au-r5-7430u-a6vv8pa.jpg,Còn hàng
Laptop,HP,HP Pavilion 15 eg3091TU i7 1355U (8C5L2PA),24290000,/images/products/hp_hp-pavilion-15-eg3091tu-i7-1355u-8c5l2pa.jpg,Còn hàng
Laptop,Asus,Asus Gaming V16 V3607VU Core 5 210H (RP192W),25890000,/images/products/asus_asus-gaming-v16-v3607vu-core-5-210h-rp192w.jpg,Còn hàng
Laptop,Dell,Dell 15 DC15250 i5 1334U (DC15250-i5U165W11SLU),20990000,/images/products/dell_dell-15-dc15250-i5-1334u-dc15250-i5u165w11slu.jpg,Còn hàng
Laptop,Dell,Dell Latitude 3450 i5 1335U (L3450-1335U-16512WN),21990000,/images/products/dell_dell-latitude-3450-i5-1335u-l3450-1335u-16512wn.jpg,Còn hàng
Laptop,MSI,MSI Venture A15 AI A2HMG R7 260 (003VN),21390000,/images/products/msi_msi-venture-a15-ai-a2hmg-r7-260-003vn.jpg,Còn hàng
Laptop,Acer,Acer Gaming Nitro V ANV15 51 57B2 i5 13420H (NH.QN8SV.001),25900000,/images/products/acer_acer-gaming-nitro-v-anv15-51-57b2-i5-13420h-nhqn8sv001.jpg,Còn hàng
Laptop,Dell,Dell 15 DC15250 i5 1334U (CPH992),21990000,/images/products/dell_dell-15-dc15250-i5-1334u-cph992.jpg,Còn hàng
Laptop,Asus,Asus TUF Gaming F16 FX607VJB Core 5 210H (RL151W),23890000,/images/products/asus_asus-tuf-gaming-f16-fx607vjb-core-5-210h-rl151w.jpg,Còn hàng
Laptop,HP,HP Pavilion 15 eg3093TU i5 1335U (8C5L4PA),19990000,/images/products/hp_hp-pavilion-15-eg3093tu-i5-1335u-8c5l4pa.jpg,Còn hàng
Laptop,HP,HP 245 G10 R5 7530U (A20TDPT),17490000,/images/products/hp_hp-245-g10-r5-7530u-a20tdpt.jpg,Còn hàng
Laptop,Acer,Acer Gaming Aspire 7 A715 59G 73LB i7 12650H (NH.QX6SV.002),24990000,/images/products/acer_acer-gaming-aspire-7-a715-59g-73lb-i7-12650h-nhqx6sv002.jpg,Còn hàng
Laptop,Asus,Asus Zenbook 14 UX3405CA Ultra 9 285H (PZ204WS),38390000,/images/products/asus_asus-zenbook-14-ux3405ca-ultra-9-285h-pz204ws.jpg,Còn hàng
Laptop,Lenovo,Lenovo ThinkBook 14 Core 7 240H (21SG007VVN),33590000,/images/products/lenovo_lenovo-thinkbook-14-core-7-240h-21sg007vvn.jpg,Còn hàng
Laptop,GIGABYTE,GIGABYTE Gaming A16 GA6H i5 13420H (GAMING-A16-CMHH2VN893SH),25790000,/images/products/gigabyte_gigabyte-gaming-a16-ga6h-i5-13420h-gaming-a16-cmhh2vn893sh.jpg,Còn hàng
Laptop,Dell,Dell Gaming Alienware 16 Aurora AC16250 Core 5 210H (71072939),34990000,/images/products/dell_dell-gaming-alienware-16-aurora-ac16250-core-5-210h-71072939.jpg,Còn hàng
Laptop,HP,HP OmniBook 7 Aero 13 bg1087AU R5 AI 340 (BZ7S1PA),27990000,/images/products/hp_hp-omnibook-7-aero-13-bg1087au-r5-ai-340-bz7s1pa.jpg,Còn hàng
Laptop,MSI,MSI Gaming Katana 15 HX B14WFK i7 14650HX (025VN),44590000,/images/products/msi_msi-gaming-katana-15-hx-b14wfk-i7-14650hx-025vn.jpg,Còn hàng
Laptop,HP,HP 15 fd1487TU Ultra 5 125H (D0BH4PA),22490000,/images/products/hp_hp-15-fd1487tu-ultra-5-125h-d0bh4pa.jpg,Còn hàng
Laptop,Asus,Asus ZenBook 14 UX3405CA Ultra 5 225H (ST628W),29590000,/images/products/asus_asus-zenbook-14-ux3405ca-ultra-5-225h-st628w.jpg,Còn hàng
Laptop,HP,HP OmniBook 5 AI 16 af1048TU Ultra 5 225U (BZ7Q9PA),25990000,/images/products/hp_hp-omnibook-5-ai-16-af1048tu-ultra-5-225u-bz7q9pa.jpg,Còn hàng
Laptop,Acer,Acer Gaming Aspire 5 A515 58GM 598J i5 13420H (NX.KW1SV.002),20290000,/images/products/acer_acer-gaming-aspire-5-a515-58gm-598j-i5-13420h-nxkw1sv002.jpg,Còn hàng
Laptop,Dell,Dell 15 DC15250 i7 1355U (71073959),23990000,/images/products/dell_dell-15-dc15250-i7-1355u-71073959.jpg,Còn hàng
Laptop,Dell,Dell Inspiron 14 5440 i5 1334U (NDY5V1),21490000,/images/products/dell_dell-inspiron-14-5440-i5-1334u-ndy5v1.jpg,Còn hàng
Laptop,Acer,Acer Aspire 16 AI A16 71M 59L5 Ultra 5 125H (NX.J4YSV.001),18990000,/images/products/acer_acer-aspire-16-ai-a16-71m-59l5-ultra-5-125h-nxj4ysv001.jpg,Còn hàng
Laptop,Lenovo,Lenovo Gaming LOQ 15ARP9 R5 7235HS (83JC00LVVN),24990000,/images/products/lenovo_lenovo-gaming-loq-15arp9-r5-7235hs-83jc00lvvn.jpg,Còn hàng
Laptop,Asus,Asus TUF Gaming FX607VU Core 5 210H (RL045W),27890000,/images/products/asus_asus-tuf-gaming-fx607vu-core-5-210h-rl045w.jpg,Còn hàng
Laptop,HP,HP 240R G9 Core 5 120U (C40M2AT),18990000,/images/products/hp_hp-240r-g9-core-5-120u-c40m2at.jpg,Còn hàng
Laptop,MSI,MSI Venture A14 AI+ A3HMG R5 AI 340 (004VN),24990000,/images/products/msi_msi-venture-a14-ai-a3hmg-r5-ai-340-004vn.jpg,Còn hàng
Laptop,MSI,MSI Gaming Katana 15 HX B14WEK i5 14450HX (286VN),39990000,/images/products/msi_msi-gaming-katana-15-hx-b14wek-i5-14450hx-286vn.jpg,Còn hàng
Laptop,Asus,Asus Vivobook 14 X1404VA Core 5 120U (EB260W),19490000,/images/products/asus_asus-vivobook-14-x1404va-core-5-120u-eb260w.jpg,Còn hàng
Laptop,MacBook,MacBook Pro 14 inch M5 24GB/1TB,59990000,/images/products/macbook_macbook-pro-14-inch-m5-24gb1tb.jpg,Còn hàng
Laptop,Lenovo,Lenovo Ideapad Slim 3 OLED 14IRH10 i5 13420H (83K0000BVN),20890000,/images/products/lenovo_lenovo-ideapad-slim-3-oled-14irh10-i5-13420h-83k0000bvn.jpg,Còn hàng
Laptop,MSI,MSI Gaming Katana 15 B13VEK i7 13620H (2256VN),25390000,/images/products/msi_msi-gaming-katana-15-b13vek-i7-13620h-2256vn.jpg,Còn hàng
Laptop,Lenovo,Lenovo IdeaPad Slim 3 15IRH10 i5 13420H (83K1000GVN),19490000,/images/products/lenovo_lenovo-ideapad-slim-3-15irh10-i5-13420h-83k1000gvn.jpg,Còn hàng
Laptop,HP,HP OmniBook X Flip 14 fm0076TU Ultra 7 258V (BZ7P6PA),37490000,/images/products/hp_hp-omnibook-x-flip-14-fm0076tu-ultra-7-258v-bz7p6pa.jpg,Còn hàng
Laptop,Asus,Asus Zenbook 14 UX3405CA Ultra 9 285H (ST648W),38590000,/images/products/asus_asus-zenbook-14-ux3405ca-ultra-9-285h-st648w.jpg,Còn hàng
Laptop,Lenovo,Lenovo Gaming LOQ 15IRX9 i7 13650HX (83DV01ALVN),36990000,/images/products/lenovo_lenovo-gaming-loq-15irx9-i7-13650hx-83dv01alvn.jpg,Còn hàng
Laptop,MSI,MSI Gaming Cyborg 15 B13WFKG i7 13620H (658VN),39090000,/images/products/msi_msi-gaming-cyborg-15-b13wfkg-i7-13620h-658vn.jpg,Còn hàng
Laptop,Asus,Asus Vivobook 15 X1504VA Core 5 120U (BQ285W),19590000,/images/products/asus_asus-vivobook-15-x1504va-core-5-120u-bq285w.jpg,Còn hàng
Laptop,Lenovo,Lenovo Gaming LOQ 15ARP10 R7 170 (83S000CNVN),27990000,/images/products/lenovo_lenovo-gaming-loq-15arp10-r7-170-83s000cnvn.jpg,Còn hàng
Laptop,Asus,Asus Zenbook 14 UX3405CA Ultra 5 225H (PZ187WS),30890000,/images/products/asus_asus-zenbook-14-ux3405ca-ultra-5-225h-pz187ws.jpg,Còn hàng
Laptop,Acer,Acer Nitro Lite NL16-71G-71FN i7 13620H (NH.D5ASV.003),29990000,/images/products/acer_acer-nitro-lite-nl16-71g-71fn-i7-13620h-nhd5asv003.jpg,Còn hàng
Laptop,Acer,Acer Gaming Nitro ProPanel ANV15 52 72BM i7 13620H (NH.QZ9SV.004),35990000,/images/products/acer_acer-gaming-nitro-propanel-anv15-52-72bm-i7-13620h-nhqz9sv004.jpg,Còn hàng
Laptop,MSI,MSI Gaming Cyborg 15 Black Edition A13VE i5 13420H (A13VE-2410VN),29990000,/images/products/msi_msi-gaming-cyborg-15-black-edition-a13ve-i5-13420h-a13ve-2410vn.jpg,Còn hàng
Laptop,GIGABYTE,GIGABYTE Gaming A16 GA6H i5 13420H (GAMING-A16-CTHH3VN893SH),32290000,/images/products/gigabyte_gigabyte-gaming-a16-ga6h-i5-13420h-gaming-a16-cthh3vn893sh.jpg,Còn hàng
Laptop,Acer,Acer Aspire Go 15 AG15-72P-76A2 Core 7 150U (NX.JRRSV.008),21990000,/images/products/acer_acer-aspire-go-15-ag15-72p-76a2-core-7-150u-nxjrrsv008.jpg,Còn hàng
Laptop,Acer,Acer Gaming Nitro ProPanel ANV16-72-71T9 Core 7 240H (NH.QUNSV.001),43990000,/images/products/acer_acer-gaming-nitro-propanel-anv16-72-71t9-core-7-240h-nhqunsv001.jpg,Còn hàng
Laptop,Dell,Dell Inspiron 14 5440 Core 7 150U (N4I7204W1),23990000,/images/products/dell_dell-inspiron-14-5440-core-7-150u-n4i7204w1.jpg,Còn hàng
Laptop,Dell,Dell Inspiron 15 3530 i7 1355U (N3530-i7U161W11SLU),24990000,/images/products/dell_dell-inspiron-15-3530-i7-1355u-n3530-i7u161w11slu.jpg,Còn hàng
Laptop,Acer,Acer Swift Lite 14 AI SFL14 51M 56HS Ultra 5 125U (NX.J1HSV.002),19690000,/images/products/acer_acer-swift-lite-14-ai-sfl14-51m-56hs-ultra-5-125u-nxj1hsv002.jpg,Còn hàng
Laptop,MSI,MSI Gaming Katana 15 HX B14WFK i7 14650HX (267VN),49990000,/images/products/msi_msi-gaming-katana-15-hx-b14wfk-i7-14650hx-267vn.jpg,Còn hàng
Laptop,Asus,Asus Gaming V16 V3607VH Core 5 210H (RP084W),27390000,/images/products/asus_asus-gaming-v16-v3607vh-core-5-210h-rp084w.jpg,Còn hàng
Laptop,MSI,MSI Gaming Katana 15 HX B14WEK i7 14650HX (027VN),46990000,/images/products/msi_msi-gaming-katana-15-hx-b14wek-i7-14650hx-027vn.jpg,Còn hàng
Laptop,Lenovo,Lenovo Gaming LOQ 15ARP9 R5 7235HS (83JC00M3VN),26490000,/images/products/lenovo_lenovo-gaming-loq-15arp9-r5-7235hs-83jc00m3vn.jpg,Còn hàng
Laptop,Asus,Asus Gaming V16 V3607VJ Core 5 210H (RP071W),23990000,/images/products/asus_asus-gaming-v16-v3607vj-core-5-210h-rp071w.jpg,Còn hàng
Laptop,HP,HP OmniBook X Flip 14 fm0088TU Ultra 5 226V (BZ7Q2PA),31390000,/images/products/hp_hp-omnibook-x-flip-14-fm0088tu-ultra-5-226v-bz7q2pa.jpg,Còn hàng
Laptop,Asus,Asus TUF Gaming F16 FX608JHR i7 14650HX (RV037W),36890000,/images/products/asus_asus-tuf-gaming-f16-fx608jhr-i7-14650hx-rv037w.jpg,Còn hàng
Laptop,HP,HP OmniBook X Flip 14 fk0092AU R5 AI 340 (BZ7P5PA),31290000,/images/products/hp_hp-omnibook-x-flip-14-fk0092au-r5-ai-340-bz7p5pa.jpg,Còn hàng
Laptop,Dell,Dell 15 DC15250 i7 1355U (CPH997),25990000,/images/products/dell_dell-15-dc15250-i7-1355u-cph997.jpg,Còn hàng
Laptop,GIGABYTE,GIGABYTE Gaming A16 GA6H i7 13620H (GAMING-A16-CTHI3VN893SH),35290000,/images/products/gigabyte_gigabyte-gaming-a16-ga6h-i7-13620h-gaming-a16-cthi3vn893sh.jpg,Còn hàng
Laptop,Acer,Acer Aspire 3 A314 42P R3B3 R7 5700U (NX.KSFSV.001),14290000,/images/products/acer_acer-aspire-3-a314-42p-r3b3-r7-5700u-nxksfsv001.jpg,Còn hàng
Laptop,Acer,Acer Gaming Nitro ProPanel ANV16S 41 R337 R7 260 (NH.QZZSV.002),41990000,/images/products/acer_acer-gaming-nitro-propanel-anv16s-41-r337-r7-260-nhqzzsv002.jpg,Còn hàng
Laptop,MacBook,MacBook Pro 14 inch M5 16GB/1TB,53990000,/images/products/macbook_macbook-pro-14-inch-m5-16gb1tb.jpg,Còn hàng
Laptop,Dell,Dell Latitude 3450 i7 1355U (71058806),24990000,/images/products/dell_dell-latitude-3450-i7-1355u-71058806.jpg,Còn hàng
Laptop,HP,HP OmniBook 5 Flip 14 fp0055TU Core 7 150U (BZ7Q4PA),30790000,/images/products/hp_hp-omnibook-5-flip-14-fp0055tu-core-7-150u-bz7q4pa.jpg,Còn hàng
Laptop,Asus,Asus Vivobook S16 S3607CA Ultra 7 255H (SH083WS),26690000,/images/products/asus_asus-vivobook-s16-s3607ca-ultra-7-255h-sh083ws.jpg,Còn hàng
Laptop,HP,HP OmniBook 5 AI 16 af1046TU Ultra 5 225U (BZ7Q8PA),26490000,/images/products/hp_hp-omnibook-5-ai-16-af1046tu-ultra-5-225u-bz7q8pa.jpg,Còn hàng
Laptop,Dell,Dell Gaming Alienware 16 Aurora AC16250 Core 7 240H (C7H161W11II5050),41990000,/images/products/dell_dell-gaming-alienware-16-aurora-ac16250-core-7-240h-c7h161w11ii5050.jpg,Còn hàng
Laptop,MSI,MSI Gaming Cyborg 15 AI A1VEK Ultra 7 155H (053VN),28990000,/images/products/msi_msi-gaming-cyborg-15-ai-a1vek-ultra-7-155h-053vn.jpg,Còn hàng
Laptop,HP,HP Probook 4 G1i 16 Ultra 7 255U (BQ5E1PT),29990000,/images/products/hp_hp-probook-4-g1i-16-ultra-7-255u-bq5e1pt.jpg,Còn hàng
Laptop,Asus,Asus Vivobook S16 M3607GA R7 AI 445 (SH034W),28090000,/images/products/asus_asus-vivobook-s16-m3607ga-r7-ai-445-sh034w.jpg,Còn hàng
Laptop,Asus,Asus Vivobook S14 S3407CA Ultra 7 255H (LY096WS),27990000,/images/products/asus_asus-vivobook-s14-s3407ca-ultra-7-255h-ly096ws.jpg,Còn hàng
Laptop,HP,HP 15 fd1490TU Ultra 7 155H (D0BH5PA),27990000,/images/products/hp_hp-15-fd1490tu-ultra-7-155h-d0bh5pa.jpg,Còn hàng
Laptop,Dell,Dell 16 DC16250 Core 7 150U (DC16250-C7U161W11BLU),28490000,/images/products/dell_dell-16-dc16250-core-7-150u-dc16250-c7u161w11blu.jpg,Còn hàng
Laptop,Asus,Asus Vivobook 16 A1607CA Ultra 5 225H (MB038WS),20590000,/images/products/asus_asus-vivobook-16-a1607ca-ultra-5-225h-mb038ws.jpg,Còn hàng
Laptop,HP,HP 15 fd2126TU Ultra 5 225U (D72CBPA),22990000,/images/products/hp_hp-15-fd2126tu-ultra-5-225u-d72cbpa.jpg,Còn hàng
Laptop,Acer,Acer Swift Go 14 41 R251 R5 7430U (NX.KG3SV.005),18990000,/images/products/acer_acer-swift-go-14-41-r251-r5-7430u-nxkg3sv005.jpg,Còn hàng
Laptop,Lenovo,Lenovo IdeaPad Slim 3 OLED 14IRH10 i5 13420H (83K0000CVN),21890000,/images/products/lenovo_lenovo-ideapad-slim-3-oled-14irh10-i5-13420h-83k0000cvn.jpg,Còn hàng
Laptop,Acer,Acer Gaming Nitro Lite 16 NL16 71G 71UJ i7 13620H (NH.D59SV.002),27990000,/images/products/acer_acer-gaming-nitro-lite-16-nl16-71g-71uj-i7-13620h-nhd59sv002.jpg,Còn hàng
Laptop,Acer,Acer Aspire Lite 14 AL14 71P 55P9 i5 13500H (NX.D7USV.001),18490000,/images/products/acer_acer-aspire-lite-14-al14-71p-55p9-i5-13500h-nxd7usv001.jpg,Còn hàng
Laptop,GIGABYTE,GIGABYTE Gaming A16 GA6H i7 13620H (GAMING-A16-CVHI3VN893SH),37290000,/images/products/gigabyte_gigabyte-gaming-a16-ga6h-i7-13620h-gaming-a16-cvhi3vn893sh.jpg,Còn hàng
Laptop,Dell,Dell 14 DC14250 Core 7 150U (71083580),27990000,/images/products/dell_dell-14-dc14250-core-7-150u-71083580.jpg,Còn hàng
Laptop,Dell,Dell 15 DC15250 i7 1355U (DC15250-i7U161W11SLU-27),26990000,/images/products/dell_dell-15-dc15250-i7-1355u-dc15250-i7u161w11slu-27.jpg,Còn hàng
Laptop,Dell,Dell 15 DC15250 i5 1334U (DC15250-i5U165W11SLU-5),20990000,/images/products/dell_dell-15-dc15250-i5-1334u-dc15250-i5u165w11slu-5.jpg,Còn hàng
Laptop,Dell,Dell Inspiron 14 5440 Core 5 120U (N4I5211W1),21990000,/images/products/dell_dell-inspiron-14-5440-core-5-120u-n4i5211w1.jpg,Còn hàng
Laptop,Asus,Asus Zenbook S 14 UX5406SA Ultra 7 258V (PV140WS),43990000,/images/products/asus_asus-zenbook-s-14-ux5406sa-ultra-7-258v-pv140ws.jpg,Còn hàng
Laptop,HP,HP 240R G10 Core 5 120U (C3SG9AT),20490000,/images/products/hp_hp-240r-g10-core-5-120u-c3sg9at.jpg,Còn hàng
Laptop,Lenovo,Lenovo Gaming LOQ Essential 15IRX11 i5 13450HX (83SC003SVN),44590000,/images/products/lenovo_lenovo-gaming-loq-essential-15irx11-i5-13450hx-83sc003svn.jpg,Còn hàng
Laptop,MSI,MSI Gaming Sword 16 HX B14VFKG i7 14700HX (045VN),38590000,/images/products/msi_msi-gaming-sword-16-hx-b14vfkg-i7-14700hx-045vn.jpg,Còn hàng
Laptop,HP,HP Pavilion 15 eg3112TU i7 1355U (8U6L9PA),24290000,/images/products/hp_hp-pavilion-15-eg3112tu-i7-1355u-8u6l9pa.jpg,Còn hàng
Laptop,HP,HP OmniBook 5 16 ag1069AU R5 AI 340 (BZ7T1PA),25990000,/images/products/hp_hp-omnibook-5-16-ag1069au-r5-ai-340-bz7t1pa.jpg,Còn hàng
Laptop,Asus,Asus Gaming V16 V3607VU Core 5 210H (RP343W),25890000,/images/products/asus_asus-gaming-v16-v3607vu-core-5-210h-rp343w.jpg,Còn hàng
Laptop,Lenovo,Lenovo IdeaPad Slim 3 16IRH10 i7 13620H (83K20004VN),23490000,/images/products/lenovo_lenovo-ideapad-slim-3-16irh10-i7-13620h-83k20004vn.jpg,Còn hàng
Laptop,Asus,Asus Vivobook 14 M1407GA R7 AI 445 (LY270W),23690000,/images/products/asus_asus-vivobook-14-m1407ga-r7-ai-445-ly270w.jpg,Còn hàng
Laptop,Asus,Asus Vivobook 16 M1607KA R7 AI 350 (MB091WS),21390000,/images/products/asus_asus-vivobook-16-m1607ka-r7-ai-350-mb091ws.jpg,Còn hàng
Laptop,Dell,Dell Inspiron 15 3530 i5 1334U (71043885),19990000,/images/products/dell_dell-inspiron-15-3530-i5-1334u-71043885.jpg,Còn hàng
Laptop,MSI,MSI Vector 16 HX AI A2XWHG Ultra 7 255HX (010VN_32GB),64990000,/images/products/msi_msi-vector-16-hx-ai-a2xwhg-ultra-7-255hx-010vn_32gb.jpg,Còn hàng
Laptop,Acer,Acer Swift Go 14 AI SFG14 73 53X7 Ultra 5 125H (NX.KSLSV.001),22490000,/images/products/acer_acer-swift-go-14-ai-sfg14-73-53x7-ultra-5-125h-nxkslsv001.jpg,Còn hàng
Laptop,Asus,Asus Zenbook 14 UM3406GA R7 AI 445 (QD075WS),29590000,/images/products/asus_asus-zenbook-14-um3406ga-r7-ai-445-qd075ws.jpg,Còn hàng
Laptop,HP,HP Probook 450 G10 i5 1335U (9H1N5PT),19390000,/images/products/hp_hp-probook-450-g10-i5-1335u-9h1n5pt.jpg,Còn hàng
Laptop,Acer,Acer Gaming Aspire 7 A715-59G-79XF Core 7 240H (NH.QX6SV.008),28990000,/images/products/acer_acer-gaming-aspire-7-a715-59g-79xf-core-7-240h-nhqx6sv008.jpg,Còn hàng
Laptop,Dell,Dell Inspiron 15 3530 i7 1355U (71053721),22990000,/images/products/dell_dell-inspiron-15-3530-i7-1355u-71053721.jpg,Còn hàng
Laptop,Dell,Dell Inspiron 14 5440 Core 5 120U (71053697),26990000,/images/products/dell_dell-inspiron-14-5440-core-5-120u-71053697.jpg,Còn hàng
Laptop,Lenovo,Lenovo ThinkPad E14 Gen 7 Ultra 5 135H (21SX00BNVN),30190000,/images/products/lenovo_lenovo-thinkpad-e14-gen-7-ultra-5-135h-21sx00bnvn.jpg,Còn hàng
Laptop,Dell,Dell 14 DC14250 Core 7 150U (71092478),27990000,/images/products/dell_dell-14-dc14250-core-7-150u-71092478.jpg,Còn hàng
Laptop,HP,HP Gaming VICTUS 15 fa2732TX i5 13420H (B85LPPA),27490000,/images/products/hp_hp-gaming-victus-15-fa2732tx-i5-13420h-b85lppa.jpg,Còn hàng
Laptop,Dell,Dell Gaming Alienware 16 Aurora AC16250 Core 7 240H (C7H321W11II5060),48990000,/images/products/dell_dell-gaming-alienware-16-aurora-ac16250-core-7-240h-c7h321w11ii5060.jpg,Còn hàng
Laptop,Asus,Asus Vivobook 14 M1407KA R5 AI 330 (LY849W),21690000,/images/products/asus_asus-vivobook-14-m1407ka-r5-ai-330-ly849w.jpg,Còn hàng
Laptop,HP,HP EliteBook 6 G1i 13 Ultra 7 255U (BQ9M6P),34990000,/images/products/hp_hp-elitebook-6-g1i-13-ultra-7-255u-bq9m6p.jpg,Còn hàng
Laptop,MSI,MSI Prestige 14 AI+ Evo C2VMG Ultra 7 258V (020VN),33990000,/images/products/msi_msi-prestige-14-ai-evo-c2vmg-ultra-7-258v-020vn.jpg,Còn hàng
Laptop,HP,HP Pavilion 16 af0053TU Ultra 7 155U (AY8C2PA),26390000,/images/products/hp_hp-pavilion-16-af0053tu-ultra-7-155u-ay8c2pa.jpg,Còn hàng
Laptop,Dell,Dell 16 Plus DB16250 Ultra 7 256V (X65NW7),41990000,/images/products/dell_dell-16-plus-db16250-ultra-7-256v-x65nw7.png,Còn hàng
Laptop,Dell,Dell Inspiron 15 3530 i7 1355U (N5I7421W1),22990000,/images/products/dell_dell-inspiron-15-3530-i7-1355u-n5i7421w1.jpg,Còn hàng
Laptop,Dell,Dell Inspiron 14 5440 Core 7 150U (71059084),30990000,/images/products/dell_dell-inspiron-14-5440-core-7-150u-71059084.jpg,Còn hàng
Laptop,Asus,Asus TUF Gaming A16 FA607NUQ R7 170 (RL007W),36990000,/images/products/asus_asus-tuf-gaming-a16-fa607nuq-r7-170-rl007w.jpg,Còn hàng
Laptop,MSI,MSI Gaming Katana A15 AI B8VG R7 8845HS (465VN),37790000,/images/products/msi_msi-gaming-katana-a15-ai-b8vg-r7-8845hs-465vn.jpg,Còn hàng
Laptop,MSI,MSI Vector 16 HX AI A2XWIG Ultra 9 275HX (062VN),79590000,/images/products/msi_msi-vector-16-hx-ai-a2xwig-ultra-9-275hx-062vn.jpg,Còn hàng
Laptop,Acer,Acer Swift AI SF14 51 53P9 Ultra 5 226V (NX.J2KSV.002),29990000,/images/products/acer_acer-swift-ai-sf14-51-53p9-ultra-5-226v-nxj2ksv002.jpg,Còn hàng
Laptop,Dell,Dell 14 DC14250 Core 7 150U (F0FTK7),29790000,/images/products/dell_dell-14-dc14250-core-7-150u-f0ftk7.jpg,Còn hàng
Laptop,Dell,Dell 14 DC14250 Core 5 120U (F0FTK5),25490000,/images/products/dell_dell-14-dc14250-core-5-120u-f0ftk5.jpg,Còn hàng
Laptop,HP,HP 240R G10 Core 7 150U (CC9B9PT),23990000,/images/products/hp_hp-240r-g10-core-7-150u-cc9b9pt.jpg,Còn hàng
Laptop,HP,HP OmniBook 7 14 fs0043TU Core 5 210H (C1MN3PA),27190000,/images/products/hp_hp-omnibook-7-14-fs0043tu-core-5-210h-c1mn3pa.jpg,Còn hàng
Laptop,Acer,Acer Gaming Nitro ProPanel ANV16 41 R6ZY R5 8645HS (NH.QP2SV.002),28990000,/images/products/acer_acer-gaming-nitro-propanel-anv16-41-r6zy-r5-8645hs-nhqp2sv002.jpg,Còn hàng
Laptop,Asus,Asus Vivobook 14 Flip TP3407SA Ultra 5 226V (SG349W),26590000,/images/products/asus_asus-vivobook-14-flip-tp3407sa-ultra-5-226v-sg349w.jpg,Còn hàng
Laptop,Dell,Dell Inspiron 15 3530 i7 1355U (P16WD),24990000,/images/products/dell_dell-inspiron-15-3530-i7-1355u-p16wd.jpg,Còn hàng
Laptop,HP,HP OmniBook 5 AI 16 af1054TU Ultra 7 255U (C1MN8PA),31690000,/images/products/hp_hp-omnibook-5-ai-16-af1054tu-ultra-7-255u-c1mn8pa.jpg,Còn hàng
Laptop,Asus,Asus Zenbook S 16 UM5606GA R9 AI 465 (SS384WS),50390000,/images/products/asus_asus-zenbook-s-16-um5606ga-r9-ai-465-ss384ws.jpg,Còn hàng
Laptop,HP,HP ProBook 4 G1iR 14 Core 5 120U (C40JKAT),26990000,/images/products/hp_hp-probook-4-g1ir-14-core-5-120u-c40jkat.jpg,Còn hàng
Laptop,Lenovo,Lenovo Gaming Legion 5 15IRX10 i7 13650HX (83LY00HRVN),50790000,/images/products/lenovo_lenovo-gaming-legion-5-15irx10-i7-13650hx-83ly00hrvn.jpg,Còn hàng
Laptop,Asus,Asus Vivobook 16 X1607CA Ultra 7 255H (MB990W),26090000,/images/products/asus_asus-vivobook-16-x1607ca-ultra-7-255h-mb990w.jpg,Còn hàng
Laptop,HP,HP OmniBook 5 AI 16 af1052TU Ultra 7 255U (C1MN6PA),32490000,/images/products/hp_hp-omnibook-5-ai-16-af1052tu-ultra-7-255u-c1mn6pa.jpg,Còn hàng
Laptop,Asus,Asus Zenbook A14 UX3407QA X1 26 100 (QD299WS),28590000,/images/products/asus_asus-zenbook-a14-ux3407qa-x1-26-100-qd299ws.jpg,Còn hàng
Laptop,Dell,Dell Inspiron 15 3530 i5 1334U (71053696),19990000,/images/products/dell_dell-inspiron-15-3530-i5-1334u-71053696.jpg,Còn hàng
Laptop,MSI,MSI VenturePro 16 AI A1VEG Ultra 7 155H (003VN),34990000,/images/products/msi_msi-venturepro-16-ai-a1veg-ultra-7-155h-003vn.jpg,Còn hàng
Laptop,Dell,Dell Inspiron 15 3530 i5 1334U (N3530-i5U165W11SLU-HS24),19990000,/images/products/dell_dell-inspiron-15-3530-i5-1334u-n3530-i5u165w11slu-hs24.jpg,Còn hàng
Laptop,Lenovo,Lenovo Gaming LOQ 15ARP10E R7 7735HS (83S0004FVN),34990000,/images/products/lenovo_lenovo-gaming-loq-15arp10e-r7-7735hs-83s0004fvn.jpg,Còn hàng
Laptop,Asus,Asus TUF Gaming F16 FX607VJ Core 5 210H (RL035W),23490000,/images/products/asus_asus-tuf-gaming-f16-fx607vj-core-5-210h-rl035w.jpg,Còn hàng
Laptop,GIGABYTE,GIGABYTE Gaming AERO X16 R7 AI 350 (GIGABYTE-AERO-X161VH93VNC64AH),44290000,/images/products/gigabyte_gigabyte-gaming-aero-x16-r7-ai-350-gigabyte-aero-x161vh93vnc64ah.jpg,Còn hàng
Laptop,HP,HP ProBook 4 G1q 14 X1 26 100 (C40JQAT),20990000,/images/products/hp_hp-probook-4-g1q-14-x1-26-100-c40jqat.jpg,Còn hàng
Laptop,Dell,Dell Gaming Alienware 16 Aurora AC16250 Core 7 240H (71072937),45990000,/images/products/dell_dell-gaming-alienware-16-aurora-ac16250-core-7-240h-71072937.jpg,Còn hàng
Laptop,Dell,Dell Pro 13 Plus PB13250 Ultra 5 235U (71084491),32190000,/images/products/dell_dell-pro-13-plus-pb13250-ultra-5-235u-71084491.jpg,Còn hàng
Laptop,Dell,Dell Gaming Alienware 16 Aurora AC16250 Core 7 240H (AC16250-C7H161W11II4050),38990000,/images/products/dell_dell-gaming-alienware-16-aurora-ac16250-core-7-240h-ac16250-c7h161w11ii4050.jpg,Còn hàng
Laptop,HP,HP 15 fd2127TU Ultra 5 225U (D72CCPA),22990000,/images/products/hp_hp-15-fd2127tu-ultra-5-225u-d72ccpa.jpg,Còn hàng
Laptop,Dell,Dell Inspiron 14 5440 Core 7 150U (7FN5J),26490000,/images/products/dell_dell-inspiron-14-5440-core-7-150u-7fn5j.jpg,Còn hàng
Laptop,Asus,Asus Gaming V16 V3607VM Core 7 240H (RP044W),35890000,/images/products/asus_asus-gaming-v16-v3607vm-core-7-240h-rp044w.jpg,Còn hàng
Laptop,HP,HP EliteBook 6 G1i 13 Ultra 5 225U (BQ9L8PT),31290000,/images/products/hp_hp-elitebook-6-g1i-13-ultra-5-225u-bq9l8pt.jpg,Còn hàng
Laptop,MSI,MSI Gaming Katana 15 HX B14WGK i7 14650HX (023VN),48590000,/images/products/msi_msi-gaming-katana-15-hx-b14wgk-i7-14650hx-023vn.jpg,Còn hàng
Laptop,HP,HP Pavilion 15 eg3095TU i5 1335U (8C5L6PA-16G),19990000,/images/products/hp_hp-pavilion-15-eg3095tu-i5-1335u-8c5l6pa-16g.jpg,Còn hàng
Laptop,MSI,MSI Gaming Katana 15 HX B14WFK i9 14900HX (294VN),45590000,/images/products/msi_msi-gaming-katana-15-hx-b14wfk-i9-14900hx-294vn.jpg,Còn hàng
Laptop,Asus,Asus Vivobook S14 S3407VA i7 13620H (LY053W),23490000,/images/products/asus_asus-vivobook-s14-s3407va-i7-13620h-ly053w.jpg,Còn hàng
Laptop,Dell,Dell Inspiron 15 3530 i7 1355U (N5I7216W1),21490000,/images/products/dell_dell-inspiron-15-3530-i7-1355u-n5i7216w1.jpg,Còn hàng
Laptop,HP,HP Gaming VICTUS 15 fb3115AX R7 7445HS (BX9C9PA),27490000,/images/products/hp_hp-gaming-victus-15-fb3115ax-r7-7445hs-bx9c9pa.jpg,Còn hàng
Laptop,HP,HP OmniBook UF 14 fh0097TU Ultra 7 258V (BZ7S3PA),55590000,/images/products/hp_hp-omnibook-uf-14-fh0097tu-ultra-7-258v-bz7s3pa.jpg,Còn hàng
Laptop,MSI,MSI Gaming Stealth A16 AI+ A3XWFG R9 AI HX 370 (018VN),63990000,/images/products/msi_msi-gaming-stealth-a16-ai-a3xwfg-r9-ai-hx-370-018vn.jpg,Còn hàng
Laptop,Dell,Dell Inspiron 15 3530 i5 1334U (N3530-i5U165W11SLU-BL),19990000,/images/products/dell_dell-inspiron-15-3530-i5-1334u-n3530-i5u165w11slu-bl.jpg,Còn hàng
Laptop,Asus,Asus Vivobook S14 M3407GA R7 AI 445 (SF030W),27990000,/images/products/asus_asus-vivobook-s14-m3407ga-r7-ai-445-sf030w.jpg,Còn hàng
Laptop,HP,HP Probook 4 G1ah 16 R5 220 (C40JPAT),25490000,/images/products/hp_hp-probook-4-g1ah-16-r5-220-c40jpat.jpg,Còn hàng
Laptop,HP,HP Probook 4 G1i 16 Ultra 5 225U (BQ5D4PT),27490000,/images/products/hp_hp-probook-4-g1i-16-ultra-5-225u-bq5d4pt.jpg,Còn hàng
Laptop,Lenovo,Lenovo IdeaPad Slim 3 14ARP10 R5 7535HS (83K600E6VN),19990000,/images/products/lenovo_lenovo-ideapad-slim-3-14arp10-r5-7535hs-83k600e6vn.jpg,Còn hàng
Laptop,Asus,Asus Vivobook S14 S3407CA Ultra 5 225H (SF913W),26590000,/images/products/asus_asus-vivobook-s14-s3407ca-ultra-5-225h-sf913w.jpg,Còn hàng
Laptop,HP,HP Pavilion 16 af0052TU Ultra 7 155U (AY8C1PA),27390000,/images/products/hp_hp-pavilion-16-af0052tu-ultra-7-155u-ay8c1pa.jpg,Còn hàng
Laptop,Dell,Dell Inspiron 14 5441 X1P 64 100 (5MNK1),27990000,/images/products/dell_dell-inspiron-14-5441-x1p-64-100-5mnk1.jpg,Còn hàng
Laptop,GIGABYTE,GIGABYTE Gaming A16 GA6H i7 13620H (CWHI3VNC94SH),40790000,/images/products/gigabyte_gigabyte-gaming-a16-ga6h-i7-13620h-cwhi3vnc94sh.jpg,Còn hàng
Laptop,Asus,Asus Zenbook 14 UM3406GA R7 AI 445 (QD073WS),36090000,/images/products/asus_asus-zenbook-14-um3406ga-r7-ai-445-qd073ws.jpg,Còn hàng
Laptop,Dell,Dell Inspiron 14 5441 X1P 64 100 (N4O10441W1),25190000,/images/products/dell_dell-inspiron-14-5441-x1p-64-100-n4o10441w1.jpg,Còn hàng
Laptop,HP,HP OmniBook UF 14 fh0095TU Ultra 9 288V (BZ7S2PA),61490000,/images/products/hp_hp-omnibook-uf-14-fh0095tu-ultra-9-288v-bz7s2pa.jpg,Còn hàng
Laptop,Dell,Dell 16 DC16250 Core 7 150U (DC16250-C7U161W11BLU-27),35290000,/images/products/dell_dell-16-dc16250-core-7-150u-dc16250-c7u161w11blu-27.jpg,Còn hàng
Laptop,GIGABYTE,GIGABYTE Gaming AERO X16 R7 AI 350 (GIGABYTE-AERO-X16-1VH93VNC94DH),42290000,/images/products/gigabyte_gigabyte-gaming-aero-x16-r7-ai-350-gigabyte-aero-x16-1vh93vnc94dh.jpg,Còn hàng
Laptop,HP,HP 15 fd1037TU Core 7 150U (9Z2W5PA),23490000,/images/products/hp_hp-15-fd1037tu-core-7-150u-9z2w5pa.jpg,Còn hàng
Laptop,Asus,Asus Zenbook 14 UX3405CA Ultra 7 255H (PZ368WS),32790000,/images/products/asus_asus-zenbook-14-ux3405ca-ultra-7-255h-pz368ws.jpg,Còn hàng
Laptop,HP,HP Gaming OMEN 16 am0176TX Ultra 7 255H (BX9D3PA),43890000,/images/products/hp_hp-gaming-omen-16-am0176tx-ultra-7-255h-bx9d3pa.jpg,Còn hàng
Laptop,HP,HP ProBook 4 G1q 14 X1 26 100 (C40JRAT),26590000,/images/products/hp_hp-probook-4-g1q-14-x1-26-100-c40jrat.jpg,Còn hàng
Laptop,Dell,Dell 16 DC16251 Core 7 150U (DC6C7557W1),35290000,/images/products/dell_dell-16-dc16251-core-7-150u-dc6c7557w1.jpg,Còn hàng
Laptop,HP,HP EliteBook 6 G1a 14 R5 AI 340 (C0CE1PT),30190000,/images/products/hp_hp-elitebook-6-g1a-14-r5-ai-340-c0ce1pt.jpg,Còn hàng
Laptop,HP,HP Gaming OMEN 16 am0129TX Ultra 7 255H (BX9D1PA),48890000,/images/products/hp_hp-gaming-omen-16-am0129tx-ultra-7-255h-bx9d1pa.jpg,Còn hàng
Laptop,HP,HP Gaming VICTUS 15 fa2451TX i5 13420H (D17WPPA),27490000,/images/products/hp_hp-gaming-victus-15-fa2451tx-i5-13420h-d17wppa.jpg,Còn hàng
Laptop,Lenovo,Lenovo Gaming Legion 5 15IRX10 i7 13650HX (83LY00HQVN),53790000,/images/products/lenovo_lenovo-gaming-legion-5-15irx10-i7-13650hx-83ly00hqvn.jpg,Còn hàng
Laptop,HP,HP Gaming OMEN 16 am0127TX i9 14900HX (BX8Y0PA),61390000,/images/products/hp_hp-gaming-omen-16-am0127tx-i9-14900hx-bx8y0pa.jpg,Còn hàng
Laptop,HP,HP OmniBook X Flip 14 fk0082AU R7 AI 350 (BZ7N8PA),39890000,/images/products/hp_hp-omnibook-x-flip-14-fk0082au-r7-ai-350-bz7n8pa.jpg,Còn hàng
Laptop,Asus,Asus Zenbook UX3405CA Ultra 7 255H (PZ188WS),36590000,/images/products/asus_asus-zenbook-ux3405ca-ultra-7-255h-pz188ws.jpg,Còn hàng
Laptop,Dell,Dell Gaming Alienware 16 Aurora AC16250 Core 9 270H (C9H321W11II5070),70990000,/images/products/dell_dell-gaming-alienware-16-aurora-ac16250-core-9-270h-c9h321w11ii5070.jpg,Còn hàng
Laptop,HP,HP Elitebook Ultra G1q X1E 78 100 (B4PY1PT),48790000,/images/products/hp_hp-elitebook-ultra-g1q-x1e-78-100-b4py1pt.jpg,Còn hàng
Laptop,HP,HP Gaming HyperX Omen 15 ga0092TX i5 14450HX (D72D8PA),45590000,/images/products/hp_hp-gaming-hyperx-omen-15-ga0092tx-i5-14450hx-d72d8pa.jpg,Còn hàng
Laptop,HP,HP EliteBook X G1a 14 AI R9 AI HX PRO 375 (B9FE4PT),59590000,/images/products/hp_hp-elitebook-x-g1a-14-ai-r9-ai-hx-pro-375-b9fe4pt.jpg,Còn hàng
Laptop,HP,HP OmniBook 7 16 az0040TU Core 9 270H (C2DR3PA),39890000,/images/products/hp_hp-omnibook-7-16-az0040tu-core-9-270h-c2dr3pa.jpg,Còn hàng
Laptop,HP,HP HyperX Omen 15 ga0091TX i5 14450H (D72D7PA),48590000,/images/products/hp_hp-hyperx-omen-15-ga0091tx-i5-14450h-d72d7pa.jpg,Còn hàng
Laptop,HP,HP Elitebook X360 830 G11 Ultra 5 135U (A7RB9PT),43690000,/images/products/hp_hp-elitebook-x360-830-g11-ultra-5-135u-a7rb9pt.jpg,Còn hàng
Laptop,HP,HP OmniBook 7 14 fr0024TU Ultra 7 255H (C1MN0PA),34990000,/images/products/hp_hp-omnibook-7-14-fr0024tu-ultra-7-255h-c1mn0pa.jpg,Còn hàng
Laptop,HP,HP OmniBook 7 16 az0038TU Core 5 210H (C2CX1PA),28990000,/images/products/hp_hp-omnibook-7-16-az0038tu-core-5-210h-c2cx1pa.jpg,Còn hàng
Laptop,HP,HP OmniBook 7 16 az0043TU Core 7 240H (C2CX3PA),34990000,/images/products/hp_hp-omnibook-7-16-az0043tu-core-7-240h-c2cx3pa.jpg,Còn hàng
Laptop,MSI,MSI Gaming Stealth A16 Mercedes AMG AI+ A3XWGG R9 AI HX 370 (032VN),78590000,/images/products/msi_msi-gaming-stealth-a16-mercedes-amg-ai-a3xwgg-r9-ai-hx-370-032vn.jpg,Còn hàng
Laptop,HP,HP OmniBook 5 16 ag1066AU R7 Al 350 (BZ7S9PA),30790000,/images/products/hp_hp-omnibook-5-16-ag1066au-r7-al-350-bz7s9pa.jpg,Còn hàng
Laptop,Asus,Asus Vivobook 15 X1504VA Core 5 120U (BQ185W),19390000,/images/products/asus_asus-vivobook-15-x1504va-core-5-120u-bq185w.jpg,Còn hàng
Laptop,Lenovo,Lenovo Ideapad Slim 3 16ARP10 R5 7533HS (83K80016VN),18490000,/images/products/lenovo_lenovo-ideapad-slim-3-16arp10-r5-7533hs-83k80016vn.jpg,Còn hàng
Laptop,Dell,Dell 14 DC14250 Core 3 100U (DC14250-C3U085W11SLU-27),18990000,/images/products/dell_dell-14-dc14250-core-3-100u-dc14250-c3u085w11slu-27.jpg,Còn hàng
Laptop,MacBook,Laptop MacBook Pro 14 inch M5 Pro 24GB/1TB 70W,68490000,/images/products/macbook_laptop-macbook-pro-14-inch-m5-pro-24gb1tb-70w.jpg,Còn hàng
Laptop,Lenovo,Lenovo ThinkPad E14 Gen 7 Ultra 7 258V (21U2003JVN),36590000,/images/products/lenovo_lenovo-thinkpad-e14-gen-7-ultra-7-258v-21u2003jvn.jpg,Còn hàng
Laptop,Lenovo,Lenovo Gaming LOQ Essential 15ARP10E R5 7535HS (83S0000DVN),24990000,/images/products/lenovo_lenovo-gaming-loq-essential-15arp10e-r5-7535hs-83s0000dvn.jpg,Còn hàng
Laptop,Asus,Asus Vivobook S14 M3407HA R5 220 (SF480W),22990000,/images/products/asus_asus-vivobook-s14-m3407ha-r5-220-sf480w.jpg,Còn hàng
Laptop,Lenovo,Lenovo ThinkPad E14 Gen 7 Ultra 5 228V (21U2003SVN),33590000,/images/products/lenovo_lenovo-thinkpad-e14-gen-7-ultra-5-228v-21u2003svn.jpg,Còn hàng
Laptop,Acer,Acer Aspire Lite 14 AL14-45P-R7Z3 R3 5400U (NX.DPESV.002),15990000,/images/products/acer_acer-aspire-lite-14-al14-45p-r7z3-r3-5400u-nxdpesv002.jpg,Còn hàng
Laptop,Asus,Asus Vivobook S14 M3407KA R5 AI 330 (SF034WS),23890000,/images/products/asus_asus-vivobook-s14-m3407ka-r5-ai-330-sf034ws.jpg,Còn hàng
Laptop,Lenovo,Lenovo IdeaPad Slim 3 14ARP10 R7 7735HS (83K6005WVN),21490000,/images/products/lenovo_lenovo-ideapad-slim-3-14arp10-r7-7735hs-83k6005wvn.jpg,Còn hàng
Laptop,Lenovo,Lenovo Gaming LOQ 15IRX9 i7 13645HX (83DV01H2VN),35590000,/images/products/lenovo_lenovo-gaming-loq-15irx9-i7-13645hx-83dv01h2vn.jpg,Còn hàng
Laptop,Lenovo,Lenovo ThinkPad E16 Gen 3 Ultra 7 258V (22AY003VVN),35490000,/images/products/lenovo_lenovo-thinkpad-e16-gen-3-ultra-7-258v-22ay003vvn.jpg,Còn hàng
Laptop,Lenovo,Lenovo IdeaPad Slim 3 15IPH11 Ultra 5 322 (83UR00A4VN),24990000,/images/products/lenovo_lenovo-ideapad-slim-3-15iph11-ultra-5-322-83ur00a4vn.jpg,Còn hàng
Laptop,Lenovo,Lenovo ThinkPad E16 Gen 3 Ultra 7 258V (22AY003UVN),40090000,/images/products/lenovo_lenovo-thinkpad-e16-gen-3-ultra-7-258v-22ay003uvn.jpg,Còn hàng
Laptop,Lenovo,Lenovo ThinkBook 16 G9 IRL i5 13420H (21US008FVN),28090000,/images/products/lenovo_lenovo-thinkbook-16-g9-irl-i5-13420h-21us008fvn.jpg,Còn hàng
Laptop,Asus,Asus Zenbook 14 UX3405CA Ultra 7 255H (ST629W),35590000,/images/products/asus_asus-zenbook-14-ux3405ca-ultra-7-255h-st629w.jpg,Còn hàng
Laptop,Asus,Asus Vivobook S14 S3407CA Ultra 7 255H (SF923W),28890000,/images/products/asus_asus-vivobook-s14-s3407ca-ultra-7-255h-sf923w.jpg,Còn hàng
Laptop,Dell,Dell 14 DC14250 Core 7 150U (DC14250-C7U161W11SLU-27),29490000,/images/products/dell_dell-14-dc14250-core-7-150u-dc14250-c7u161w11slu-27.jpg,Còn hàng
Laptop,Lenovo,Lenovo Gaming LOQ 15IRX9 i7 13645HX (83DV01H3VN),35090000,/images/products/lenovo_lenovo-gaming-loq-15irx9-i7-13645hx-83dv01h3vn.jpg,Còn hàng
Laptop,ASUS,ASUS Vivobook 14 X1407AA Ultra 5 325 (LY360W),24390000,/images/products/asus_asus-vivobook-14-x1407aa-ultra-5-325-ly360w.jpg,Còn hàng
Laptop,Lenovo,Lenovo IdeaPad Slim 3 15IPH11 Ultra 7 355 (83UR00A5VN),29990000,/images/products/lenovo_lenovo-ideapad-slim-3-15iph11-ultra-7-355-83ur00a5vn.jpg,Còn hàng
Laptop,HP,HP Gaming OMEN Max 16 ah0213TX Ultra 9 275HX (C1WR2PA),117990000,/images/products/hp_hp-gaming-omen-max-16-ah0213tx-ultra-9-275hx-c1wr2pa.jpg,Còn hàng
Laptop,Lenovo,Lenovo ThinkBook 14 Gen 8 Ultra 5 135H (21SJ00EAVN),28490000,/images/products/lenovo_lenovo-thinkbook-14-gen-8-ultra-5-135h-21sj00eavn.jpg,Còn hàng
Laptop,Lenovo,Lenovo V15 G5 IRL i5 13420H (83HF00BVVN),20590000,/images/products/lenovo_lenovo-v15-g5-irl-i5-13420h-83hf00bvvn.jpg,Còn hàng
Laptop,MacBook,MacBook Air 15 inch M5 24GB/512GB 70W,46990000,/images/products/macbook_macbook-air-15-inch-m5-24gb512gb-70w.jpg,Còn hàng
Laptop,HP,HP 240R G9 Core 5 120U (C40LGAT),24490000,/images/products/hp_hp-240r-g9-core-5-120u-c40lgat.jpg,Còn hàng
Laptop,Lenovo,Lenovo IdeaPad Slim 3 15ARP10 R7 7735HS (83K700YVVN),21490000,/images/products/lenovo_lenovo-ideapad-slim-3-15arp10-r7-7735hs-83k700yvvn.jpg,Còn hàng
Laptop,Dell,Dell Pro 14 PC14250 Ultra 5 235U (PC14250-235U-16512WP-2Y),38990000,/images/products/dell_dell-pro-14-pc14250-ultra-5-235u-pc14250-235u-16512wp-2y.jpg,Còn hàng
Laptop,Macbook,Macbook Air 13 inch M5 24GB/512GB 35W,40990000,/images/products/macbook_macbook-air-13-inch-m5-24gb512gb-35w.jpg,Còn hàng
Laptop,Lenovo,Lenovo Yoga Slim 7 OLED 14IPH11 Ultra 7 355 (83QM002FVN),52990000,/images/products/lenovo_lenovo-yoga-slim-7-oled-14iph11-ultra-7-355-83qm002fvn.jpg,Còn hàng
Laptop,Asus,Asus TUF Gaming FX608JPR i7 14650HX (RV044W),43790000,/images/products/asus_asus-tuf-gaming-fx608jpr-i7-14650hx-rv044w.jpg,Còn hàng
Laptop,HP,HP Probook 4 G1i 16 Ultra 7 255H (BQ5E6PT),36390000,/images/products/hp_hp-probook-4-g1i-16-ultra-7-255h-bq5e6pt.jpg,Còn hàng
Laptop,Dell,Dell 16 Plus DB16250 Ultra 9 288V (X65NW9),57990000,/images/products/dell_dell-16-plus-db16250-ultra-9-288v-x65nw9.png,Còn hàng
Laptop,Dell,Dell 16 Plus DB16250 Ultra 5 226V (DB6U5387W1),37290000,/images/products/dell_dell-16-plus-db16250-ultra-5-226v-db6u5387w1.jpg,Còn hàng
Laptop,Lenovo,Lenovo ThinkPad X1 Carbon Gen 13 Ultra 5 226V (21NS010EVN),61390000,/images/products/lenovo_lenovo-thinkpad-x1-carbon-gen-13-ultra-5-226v-21ns010evn.jpg,Còn hàng
Laptop,Asus,Asus Gaming ROG Strix G16 G614PH R9 8940HX (S5101W),45190000,/images/products/asus_asus-gaming-rog-strix-g16-g614ph-r9-8940hx-s5101w.jpg,Còn hàng
Laptop,Asus,Asus TUF Gaming A16 FA608PP R9 8940HX (RV089W),49590000,/images/products/asus_asus-tuf-gaming-a16-fa608pp-r9-8940hx-rv089w.jpg,Còn hàng
Laptop,Asus,Asus TUF Gaming A16 FA608UM R7 260 (RV266W),43590000,/images/products/asus_asus-tuf-gaming-a16-fa608um-r7-260-rv266w.jpg,Còn hàng
Laptop,Lenovo,Lenovo Gaming LOQ 15IRX10 i7 13645HX (83JE01AGVN),37590000,/images/products/lenovo_lenovo-gaming-loq-15irx10-i7-13645hx-83je01agvn.jpg,Còn hàng
Laptop,Asus,Asus TUF Gaming FX608JHI i7 14650HX (TU209W),39990000,/images/products/asus_asus-tuf-gaming-fx608jhi-i7-14650hx-tu209w.jpg,Còn hàng
Laptop,Dell,Dell 14 DC14255 R7 350 (71092477),32490000,/images/products/dell_dell-14-dc14255-r7-350-71092477.jpg,Còn hàng
Laptop,Dell,Dell 16 DC16250 Core 5 120U (71092481),27990000,/images/products/dell_dell-16-dc16250-core-5-120u-71092481.jpg,Còn hàng
Laptop,HP,HP EliteBook 6 G1a 14 R7 AI 350 (C0CG2PT),33290000,/images/products/hp_hp-elitebook-6-g1a-14-r7-ai-350-c0cg2pt.jpg,Còn hàng
Laptop,HP,HP EliteBook 8 G1a 14 R7 AI PRO 350 (C0CE5PT),37790000,/images/products/hp_hp-elitebook-8-g1a-14-r7-ai-pro-350-c0ce5pt.jpg,Còn hàng
Laptop,Asus,Asus Gaming ROG Zephyrus GA403GM R9 AI 465 (SY004W),64590000,/images/products/asus_asus-gaming-rog-zephyrus-ga403gm-r9-ai-465-sy004w.jpg,Còn hàng
Laptop,Lenovo,Lenovo IdeaPad Slim 5 OLED 14IPH11 Ultra 5 322 (83S5000DVN),29990000,/images/products/lenovo_lenovo-ideapad-slim-5-oled-14iph11-ultra-5-322-83s5000dvn.jpg,Còn hàng
Laptop,Lenovo,Lenovo Yoga 7 2in1 OLED 14IPH11 Ultra 7 355 (83TC002JVN),57290000,/images/products/lenovo_lenovo-yoga-7-2in1-oled-14iph11-ultra-7-355-83tc002jvn.jpg,Còn hàng
Laptop,Lenovo,Lenovo IdeaPad Slim 3 14IPH11 Ultra 5 322 (83UQ003NVN),24990000,/images/products/lenovo_lenovo-ideapad-slim-3-14iph11-ultra-5-322-83uq003nvn.jpg,Còn hàng
Laptop,MSI,MSI Modern 15 B12MO i7 1255U (487VN),19090000,/images/products/msi_msi-modern-15-b12mo-i7-1255u-487vn.jpg,Còn hàng
Laptop,HP,HP OMEN Transcend 14 fb0135TX Ultra 7 155H (AY8V1PA),62790000,/images/products/hp_hp-omen-transcend-14-fb0135tx-ultra-7-155h-ay8v1pa.jpg,Còn hàng
Laptop,Acer,Acer Gaming Predator Helios 18 AI PH18 73 98AQ Ultra 9 275HX (NH.QVWSV.001),149990000,/images/products/acer_acer-gaming-predator-helios-18-ai-ph18-73-98aq-ultra-9-275hx-nhqvwsv001.jpg,Còn hàng
Laptop,Acer,Acer Gaming Predator Helios 18 AI PH18 73 93P0 Ultra 9 275HX (NH.QVYSV.001),99990000,/images/products/acer_acer-gaming-predator-helios-18-ai-ph18-73-93p0-ultra-9-275hx-nhqvysv001.jpg,Còn hàng
Laptop,HP,HP EliteBook X G1a 14 AI R7 AI PRO 360 (BC4N4AT),52290000,/images/products/hp_hp-elitebook-x-g1a-14-ai-r7-ai-pro-360-bc4n4at.jpg,Còn hàng
Laptop,Lenovo,Lenovo Gaming Legion 5 15AHP10 R7 260 (83M0002YVN),42990000,/images/products/lenovo_lenovo-gaming-legion-5-15ahp10-r7-260-83m0002yvn.jpg,Còn hàng
Laptop,HP,HP Probook 4 G1i 16 Ultra 7 255H (BQ5E4PT),36190000,/images/products/hp_hp-probook-4-g1i-16-ultra-7-255h-bq5e4pt.jpg,Còn hàng
Laptop,Lenovo,Lenovo Gaming LOQ 15IRX10 i7 13650HX (83JE00PEVN),39990000,/images/products/lenovo_lenovo-gaming-loq-15irx10-i7-13650hx-83je00pevn.jpg,Còn hàng
Laptop,Dell,Dell Pro 13 Plus PB13250 Ultra 5 236V (PB13250-236V-16512W),36790000,/images/products/dell_dell-pro-13-plus-pb13250-ultra-5-236v-pb13250-236v-16512w.jpg,Còn hàng
Laptop,Dell,Dell 14 DC14255 R7 AI 350 (71083617),0,/images/products/dell_dell-14-dc14255-r7-ai-350-71083617.jpg,Hết hàng
Laptop,Dell,Dell Inspiron 14 5441 X1 26 100 (71069158),0,/images/products/dell_dell-inspiron-14-5441-x1-26-100-71069158.jpg,Hết hàng
Laptop,Lenovo,Lenovo Ideapad Slim 5 OLED 14AGP11 R7 445 (83S1003FVN),35990000,/images/products/lenovo_lenovo-ideapad-slim-5-oled-14agp11-r7-445-83s1003fvn.jpg,Còn hàng
Laptop,Lenovo,Lenovo ThinkPad X1 Carbon Gen 13 Ultra 5 226V (21NS0107VN),55290000,/images/products/lenovo_lenovo-thinkpad-x1-carbon-gen-13-ultra-5-226v-21ns0107vn.jpg,Còn hàng
Laptop,Lenovo,Lenovo ThinkPad X1 Carbon Gen 13 Ultra 7 256V (21NS010FVN),62390000,/images/products/lenovo_lenovo-thinkpad-x1-carbon-gen-13-ultra-7-256v-21ns010fvn.jpg,Còn hàng
Laptop,Asus,Asus Gaming ROG Flow Z13 GZ302EAC AI MAX+ 395 (RU184WS),109990000,/images/products/asus_asus-gaming-rog-flow-z13-gz302eac-ai-max-395-ru184ws.jpg,Còn hàng
Laptop,Asus,Asus TUF Gaming A14 FA401GM R9 AI 465 (RG013W),56590000,/images/products/asus_asus-tuf-gaming-a14-fa401gm-r9-ai-465-rg013w.jpg,Còn hàng
Laptop,Asus,Asus TUF Gaming F16 FX608JMI i7 14650HX (TU241W),42490000,/images/products/asus_asus-tuf-gaming-f16-fx608jmi-i7-14650hx-tu241w.jpg,Còn hàng
Laptop,MSI,MSI Prestige 14 Flip AI+ D3MTG U9 386H (021VN),54990000,/images/products/msi_msi-prestige-14-flip-ai-d3mtg-u9-386h-021vn.jpg,Còn hàng
Laptop,HP,HP EliteBook 6 G1a 14 R5 AI 340 (C0CF2PT),31190000,/images/products/hp_hp-elitebook-6-g1a-14-r5-ai-340-c0cf2pt.jpg,Còn hàng
Laptop,HP,HP EliteBook 6 G1a 14 R7 AI 350 (C0CE2PT),34290000,/images/products/hp_hp-elitebook-6-g1a-14-r7-ai-350-c0ce2pt.jpg,Còn hàng
Laptop,HP,HP EliteBook 8 G1a 14 R5 AI PRO 340 (C0CE3PT),40790000,/images/products/hp_hp-elitebook-8-g1a-14-r5-ai-pro-340-c0ce3pt.jpg,Còn hàng
Laptop,Asus,Asus TUF Gaming FA401EA RYZEN AI MAX+ 392 (RG034W),63590000,/images/products/asus_asus-tuf-gaming-fa401ea-ryzen-ai-max-392-rg034w.jpg,Còn hàng
Laptop,Acer,Acer Gaming Predator Helios Neo 16 PHN16-I31-50H7 i5 14450HX (NH.U4SSV.001),49990000,/images/products/acer_acer-gaming-predator-helios-neo-16-phn16-i31-50h7-i5-14450hx-nhu4ssv001.jpg,Còn hàng
Laptop,Acer,Acer Gaming Predator Helios Neo 16 PHN16-I31-72XE i7 14650HX (NH.U4RSV.001),59990000,/images/products/acer_acer-gaming-predator-helios-neo-16-phn16-i31-72xe-i7-14650hx-nhu4rsv001.jpg,Còn hàng
Laptop,Acer,Acer Gaming Predator Helios Neo 16 PHN16-I31-74MN i7 14650HX (NH.U4SSV.002),54990000,/images/products/acer_acer-gaming-predator-helios-neo-16-phn16-i31-74mn-i7-14650hx-nhu4ssv002.jpg,Còn hàng
Laptop,Lenovo,Lenovo IdeaPad Slim 3 15IPH11 Ultra 7 355 (83UR0075VN),29990000,/images/products/lenovo_lenovo-ideapad-slim-3-15iph11-ultra-7-355-83ur0075vn.jpg,Còn hàng
Laptop,Lenovo,Lenovo Gaming Legion 5 15AHP11 R7 250 (83Q7001JVN),53990000,/images/products/lenovo_lenovo-gaming-legion-5-15ahp11-r7-250-83q7001jvn.jpg,Còn hàng
Laptop,Lenovo,Lenovo Yoga Slim 7 OLED 14AGP11 R7 AI 445 (83QS001DVN),39290000,/images/products/lenovo_lenovo-yoga-slim-7-oled-14agp11-r7-ai-445-83qs001dvn.jpg,Còn hàng
Laptop,Asus,Asus Vivobook S14 S3407AA Ultra 5 325 (SF945W),29890000,/images/products/asus_asus-vivobook-s14-s3407aa-ultra-5-325-sf945w.jpg,Còn hàng
Laptop,Lenovo,Lenovo IdeaPad 5 2in1 14IPH11 Ultra 5 322 (83UG0026VN),30990000,/images/products/lenovo_lenovo-ideapad-5-2in1-14iph11-ultra-5-322-83ug0026vn.jpg,Còn hàng
Laptop,Lenovo,Lenovo IdeaPad 5 2in1 14IPH11 Ultra 7 355 (83UG0027VN),35990000,/images/products/lenovo_lenovo-ideapad-5-2in1-14iph11-ultra-7-355-83ug0027vn.jpg,Còn hàng
Laptop,Lenovo,Lenovo Gaming Legion 5 15IPH11 Ultra 7 356H (83RW0023VN),59990000,/images/products/lenovo_lenovo-gaming-legion-5-15iph11-ultra-7-356h-83rw0023vn.jpg,Còn hàng
Laptop,Lenovo,Lenovo IdeaPad Slim 5 14AGP11 R7 AI 445 (83S1006RVN),30990000,/images/products/lenovo_lenovo-ideapad-slim-5-14agp11-r7-ai-445-83s1006rvn.jpg,Còn hàng
Laptop,Dell,Dell Pro 14 PC14250 Ultra 7 255U (PC14250-255U-32512WH-2Y),55990000,/images/products/dell_dell-pro-14-pc14250-ultra-7-255u-pc14250-255u-32512wh-2y.jpg,Còn hàng
Laptop,Acer,Acer Swift Go 14 AI SFG14-I71-70RP Ultra 7 358H (NX.JZHSV.003),49590000,/images/products/acer_acer-swift-go-14-ai-sfg14-i71-70rp-ultra-7-358h-nxjzhsv003.jpg,Còn hàng
Laptop,Lenovo,Lenovo IdeaPad Slim 3 16IPH11 Ultra 5 322 (83US002TVN),29990000,/images/products/lenovo_lenovo-ideapad-slim-3-16iph11-ultra-5-322-83us002tvn.jpg,Còn hàng
Laptop,Lenovo,Lenovo IdeaPad Slim 3 16IPH11 Ultra 7 355 (83US002WVN),29990000,/images/products/lenovo_lenovo-ideapad-slim-3-16iph11-ultra-7-355-83us002wvn.jpg,Còn hàng
Laptop,Lenovo,Lenovo IdeaPad Slim 3 14IPH11 Ultra 7 355 (83UQ003PVN),29990000,/images/products/lenovo_lenovo-ideapad-slim-3-14iph11-ultra-7-355-83uq003pvn.jpg,Còn hàng
Laptop,Lenovo,Lenovo Gaming LOQ 15IPH11 Ultra 7 356H (83SL000LVN),54590000,/images/products/lenovo_lenovo-gaming-loq-15iph11-ultra-7-356h-83sl000lvn.jpg,Còn hàng
Laptop,GIGABYTE,GIGABYTE Gaming A16 R7 260 (A16-3THK3VN893SH),33890000,/images/products/gigabyte_gigabyte-gaming-a16-r7-260-a16-3thk3vn893sh.jpg,Còn hàng
Laptop,GIGABYTE,GIGABYTE Gaming A16 R7 260 (A16-3VHK3VN893SH),37790000,/images/products/gigabyte_gigabyte-gaming-a16-r7-260-a16-3vhk3vn893sh.jpg,Còn hàng
Laptop,GIGABYTE,GIGABYTE Gaming AERO X16 R7 AI 350 (AERO-X16-1VH93VNC94AH),42290000,/images/products/gigabyte_gigabyte-gaming-aero-x16-r7-ai-350-aero-x16-1vh93vnc94ah.jpg,Còn hàng
Laptop,MSI,MSI Gaming Raider 16 MAX HX B2WI Ultra 9 290HX Plus (095VN),129590000,/images/products/msi_msi-gaming-raider-16-max-hx-b2wi-ultra-9-290hx-plus-095vn.jpg,Còn hàng
Laptop,Asus,Asus TUF Gaming F16 FX608JHI i5 14450HX (TU210W),45090000,/images/products/asus_asus-tuf-gaming-f16-fx608jhi-i5-14450hx-tu210w.jpg,Còn hàng
Laptop,Asus,Asus Zenbook S 16 UM5606GA R9 AI 465 (SS441W),45090000,/images/products/asus_asus-zenbook-s-16-um5606ga-r9-ai-465-ss441w.jpg,Còn hàng
Laptop,Asus,Asus Zenbook A14 UX3407NA X2E 88 100 (QD132WS),44590000,/images/products/asus_asus-zenbook-a14-ux3407na-x2e-88-100-qd132ws.jpg,Còn hàng
Laptop,Asus,Asus Zenbook A14 UX3407NA X2E 88 100 (QD254W),58290000,/images/products/asus_asus-zenbook-a14-ux3407na-x2e-88-100-qd254w.jpg,Còn hàng
Laptop,Asus,Asus Vivobook 14 X1404MA Core 5 320 (EB219W),20990000,/images/products/asus_asus-vivobook-14-x1404ma-core-5-320-eb219w.jpg,Còn hàng
Laptop,Asus,Asus Vivobook 15 X1504MA Core 5 320 (BQ632W),21090000,/images/products/asus_asus-vivobook-15-x1504ma-core-5-320-bq632w.jpg,Còn hàng
Laptop,Asus,Asus Vivobook 15 X1504MA Core 7 350 (BQ633W),25090000,/images/products/asus_asus-vivobook-15-x1504ma-core-7-350-bq633w.jpg,Còn hàng
Laptop,Asus,Asus Vivobook Go 14 E1404FA R5 40 (EB1832W),17990000,/images/products/asus_asus-vivobook-go-14-e1404fa-r5-40-eb1832w.jpg,Còn hàng
Laptop,Asus,Asus Vivobook 15 X1504MA Core 5 320 (BQ385W),25090000,/images/products/asus_asus-vivobook-15-x1504ma-core-5-320-bq385w.jpg,Còn hàng
Laptop,Asus,Asus Vivobook 15 X1504MA Core 7 350 (BQ395W),29090000,/images/products/asus_asus-vivobook-15-x1504ma-core-7-350-bq395w.jpg,Còn hàng
Laptop,Asus,Asus Gaming ROG Strix G16 G614PM R9 8940HX (TS147W),50590000,/images/products/asus_asus-gaming-rog-strix-g16-g614pm-r9-8940hx-ts147w.jpg,Còn hàng
Laptop,Asus,Asus Gaming ROG Strix G16 G614PR R9 8940HX (TS103W),70590000,/images/products/asus_asus-gaming-rog-strix-g16-g614pr-r9-8940hx-ts103w.jpg,Còn hàng
Laptop,SingPC,SingPC M16-i382 i3 1215U,13890000,/images/products/singpc_singpc-m16-i382-i3-1215u.jpg,Còn hàng
Laptop,SingPC,SingPC M16-i595 i5 1235U,18390000,/images/products/singpc_singpc-m16-i595-i5-1235u.jpg,Còn hàng
Laptop,Lenovo,Lenovo IdeaPad Slim 3 14IWC11 Core 5 320 (83RQ002NVN),23990000,/images/products/lenovo_lenovo-ideapad-slim-3-14iwc11-core-5-320-83rq002nvn.jpg,Còn hàng
Laptop,Lenovo,Lenovo IdeaPad Slim 3 14IWC11 Core 5 320 (83RQ002PVN),19990000,/images/products/lenovo_lenovo-ideapad-slim-3-14iwc11-core-5-320-83rq002pvn.jpg,Còn hàng
Laptop,Lenovo,Lenovo ThinkBook 16 G9 R7 250 (21UT005MVN),30190000,/images/products/lenovo_lenovo-thinkbook-16-g9-r7-250-21ut005mvn.jpg,Còn hàng
Laptop,Lenovo,Lenovo IdeaPad Slim 3 15IWC11 Core 5 320 (83RR00AAVN),23990000,/images/products/lenovo_lenovo-ideapad-slim-3-15iwc11-core-5-320-83rr00aavn.jpg,Còn hàng
Laptop,Lenovo,Lenovo Ideapad Slim 3 15IWC11 Core 5 320 (83RR00CVVN),19990000,/images/products/lenovo_lenovo-ideapad-slim-3-15iwc11-core-5-320-83rr00cvvn.jpg,Còn hàng
Laptop,Lenovo,Lenovo ThinkPad X9 14 Gen 1 Ultra 7 258V (21QA006JVN),53790000,/images/products/lenovo_lenovo-thinkpad-x9-14-gen-1-ultra-7-258v-21qa006jvn.jpg,Còn hàng
Laptop,Lenovo,Lenovo IdeaPad Slim 5 14IPH11 Ultra 7 355 (83S5004FVN),34990000,/images/products/lenovo_lenovo-ideapad-slim-5-14iph11-ultra-7-355-83s5004fvn.jpg,Còn hàng
Laptop,Lenovo,Lenovo IdeaPad Slim 3 16IPH11 Ultra 7 355 (83US003YVN),31590000,/images/products/lenovo_lenovo-ideapad-slim-3-16iph11-ultra-7-355-83us003yvn.jpg,Còn hàng
Laptop,Lenovo,Lenovo Gaming LOQ 15AHP11 R7 250 (83TN0040VN),45590000,/images/products/lenovo_lenovo-gaming-loq-15ahp11-r7-250-83tn0040vn.jpg,Còn hàng
Laptop,Lenovo,Lenovo Yoga 7 2in1 14IPH11 Ultra 7 355 (83TC002MVN),54990000,/images/products/lenovo_lenovo-yoga-7-2in1-14iph11-ultra-7-355-83tc002mvn.jpg,Còn hàng
Laptop,Lenovo,Lenovo Yoga 7 2in1 14IPH11 Ultra 5 322 (83TC002LVN),36990000,/images/products/lenovo_lenovo-yoga-7-2in1-14iph11-ultra-5-322-83tc002lvn.jpg,Còn hàng
Laptop,Lenovo,Lenovo ThinkBook 14 G9 R7 250 (21V0005PVN),28790000,/images/products/lenovo_lenovo-thinkbook-14-g9-r7-250-21v0005pvn.jpg,Còn hàng
Laptop,Lenovo,Lenovo V14 G5 Core7 240H (83HD0035VN),27490000,/images/products/lenovo_lenovo-v14-g5-core7-240h-83hd0035vn.jpg,Còn hàng
Laptop,Lenovo,Lenovo ThinkPad E14 Gen 7 Ultra 5 225U (21SX005NVN),31990000,/images/products/lenovo_lenovo-thinkpad-e14-gen-7-ultra-5-225u-21sx005nvn.jpg,Còn hàng
Laptop,Lenovo,Lenovo ThinkBook 14 Gen 9 IRL i5 13420H (21UY008TVN),27790000,/images/products/lenovo_lenovo-thinkbook-14-gen-9-irl-i5-13420h-21uy008tvn.jpg,Còn hàng
Laptop,Asus,Asus Vivobook S14 S3407VA Core 7 240H (LY256W),27090000,/images/products/asus_asus-vivobook-s14-s3407va-core-7-240h-ly256w.jpg,Còn hàng
Laptop,Asus,Asus Vivobook 14 X1407CA Ultra 5 225H (LY203W),24990000,/images/products/asus_asus-vivobook-14-x1407ca-ultra-5-225h-ly203w.jpg,Còn hàng
Laptop,Asus,Asus Vivobook Go 14 E1404FA R5 40 (EB012W),17990000,/images/products/asus_asus-vivobook-go-14-e1404fa-r5-40-eb012w.jpg,Còn hàng
Laptop,Dell,Dell 15 DC15250 Core 3 100U (DC5C3259W1-2Y),21990000,/images/products/dell_dell-15-dc15250-core-3-100u-dc5c3259w1-2y.jpg,Còn hàng
Laptop,Dell,Dell 14 DC14250 Core 5 120U (DC4C5375W1-2Y),30990000,/images/products/dell_dell-14-dc14250-core-5-120u-dc4c5375w1-2y.jpg,Còn hàng
Laptop,Dell,Dell 15 DC15250 Core 3 100U (71100520),21990000,/images/products/dell_dell-15-dc15250-core-3-100u-71100520.jpg,Còn hàng
Laptop,Dell,Dell 14 DC14250 Core 7 150U (71100515),34790000,/images/products/dell_dell-14-dc14250-core-7-150u-71100515.jpg,Còn hàng
Laptop,MacBook,MacBook Pro 14 inch M5 Pro 48GB/1TB,84990000,/images/products/macbook_macbook-pro-14-inch-m5-pro-48gb1tb.jpg,Còn hàng
Laptop,Acer,Acer Gaming Nitro ProPanel ANV16S-61-R0B8 Ryzen AI 5 340 (NH.QXQSV.001),40990000,/images/products/acer_acer-gaming-nitro-propanel-anv16s-61-r0b8-ryzen-ai-5-340-nhqxqsv001.jpg,Còn hàng
Laptop,Acer,Acer Gaming Nitro ProPanel ANV16S-71-58WQ Core 5 210H (NH.QXBSV.001),40990000,/images/products/acer_acer-gaming-nitro-propanel-anv16s-71-58wq-core-5-210h-nhqxbsv001.jpg,Còn hàng
Laptop,Acer,Acer Gaming Predator Helios Neo 16S PHN16S-I51-97T9 Ultra 9 386H (NH.U3SSV.006),75990000,/images/products/acer_acer-gaming-predator-helios-neo-16s-phn16s-i51-97t9-ultra-9-386h-nhu3ssv006.jpg,Còn hàng
Laptop,Acer,Acer Aspire Lite 15 AL15-36P-30TN Core 3 N350 (NX.DDASV.001),16990000,/images/products/acer_acer-aspire-lite-15-al15-36p-30tn-core-3-n350-nxddasv001.jpg,Còn hàng
Laptop,Acer,Acer Aspire Lite 16 AL16-71P-582Q Ultra 5 125H (NX.DRSSV.001),24990000,/images/products/acer_acer-aspire-lite-16-al16-71p-582q-ultra-5-125h-nxdrssv001.jpg,Còn hàng
Laptop,Acer,Acer Aspire Lite 15 AL15-53P-56EC Core 5 120U (NX.DG3SV.002.16G),21990000,/images/products/acer_acer-aspire-lite-15-al15-53p-56ec-core-5-120u-nxdg3sv00216g.jpg,Còn hàng
Laptop,Acer,Acer Aspire Lite 15 AL15-44P-R4UH R7 7730U (NX.DJVSV.002),21990000,/images/products/acer_acer-aspire-lite-15-al15-44p-r4uh-r7-7730u-nxdjvsv002.jpg,Còn hàng
Laptop,Acer,Acer Gaming Nitro ProPanel AN16S-61-R9CN Ryzen AI 7 350 (NH.QXGSV.001),53990000,/images/products/acer_acer-gaming-nitro-propanel-an16s-61-r9cn-ryzen-ai-7-350-nhqxgsv001.jpg,Còn hàng
Laptop,MSI,MSI Gaming Cyborg 15 C13WEO-417VN i7 13620H,35590000,/images/products/msi_msi-gaming-cyborg-15-c13weo-417vn-i7-13620h.jpg,Còn hàng
Laptop,Asus,Asus Vivobook 14 X1404MA Core 5 320 (EB028W),24990000,/images/products/asus_asus-vivobook-14-x1404ma-core-5-320-eb028w.jpg,Còn hàng
Laptop,Asus,Asus Vivobook 16 X1607CA Ultra 5 225H (MB387W),25090000,/images/products/asus_asus-vivobook-16-x1607ca-ultra-5-225h-mb387w.jpg,Còn hàng
Laptop,Asus,Asus Zenbook 14 UM3406GA R7 AI 445 (QD075W),34590000,/images/products/asus_asus-zenbook-14-um3406ga-r7-ai-445-qd075w.jpg,Còn hàng
Laptop,Asus,Asus Vivobook S 16 S3607VA Core 5 210H (RP155W),30190000,/images/products/asus_asus-vivobook-s-16-s3607va-core-5-210h-rp155w.jpg,Còn hàng
Laptop,Lenovo,Lenovo Gaming Legion 5 15AHP11 R7 250 (83Q7001HVN),55290000,/images/products/lenovo_lenovo-gaming-legion-5-15ahp11-r7-250-83q7001hvn.jpg,Còn hàng
Laptop,Lenovo,Lenovo IdeaPad Slim 3 15IWC11 Core 3 304 (83RR00A8VN),18990000,/images/products/lenovo_lenovo-ideapad-slim-3-15iwc11-core-3-304-83rr00a8vn.jpg,Còn hàng
Laptop,Dell,Dell 15 DC15250 Core 3 100U (CPH993),21990000,/images/products/dell_dell-15-dc15250-core-3-100u-cph993.jpg,Còn hàng
Laptop,Dell,Dell 16 DC16250 Core 5 120U (71100513),0,/images/products/dell_dell-16-dc16250-core-5-120u-71100513.jpg,Hết hàng
Laptop,Acer,Acer Nitro ProPanel ANV15-52-50RB Core 5 210H (NH.QUASV.002),33490000,/images/products/acer_acer-nitro-propanel-anv15-52-50rb-core-5-210h-nhquasv002.jpg,Còn hàng
Laptop,Dell,Dell 14 DC14250 Core 7 150U (DC14250-C7U161W11SLU-2Y),36990000,/images/products/dell_dell-14-dc14250-core-7-150u-dc14250-c7u161w11slu-2y.jpg,Còn hàng
Laptop,Dell,Dell 15 DC15250 Core 3 100U (DC5C3851W1-2Y),22590000,/images/products/dell_dell-15-dc15250-core-3-100u-dc5c3851w1-2y.jpg,Còn hàng
Laptop,Dell,Dell Pro 15 Essential PV15250 Core 3 100U (PV15250-100U-8512W-2Y),23990000,/images/products/dell_dell-pro-15-essential-pv15250-core-3-100u-pv15250-100u-8512w-2y.jpg,Còn hàng
Laptop,MSI,MSI Modern 14S G3MG-003VN Core 5 320,30090000,/images/products/msi_msi-modern-14s-g3mg-003vn-core-5-320.jpg,Còn hàng
Laptop,Acer,Acer Gaming Nitro ProPanel ANV15-52-73Z8 Core 7 240H (NH.QUASV.001),35990000,/images/products/acer_acer-gaming-nitro-propanel-anv15-52-73z8-core-7-240h-nhquasv001.jpg,Còn hàng
Laptop,Asus,Asus Gaming V16 V3607VJ Core 5 Core 5 210H (TK189W),28990000,/images/products/asus_asus-gaming-v16-v3607vj-core-5-core-5-210h-tk189w.jpg,Còn hàng
Laptop,Asus,Asus ProArt P1 H7606WP R9 AI HX 370 (SR335W),122890000,/images/products/asus_asus-proart-p1-h7606wp-r9-ai-hx-370-sr335w.jpg,Còn hàng
Điện thoại,Samsung,Samsung Galaxy Z Fold8 Ultra 12GB/256GB,52990000,/images/products/samsung_samsung-galaxy-z-fold8-ultra-12gb256gb.jpg,Còn hàng
Điện thoại,Samsung,Samsung Galaxy Z Fold8 12GB/256GB,46990000,/images/products/samsung_samsung-galaxy-z-fold8-12gb256gb.jpg,Còn hàng
Điện thoại,Samsung,Samsung Galaxy Z Flip8 12GB/256GB,31990000,/images/products/samsung_samsung-galaxy-z-flip8-12gb256gb.jpg,Còn hàng
Điện thoại,iPhone,iPhone 17 Pro Max 256GB,35990000,/images/products/iphone_iphone-17-pro-max-256gb.jpg,Còn hàng
Điện thoại,iPhone,iPhone 15 Plus 128GB,19990000,/images/products/iphone_iphone-15-plus-128gb.jpg,Còn hàng
Điện thoại,Samsung,Samsung Galaxy A57 5G 8GB/128GB,11490000,/images/products/samsung_samsung-galaxy-a57-5g-8gb128gb.jpg,Còn hàng
Điện thoại,Samsung,Samsung Galaxy S26 Ultra 5G 12GB/256GB,31490000,/images/products/samsung_samsung-galaxy-s26-ultra-5g-12gb256gb.jpg,Còn hàng
Điện thoại,Xiaomi,Xiaomi 17T 5G 12GB/256GB,17090000,/images/products/xiaomi_xiaomi-17t-5g-12gb256gb.jpg,Còn hàng
Điện thoại,OPPO,OPPO Reno16 Pro 5G 12GB/256GB,23390000,/images/products/oppo_oppo-reno16-pro-5g-12gb256gb.jpg,Còn hàng
Điện thoại,Vivo,Vivo X300 Ultra 16GB/512GB,42990000,/images/products/vivo_vivo-x300-ultra-16gb512gb.jpg,Còn hàng
Điện thoại,realme,realme 16T 5G 8GB/128GB,9990000,/images/products/realme_realme-16t-5g-8gb128gb.jpg,Còn hàng
Điện thoại,Honor,Honor 600 Lite 8GB/256GB,9890000,/images/products/honor_honor-600-lite-8gb256gb.jpg,Còn hàng
Điện thoại,iPhone,iPhone 17 256GB,23990000,/images/products/iphone_iphone-17-256gb.jpg,Còn hàng
Điện thoại,iPhone,iPhone 17 Pro 256GB,33990000,/images/products/iphone_iphone-17-pro-256gb.jpg,Còn hàng
Điện thoại,Samsung,Samsung Galaxy A37 5G 6GB/128GB,9690000,/images/products/samsung_samsung-galaxy-a37-5g-6gb128gb.jpg,Còn hàng
Điện thoại,Xiaomi,Xiaomi 17 5G 12GB/256GB,21190000,/images/products/xiaomi_xiaomi-17-5g-12gb256gb.jpg,Còn hàng
Điện thoại,Vivo,Vivo V70 FE 5G 12GB/256GB,15990000,/images/products/vivo_vivo-v70-fe-5g-12gb256gb.jpg,Còn hàng
Điện thoại,realme,realme C100x 6GB/128GB,7290000,/images/products/realme_realme-c100x-6gb128gb.jpg,Còn hàng
Điện thoại,HONOR,HONOR X9d 5G 12GB/256GB,10790000,/images/products/honor_honor-x9d-5g-12gb256gb.jpg,Còn hàng
Điện thoại,Tecno,Tecno Spark 50 4GB/128GB,4340000,/images/products/tecno_tecno-spark-50-4gb128gb.jpg,Còn hàng
Điện thoại,Motorola,Motorola Edge 70 Fusion 8GB/128GB,10550000,/images/products/motorola_motorola-edge-70-fusion-8gb128gb.jpg,Còn hàng
Điện thoại,iPhone,iPhone 15 128GB,17990000,/images/products/iphone_iphone-15-128gb.jpg,Còn hàng
Điện thoại,iPhone,iPhone Air 256GB,22990000,/images/products/iphone_iphone-air-256gb.jpg,Còn hàng
Điện thoại,Samsung,Samsung Galaxy S26 5G 12GB/256GB,21490000,/images/products/samsung_samsung-galaxy-s26-5g-12gb256gb.jpg,Còn hàng
Điện thoại,OPPO,OPPO Find X9 Ultra 12GB/512GB,49990000,/images/products/oppo_oppo-find-x9-ultra-12gb512gb.jpg,Còn hàng
Điện thoại,OPPO,OPPO Reno16 5G 8GB/256GB,18990000,/images/products/oppo_oppo-reno16-5g-8gb256gb.jpg,Còn hàng
Điện thoại,vivo,vivo V60 Lite 5G 8GB/256GB,10490000,/images/products/vivo_vivo-v60-lite-5g-8gb256gb.jpg,Còn hàng
Điện thoại,realme,realme C100 4G 6GB/128GB,7440000,/images/products/realme_realme-c100-4g-6gb128gb.jpg,Còn hàng
Điện thoại,Honor,Honor X7d 5G 8GB/256GB,7290000,/images/products/honor_honor-x7d-5g-8gb256gb.jpg,Còn hàng
Điện thoại,Tecno,Tecno Spark Go 3 4GB/64GB,3190000,/images/products/tecno_tecno-spark-go-3-4gb64gb.jpg,Còn hàng
Điện thoại,Motorola,Motorola G57 Power 5G 8GB/128GB,6390000,/images/products/motorola_motorola-g57-power-5g-8gb128gb.jpg,Còn hàng
Điện thoại,iPhone,iPhone 17e 256GB,17490000,/images/products/iphone_iphone-17e-256gb.jpg,Còn hàng
Điện thoại,Xiaomi,Xiaomi Redmi Note 15 6GB/128GB,5590000,/images/products/xiaomi_xiaomi-redmi-note-15-6gb128gb.jpg,Còn hàng
Điện thoại,OPPO,OPPO A6x 4GB/64GB,4990000,/images/products/oppo_oppo-a6x-4gb64gb.jpg,Còn hàng
Điện thoại,vivo,vivo X300 Pro 5G 16GB/512GB,31490000,/images/products/vivo_vivo-x300-pro-5g-16gb512gb.jpg,Còn hàng
Điện thoại,realme,realme 16 5G 12GB/256GB,11790000,/images/products/realme_realme-16-5g-12gb256gb.jpg,Còn hàng
Điện thoại,HONOR,HONOR Magic V5 5G 16GB/512GB,39990000,/images/products/honor_honor-magic-v5-5g-16gb512gb.jpg,Còn hàng
Điện thoại,Tecno,Tecno Spark 40C 4GB/128GB,2890000,/images/products/tecno_tecno-spark-40c-4gb128gb.jpg,Còn hàng
Điện thoại,Motorola,Motorola Edge 70 8GB/256GB,10600000,/images/products/motorola_motorola-edge-70-8gb256gb.jpg,Còn hàng
Điện thoại,iPhone,iPhone 16 128GB,20990000,/images/products/iphone_iphone-16-128gb.png,Còn hàng
Điện thoại,iPhone,iPhone 16e 128GB,16990000,/images/products/iphone_iphone-16e-128gb.jpg,Còn hàng
Điện thoại,Samsung,Samsung Galaxy S25 5G 12GB/256GB,17490000,/images/products/samsung_samsung-galaxy-s25-5g-12gb256gb.jpg,Còn hàng
Điện thoại,Xiaomi,Xiaomi Redmi Note 15 5G 6GB/128GB,6790000,/images/products/xiaomi_xiaomi-redmi-note-15-5g-6gb128gb.jpg,Còn hàng
Điện thoại,OPPO,OPPO Find X9 5G 16GB/512GB,26990000,/images/products/oppo_oppo-find-x9-5g-16gb512gb.jpg,Còn hàng
Điện thoại,HONOR,HONOR 400 Lite 12GB/256GB,8330000,/images/products/honor_honor-400-lite-12gb256gb.jpg,Còn hàng
Điện thoại,realme,realme C85 8GB/128GB,5900000,/images/products/realme_realme-c85-8gb128gb.jpg,Còn hàng
Điện thoại,Tecno,Tecno Spark 30C 6GB/128GB,3040000,/images/products/tecno_tecno-spark-30c-6gb128gb.jpg,Còn hàng
Điện thoại,Motorola,Motorola G06 POWER 4GB/64GB,3390000,/images/products/motorola_motorola-g06-power-4gb64gb.jpg,Còn hàng
Điện thoại,iPhone,iPhone 16 Plus 128GB,24990000,/images/products/iphone_iphone-16-plus-128gb.jpg,Còn hàng
Điện thoại,Samsung,Samsung Galaxy A17 5G 8GB/128GB,6590000,/images/products/samsung_samsung-galaxy-a17-5g-8gb128gb.jpg,Còn hàng
Điện thoại,Xiaomi,Xiaomi Redmi Note 15 Pro 5G 12GB/256GB,11190000,/images/products/xiaomi_xiaomi-redmi-note-15-pro-5g-12gb256gb.jpg,Còn hàng
Điện thoại,vivo,vivo Y39 5G 8GB/128GB,7060000,/images/products/vivo_vivo-y39-5g-8gb128gb.jpg,Còn hàng
Điện thoại,realme,realme C85 Pro 8GB/128GB,6790000,/images/products/realme_realme-c85-pro-8gb128gb.jpg,Còn hàng
Điện thoại,HONOR,HONOR 400 5G 12GB/256GB Vàng,12750000,/images/products/honor_honor-400-5g-12gb256gb-vàng.jpg,Còn hàng
Điện thoại,realme,realme C85 5G 8GB/128GB,7690000,/images/products/realme_realme-c85-5g-8gb128gb.jpg,Còn hàng
Điện thoại,Tecno,Tecno Spark 40 6GB/128GB,3590000,/images/products/tecno_tecno-spark-40-6gb128gb.jpg,Còn hàng
Điện thoại,Motorola,Motorola G35 5G 4GB/128GB,4190000,/images/products/motorola_motorola-g35-5g-4gb128gb.jpg,Còn hàng
Điện thoại,realme,realme C100i 4GB/64GB,4790000,/images/products/realme_realme-c100i-4gb64gb.jpg,Còn hàng
Điện thoại,realme,realme P4 Power 5G 12GB/256GB,15490000,/images/products/realme_realme-p4-power-5g-12gb256gb.jpg,Còn hàng
Điện thoại,OPPO,OPPO Reno15 F 5G 12GB/256GB,12990000,/images/products/oppo_oppo-reno15-f-5g-12gb256gb.jpg,Còn hàng
Điện thoại,Samsung,Samsung Galaxy S25 FE 5G 8GB/128GB,13790000,/images/products/samsung_samsung-galaxy-s25-fe-5g-8gb128gb.jpg,Còn hàng
Điện thoại,Xiaomi,Xiaomi Redmi Note 15 Pro 12GB/256GB,9290000,/images/products/xiaomi_xiaomi-redmi-note-15-pro-12gb256gb.jpg,Còn hàng
Điện thoại,OPPO,OPPO A6 Pro 8GB/128GB,8290000,/images/products/oppo_oppo-a6-pro-8gb128gb.jpg,Còn hàng
Điện thoại,vivo,vivo Y19s Pro 6GB/128GB,4900000,/images/products/vivo_vivo-y19s-pro-6gb128gb.jpg,Còn hàng
Điện thoại,realme,realme 15 Pro 5G 12GB/256GB,12490000,/images/products/realme_realme-15-pro-5g-12gb256gb.jpg,Còn hàng
Điện thoại,realme,realme 15T 5G 8GB/256GB,8590000,/images/products/realme_realme-15t-5g-8gb256gb.jpg,Còn hàng
Điện thoại,Motorola,Motorola G86 POWER 5G 8GB/128GB,6290000,/images/products/motorola_motorola-g86-power-5g-8gb128gb.jpg,Còn hàng
Điện thoại,Motorola,Motorola Edge 60 Fusion 5G 8GB/256GB,7490000,/images/products/motorola_motorola-edge-60-fusion-5g-8gb256gb.jpg,Còn hàng
Điện thoại,Motorola,Motorola Razr 60 5G 8GB/256GB,15790000,/images/products/motorola_motorola-razr-60-5g-8gb256gb.jpg,Còn hàng
Điện thoại,Samsung,Samsung Galaxy Z Fold7 5G 12GB/256GB,41990000,/images/products/samsung_samsung-galaxy-z-fold7-5g-12gb256gb.jpg,Còn hàng
Điện thoại,Xiaomi,Xiaomi Redmi Note 15 Pro+ 5G 12GB/256GB,12090000,/images/products/xiaomi_xiaomi-redmi-note-15-pro-5g-12gb256gb.jpg,Còn hàng
Điện thoại,OPPO,OPPO A6 Pro 5G 8GB/256GB,10990000,/images/products/oppo_oppo-a6-pro-5g-8gb256gb.jpg,Còn hàng
Điện thoại,vivo,vivo V60 5G 12GB/256GB,15390000,/images/products/vivo_vivo-v60-5g-12gb256gb.jpg,Còn hàng
Điện thoại,realme,realme C71 6GB/128GB,4310000,/images/products/realme_realme-c71-6gb128gb.jpg,Còn hàng
Điện thoại,HONOR,HONOR X8d 8GB/128GB,7190000,/images/products/honor_honor-x8d-8gb128gb.jpg,Còn hàng
Điện thoại,Xiaomi,Xiaomi 15T Pro 5G 12GB/512GB,18490000,/images/products/xiaomi_xiaomi-15t-pro-5g-12gb512gb.jpg,Còn hàng
Điện thoại,OPPO,OPPO A6t 4GB/64GB,4990000,/images/products/oppo_oppo-a6t-4gb64gb.jpg,Còn hàng
Điện thoại,vivo,vivo V50 Lite 5G 8GB/256GB,8810000,/images/products/vivo_vivo-v50-lite-5g-8gb256gb.jpg,Còn hàng
Điện thoại,Samsung,Samsung Galaxy A07 4GB/64GB,3290000,/images/products/samsung_samsung-galaxy-a07-4gb64gb.jpg,Còn hàng
Điện thoại,Samsung,Samsung Galaxy A17 8GB/128GB,5790000,/images/products/samsung_samsung-galaxy-a17-8gb128gb.jpg,Còn hàng
Điện thoại,Nokia,Nokia 105 4G Pro,780000,/images/products/nokia_nokia-105-4g-pro.jpg,Còn hàng
Điện thoại,realme,realme Note 80 4GB/64GB,4090000,/images/products/realme_realme-note-80-4gb64gb.jpg,Còn hàng
Điện thoại,vivo,vivo Y05 4GB/64GB,4790000,/images/products/vivo_vivo-y05-4gb64gb.jpg,Còn hàng
Điện thoại,Xiaomi,Xiaomi Redmi 15 8GB/128GB,5190000,/images/products/xiaomi_xiaomi-redmi-15-8gb128gb.jpg,Còn hàng
Điện thoại,Masstel,Masstel IZI 10 4G Type-C,430000,/images/products/masstel_masstel-izi-10-4g-type-c.jpg,Còn hàng
Điện thoại,OPPO,OPPO A6 8GB/128GB,9890000,/images/products/oppo_oppo-a6-8gb128gb.jpg,Còn hàng
Điện thoại,Masstel,Masstel Fami 50 4G,650000,/images/products/masstel_masstel-fami-50-4g.jpg,Còn hàng
Điện thoại,OPPO,OPPO A6c 4GB/64GB,4690000,/images/products/oppo_oppo-a6c-4gb64gb.jpg,Còn hàng
Điện thoại,Masstel,Masstel IZI T6 4G,550000,/images/products/masstel_masstel-izi-t6-4g.jpg,Còn hàng
Điện thoại,Xiaomi,Xiaomi Redmi A7 Pro 4GB/64GB,3990000,/images/products/xiaomi_xiaomi-redmi-a7-pro-4gb64gb.jpg,Còn hàng
Điện thoại,Nokia,Nokia HMD 105 4G,750000,/images/products/nokia_nokia-hmd-105-4g.jpg,Còn hàng
Điện thoại,OPPO,OPPO Reno15 5G 8GB/256GB,15990000,/images/products/oppo_oppo-reno15-5g-8gb256gb.jpg,Còn hàng
Điện thoại,Nokia,Nokia 220 4G,1100000,/images/products/nokia_nokia-220-4g.jpg,Còn hàng
Điện thoại,Mobell,Mobell M239 4G,430000,/images/products/mobell_mobell-m239-4g.jpg,Còn hàng
Điện thoại,Vivo,Vivo Y11d 6GB/128GB,7070000,/images/products/vivo_vivo-y11d-6gb128gb.jpg,Còn hàng
Điện thoại,Xiaomi,Xiaomi Redmi 15 5G 4GB/128GB,5490000,/images/products/xiaomi_xiaomi-redmi-15-5g-4gb128gb.jpg,Còn hàng
Điện thoại,Xiaomi,Xiaomi Poco C71 4GB/64GB,3590000,/images/products/xiaomi_xiaomi-poco-c71-4gb64gb.jpg,Còn hàng
Điện thoại,OPPO,OPPO Reno15 Pro 5G 12GB/256GB,18990000,/images/products/oppo_oppo-reno15-pro-5g-12gb256gb.jpg,Còn hàng
Điện thoại,Mobell,Mobell M179,410000,/images/products/mobell_mobell-m179.jpg,Còn hàng
Điện thoại,Samsung,Samsung Galaxy A07 5G 4GB/128GB,4890000,/images/products/samsung_samsung-galaxy-a07-5g-4gb128gb.jpg,Còn hàng
Điện thoại,OPPO,OPPO Find X9s 12GB/256GB,24990000,/images/products/oppo_oppo-find-x9s-12gb256gb.jpg,Còn hàng
Điện thoại,HONOR,HONOR Play 10 3GB/64GB,3790000,/images/products/honor_honor-play-10-3gb64gb.jpg,Còn hàng
Điện thoại,Nokia,Nokia 110 4G Pro,850000,/images/products/nokia_nokia-110-4g-pro.jpg,Còn hàng
Điện thoại,Samsung,Samsung Galaxy S25 Ultra 5G 12GB/256GB,28490000,/images/products/samsung_samsung-galaxy-s25-ultra-5g-12gb256gb.jpg,Còn hàng
Điện thoại,Mobell,Mobell F209 4G,610000,/images/products/mobell_mobell-f209-4g.jpg,Còn hàng
Điện thoại,Masstel,Masstel S9 6GB/256GB,2940000,/images/products/masstel_masstel-s9-6gb256gb.jpg,Còn hàng
Điện thoại,Xiaomi,Xiaomi 17T Pro 5G 12GB/256GB,20550000,/images/products/xiaomi_xiaomi-17t-pro-5g-12gb256gb.jpg,Còn hàng
Điện thoại,Masstel,Masstel IZI T6 T127,550000,/images/products/masstel_masstel-izi-t6-t127.jpg,Còn hàng
Điện thoại,Nubia,Nubia A36 4GB/64GB,2990000,/images/products/nubia_nubia-a36-4gb64gb.jpg,Còn hàng
Điện thoại,Xiaomi,Xiaomi Redmi 15C 4GB/128GB,4490000,/images/products/xiaomi_xiaomi-redmi-15c-4gb128gb.jpg,Còn hàng
Điện thoại,Xiaomi,Xiaomi 15T 5G 12GB/256GB,12990000,/images/products/xiaomi_xiaomi-15t-5g-12gb256gb.jpg,Còn hàng
Điện thoại,vivo,vivo Y21d 6GB/128GB,6290000,/images/products/vivo_vivo-y21d-6gb128gb.jpg,Còn hàng
Điện thoại,OPPO,OPPO A6t Pro 8GB/128GB,9890000,/images/products/oppo_oppo-a6t-pro-8gb128gb.jpg,Còn hàng
Điện thoại,Xiaomi,Xiaomi POCO X7 Pro 5G 12GB/256GB,9390000,/images/products/xiaomi_xiaomi-poco-x7-pro-5g-12gb256gb.jpg,Còn hàng
Điện thoại,Vivo,Vivo V70 5G 12GB/256GB,19990000,/images/products/vivo_vivo-v70-5g-12gb256gb.jpg,Còn hàng
Điện thoại,Xiaomi,Xiaomi POCO M8 5G 8GB/256GB,6590000,/images/products/xiaomi_xiaomi-poco-m8-5g-8gb256gb.jpg,Còn hàng
Điện thoại,Samsung,Samsung Galaxy S26+ 5G 12GB/256GB,24490000,/images/products/samsung_samsung-galaxy-s26-5g-12gb256gb.jpg,Còn hàng
Điện thoại,Mobell,Mobell M331 4G,540000,/images/products/mobell_mobell-m331-4g.jpg,Còn hàng
Điện thoại,Nokia,Nokia 3210 4G,1490000,/images/products/nokia_nokia-3210-4g.jpg,Còn hàng
Điện thoại,Nubia,Nubia A56 4GB/128GB,3390000,/images/products/nubia_nubia-a56-4gb128gb.jpg,Còn hàng
Điện thoại,Nubia,Nubia V80 Design 4GB/128GB,3690000,/images/products/nubia_nubia-v80-design-4gb128gb.jpg,Còn hàng
Điện thoại,HONOR,HONOR X5c Plus 4GB/64GB,3570000,/images/products/honor_honor-x5c-plus-4gb64gb.jpg,Còn hàng
Điện thoại,Mobell,Mobell M539 4G,690000,/images/products/mobell_mobell-m539-4g.jpg,Còn hàng
Điện thoại,Samsung,Samsung Galaxy A26 5G 6GB/128GB,6590000,/images/products/samsung_samsung-galaxy-a26-5g-6gb128gb.jpg,Còn hàng
Điện thoại,OPPO,OPPO Reno14 F 5G 12GB/256GB,11090000,/images/products/oppo_oppo-reno14-f-5g-12gb256gb.jpg,Còn hàng
Điện thoại,Masstel,Masstel Fami 60S 4G,750000,/images/products/masstel_masstel-fami-60s-4g.jpg,Còn hàng
Điện thoại,Xiaomi,Xiaomi 15T 5G 12GB/512GB,13990000,/images/products/xiaomi_xiaomi-15t-5g-12gb512gb.jpg,Còn hàng
Điện thoại,Samsung,Samsung Galaxy Z Flip7 FE 5G 8GB/128GB,16990000,/images/products/samsung_samsung-galaxy-z-flip7-fe-5g-8gb128gb.jpg,Còn hàng
Điện thoại,realme,realme 16 Pro 5G 12GB/256GB,14090000,/images/products/realme_realme-16-pro-5g-12gb256gb.jpg,Còn hàng
Điện thoại,Samsung,Samsung Galaxy Z Flip7 5G 12GB/256GB,23990000,/images/products/samsung_samsung-galaxy-z-flip7-5g-12gb256gb.jpg,Còn hàng
Điện thoại,HONOR,HONOR X6c 6GB/128GB,4490000,/images/products/honor_honor-x6c-6gb128gb.jpg,Còn hàng
Điện thoại,Xiaomi,Xiaomi 17 Ultra 5G 16GB/512GB,30190000,/images/products/xiaomi_xiaomi-17-ultra-5g-16gb512gb.jpg,Còn hàng
Điện thoại,Xiaomi,Xiaomi 15T Pro 5G 12GB/256GB,16790000,/images/products/xiaomi_xiaomi-15t-pro-5g-12gb256gb.jpg,Còn hàng
Điện thoại,Xiaomi,Xiaomi Redmi Note 14 Pro 5G 8GB/256GB,7420000,/images/products/xiaomi_xiaomi-redmi-note-14-pro-5g-8gb256gb.jpg,Còn hàng
Điện thoại,Mobell,Mobell Rock 7,890000,/images/products/mobell_mobell-rock-7.jpg,Còn hàng
Điện thoại,Mobell,Mobell F309 4G,750000,/images/products/mobell_mobell-f309-4g.jpg,Còn hàng
Điện thoại,vivo,vivo X300 5G 12GB/256GB,21990000,/images/products/vivo_vivo-x300-5g-12gb256gb.jpg,Còn hàng
Điện thoại,OPPO,OPPO A5 8GB/128GB,6290000,/images/products/oppo_oppo-a5-8gb128gb.jpg,Còn hàng
Điện thoại,Xiaomi,Xiaomi Redmi Note 14 Pro 8GB/256GB,6850000,/images/products/xiaomi_xiaomi-redmi-note-14-pro-8gb256gb.jpg,Còn hàng
Điện thoại,Nubia,Nubia Air 5G 8GB/256GB,5490000,/images/products/nubia_nubia-air-5g-8gb256gb.jpg,Còn hàng
Điện thoại,Honor,Honor 600 Pro 12GB/256GB,23990000,/images/products/honor_honor-600-pro-12gb256gb.jpg,Còn hàng
Điện thoại,Nubia,Nubia V80 Max 4GB/128GB,3590000,/images/products/nubia_nubia-v80-max-4gb128gb.jpg,Còn hàng
Điện thoại,Honor,Honor X7d 8GB/128GB,6090000,/images/products/honor_honor-x7d-8gb128gb.jpg,Còn hàng
Điện thoại,Honor,Honor 600 8GB/256GB,15990000,/images/products/honor_honor-600-8gb256gb.jpg,Còn hàng
Điện thoại,Masstel,Masstel IZI 10 4G,430000,/images/products/masstel_masstel-izi-10-4g.jpg,Còn hàng
Điện thoại,Motorola,Motorola Signature 12GB/256GB,18790000,/images/products/motorola_motorola-signature-12gb256gb.jpg,Còn hàng
Điện thoại,Xiaomi,Xiaomi POCO X8 Pro 5G 8GB/256GB,11490000,/images/products/xiaomi_xiaomi-poco-x8-pro-5g-8gb256gb.jpg,Còn hàng
Điện thoại,OPPO,OPPO Reno13 5G 12GB/256GB,13200000,/images/products/oppo_oppo-reno13-5g-12gb256gb.jpg,Còn hàng
Điện thoại,realme,realme 15 5G 12GB/256GB,9990000,/images/products/realme_realme-15-5g-12gb256gb.jpg,Còn hàng
Điện thoại,OPPO,OPPO A5 Pro 5G 8GB/256GB,8340000,/images/products/oppo_oppo-a5-pro-5g-8gb256gb.jpg,Còn hàng
Điện thoại,Xiaomi,Xiaomi POCO F8 Pro 12GB/512GB,18990000,/images/products/xiaomi_xiaomi-poco-f8-pro-12gb512gb.jpg,Còn hàng
Điện thoại,OPPO,OPPO Find X8 Pro 5G 16GB/512GB,20590000,/images/products/oppo_oppo-find-x8-pro-5g-16gb512gb.jpg,Còn hàng
Điện thoại,Samsung,Samsung Galaxy S25 Edge 5G 12GB/256GB,19990000,/images/products/samsung_samsung-galaxy-s25-edge-5g-12gb256gb.jpg,Còn hàng
Điện thoại,HONOR,HONOR X5c 4GB/64GB,3290000,/images/products/honor_honor-x5c-4gb64gb.jpg,Còn hàng
Điện thoại,vivo,vivo Y29 8GB/128GB,6380000,/images/products/vivo_vivo-y29-8gb128gb.jpg,Còn hàng
Điện thoại,OPPO,OPPO Find N6 5G 16GB/512GB,64990000,/images/products/oppo_oppo-find-n6-5g-16gb512gb.jpg,Còn hàng
Điện thoại,OPPO,OPPO Find N3 Flip 5G 12GB/256GB Hồng,17580000,/images/products/oppo_oppo-find-n3-flip-5g-12gb256gb-hồng.jpg,Còn hàng
Điện thoại,realme,realme C75 8GB/256GB,5580000,/images/products/realme_realme-c75-8gb256gb.jpg,Còn hàng
Điện thoại,realme,realme C75x 8GB/256GB,5290000,/images/products/realme_realme-c75x-8gb256gb.jpg,Còn hàng
Điện thoại,OPPO,OPPO Reno12 Pro 5G 12GB/512GB,18650000,/images/products/oppo_oppo-reno12-pro-5g-12gb512gb.jpg,Còn hàng
Điện thoại,OPPO,OPPO Reno13 Pro 5G 12GB/512GB,18650000,/images/products/oppo_oppo-reno13-pro-5g-12gb512gb.jpg,Còn hàng
Điện thoại,realme,realme 14 5G 12GB/256GB,9500000,/images/products/realme_realme-14-5g-12gb256gb.jpg,Còn hàng
Điện thoại,Xiaomi,Xiaomi Redmi Note 14 Pro+ 5G 12GB/512GB,10360000,/images/products/xiaomi_xiaomi-redmi-note-14-pro-5g-12gb512gb.jpg,Còn hàng
Điện thoại,Xiaomi,Xiaomi,0,/images/products/xiaomi_xiaomi.jpg,Hết hàng
Điện thoại,vivo,vivo Y31d 6GB/128GB,7640000,/images/products/vivo_vivo-y31d-6gb128gb.jpg,Còn hàng
Điện thoại,Tecno,Tecno Pova Curve 2 5G 8GB/128GB,0,/images/products/tecno_tecno-pova-curve-2-5g-8gb128gb.jpg,Hết hàng
Điện thoại,Honor,Honor 600 Pro Molly 12GB/512GB Vàng Trắng,25490000,/images/products/honor_honor-600-pro-molly-12gb512gb-vàng-trắng.jpg,Còn hàng
Điện thoại,Xiaomi,Xiaomi Redmi A7 3GB/64GB,3690000,/images/products/xiaomi_xiaomi-redmi-a7-3gb64gb.jpg,Còn hàng
Điện thoại,Motorola,Motorola Razr Fold 12GB/256GB,0,/images/products/motorola_motorola-razr-fold-12gb256gb.jpg,Hết hàng
Điện thoại,Samsung,Samsung Galaxy A27 6GB/128GB,8490000,/images/products/samsung_samsung-galaxy-a27-6gb128gb.jpg,Còn hàng
Điện thoại,Motorola,Motorola Moto G37 5G 4GB/64GB,4690000,/images/products/motorola_motorola-moto-g37-5g-4gb64gb.jpg,Còn hàng
Điện thoại,OPPO,OPPO Reno16F 5G 8GB/128GB,13490000,/images/products/oppo_oppo-reno16f-5g-8gb128gb.jpg,Còn hàng
Điện thoại,Xiaomi,Xiaomi Redmi 17 4G 4GB/128GB,5990000,/images/products/xiaomi_xiaomi-redmi-17-4g-4gb128gb.jpg,Còn hàng
Điện thoại,Xiaomi,Xiaomi Redmi 17 4G 4GB/256GB,6690000,/images/products/xiaomi_xiaomi-redmi-17-4g-4gb256gb.jpg,Còn hàng
Điện thoại,Xiaomi,Xiaomi Redmi 17 4G 6GB/256GB,7490000,/images/products/xiaomi_xiaomi-redmi-17-4g-6gb256gb.jpg,Còn hàng
Điện thoại,Xiaomi,Xiaomi Redmi 17 5G 4GB/128GB,6490000,/images/products/xiaomi_xiaomi-redmi-17-5g-4gb128gb.jpg,Còn hàng
Điện thoại,Xiaomi,Xiaomi Redmi 17 5G 4GB/256GB,7290000,/images/products/xiaomi_xiaomi-redmi-17-5g-4gb256gb.jpg,Còn hàng
Máy tính bảng,iPad,iPad A16 WiFi 128GB,11990000,/images/products/ipad_ipad-a16-wifi-128gb.jpg,Còn hàng
Máy tính bảng,iPad,iPad Air M4 11 inch WiFi 128GB,19490000,/images/products/ipad_ipad-air-m4-11-inch-wifi-128gb.jpg,Còn hàng
Máy tính bảng,OPPO,OPPO Pad 5 8GB/256GB,13990000,/images/products/oppo_oppo-pad-5-8gb256gb.jpg,Còn hàng
Máy tính bảng,Xiaomi,Xiaomi Pad 8 8GB/128GB,11390000,/images/products/xiaomi_xiaomi-pad-8-8gb128gb.jpg,Còn hàng
Máy tính bảng,Samsung,Samsung Galaxy Tab A11+ 5G 6GB/128GB,8090000,/images/products/samsung_samsung-galaxy-tab-a11-5g-6gb128gb.jpg,Còn hàng
Máy tính bảng,Samsung,Samsung Galaxy Tab A11+ WiFi 6GB/128GB,6990000,/images/products/samsung_samsung-galaxy-tab-a11-wifi-6gb128gb.jpg,Còn hàng
Máy tính bảng,Xiaomi,Xiaomi Pad 8 Pro 8GB/128GB,14490000,/images/products/xiaomi_xiaomi-pad-8-pro-8gb128gb.jpg,Còn hàng
Máy tính bảng,OPPO,OPPO Pad SE WiFi màn hình nhám 4GB/128GB,7290000,/images/products/oppo_oppo-pad-se-wifi-màn-hình-nhám-4gb128gb.jpg,Còn hàng
Máy tính bảng,iPad,iPad Pro M5 11 inch WiFi 256GB,34590000,/images/products/ipad_ipad-pro-m5-11-inch-wifi-256gb.jpg,Còn hàng
Máy tính bảng,iPad,iPad mini 7 WiFi 128GB,14490000,/images/products/ipad_ipad-mini-7-wifi-128gb.jpg,Còn hàng
Máy tính bảng,OPPO,OPPO Pad Neo 4G 8GB/128GB,7650000,/images/products/oppo_oppo-pad-neo-4g-8gb128gb.jpg,Còn hàng
Máy tính bảng,Samsung,Samsung Galaxy Tab S10 Lite 5G 6GB/128GB,10490000,/images/products/samsung_samsung-galaxy-tab-s10-lite-5g-6gb128gb.jpg,Còn hàng
Máy tính bảng,Samsung,Samsung Galaxy Tab A11 4G 4GB/64GB,4490000,/images/products/samsung_samsung-galaxy-tab-a11-4g-4gb64gb.jpg,Còn hàng
Máy tính bảng,HONOR,HONOR Pad X7 WiFi 4GB/64GB,3290000,/images/products/honor_honor-pad-x7-wifi-4gb64gb.jpg,Còn hàng
Máy tính bảng,Samsung,Samsung Galaxy Tab S11 5G 12GB/128GB,23790000,/images/products/samsung_samsung-galaxy-tab-s11-5g-12gb128gb.jpg,Còn hàng
Máy tính bảng,Lenovo,Lenovo Idea Tab 5G 8GB/128GB,8390000,/images/products/lenovo_lenovo-idea-tab-5g-8gb128gb.jpg,Còn hàng
Máy tính bảng,Xiaomi,Xiaomi Redmi Pad 2 WiFi 4GB/128GB,5380000,/images/products/xiaomi_xiaomi-redmi-pad-2-wifi-4gb128gb.jpg,Còn hàng
Máy tính bảng,Masstel,Masstel Tab 11 Ultra 4G 4GB/128GB,3990000,/images/products/masstel_masstel-tab-11-ultra-4g-4gb128gb.jpg,Còn hàng
Máy tính bảng,iPad,iPad A16 5G 128GB,16490000,/images/products/ipad_ipad-a16-5g-128gb.jpg,Còn hàng
Máy tính bảng,Xiaomi,Xiaomi Redmi Pad 2 Pro WiFi 6GB/128GB,7290000,/images/products/xiaomi_xiaomi-redmi-pad-2-pro-wifi-6gb128gb.jpg,Còn hàng
Máy tính bảng,Xiaomi,Xiaomi Pad 7 WiFi 8GB/256GB,11290000,/images/products/xiaomi_xiaomi-pad-7-wifi-8gb256gb.jpg,Còn hàng
Máy tính bảng,OPPO,OPPO Pad 3 8GB/256GB,11580000,/images/products/oppo_oppo-pad-3-8gb256gb.jpg,Còn hàng
Máy tính bảng,Samsung,Samsung Galaxy Tab S10 FE+ WiFi 8GB/128GB,15990000,/images/products/samsung_samsung-galaxy-tab-s10-fe-wifi-8gb128gb.jpg,Còn hàng
Máy tính bảng,Samsung,Samsung Galaxy Tab S10+ 5G 12GB/256GB,25990000,/images/products/samsung_samsung-galaxy-tab-s10-5g-12gb256gb.jpg,Còn hàng
Máy tính bảng,iPad,iPad mini 7 5G 128GB,18490000,/images/products/ipad_ipad-mini-7-5g-128gb.jpg,Còn hàng
Máy tính bảng,Samsung,Samsung Galaxy Tab S10 FE 5G 8GB/128GB,13890000,/images/products/samsung_samsung-galaxy-tab-s10-fe-5g-8gb128gb.jpg,Còn hàng
Máy tính bảng,Xiaomi,Xiaomi Redmi Pad 2 4G 4GB/128GB,6140000,/images/products/xiaomi_xiaomi-redmi-pad-2-4g-4gb128gb.jpg,Còn hàng
Máy tính bảng,OPPO,OPPO Pad SE 4G 4GB/128GB,7990000,/images/products/oppo_oppo-pad-se-4g-4gb128gb.jpg,Còn hàng
Máy tính bảng,Samsung,Samsung Galaxy Tab S10 Lite Wifi 8GB/256GB,11190000,/images/products/samsung_samsung-galaxy-tab-s10-lite-wifi-8gb256gb.jpg,Còn hàng
Máy tính bảng,Samsung,Samsung Galaxy Tab A11 WiFi 4GB/64GB,3590000,/images/products/samsung_samsung-galaxy-tab-a11-wifi-4gb64gb.jpg,Còn hàng
Máy tính bảng,Xiaomi,Xiaomi Redmi Pad 2 Pro 5G 6GB/128GB,8990000,/images/products/xiaomi_xiaomi-redmi-pad-2-pro-5g-6gb128gb.jpg,Còn hàng
Máy tính bảng,Samsung,Samsung Galaxy Tab S10 FE WiFi 8GB/128GB,10890000,/images/products/samsung_samsung-galaxy-tab-s10-fe-wifi-8gb128gb.jpg,Còn hàng
Máy tính bảng,Xiaomi,Xiaomi Redmi Pad 2 Wifi 9.7 4GB/64GB,4790000,/images/products/xiaomi_xiaomi-redmi-pad-2-wifi-97-4gb64gb.jpg,Còn hàng
Máy tính bảng,iPad,iPad Pro M5 13 inch WiFi 256GB,43790000,/images/products/ipad_ipad-pro-m5-13-inch-wifi-256gb.jpg,Còn hàng
Máy tính bảng,iPad,iPad Air M4 13 inch WiFi 128GB,24990000,/images/products/ipad_ipad-air-m4-13-inch-wifi-128gb.jpg,Còn hàng
Máy tính bảng,Xiaomi,Xiaomi Redmi Pad 2 4G 9.7 4GB/64GB,5690000,/images/products/xiaomi_xiaomi-redmi-pad-2-4g-97-4gb64gb.jpg,Còn hàng
Máy tính bảng,Samsung,Samsung Galaxy Tab S11 Ultra 5G 12GB/256GB,34490000,/images/products/samsung_samsung-galaxy-tab-s11-ultra-5g-12gb256gb.jpg,Còn hàng
Máy tính bảng,iPad,iPad Air M4 11 inch 5G 128GB,23390000,/images/products/ipad_ipad-air-m4-11-inch-5g-128gb.jpg,Còn hàng
Máy tính bảng,iPad,iPad Pro M5 13 inch 5G 256GB,49590000,/images/products/ipad_ipad-pro-m5-13-inch-5g-256gb.jpg,Còn hàng
Máy tính bảng,HONOR,HONOR Pad X9a 8GB/256GB,8490000,/images/products/honor_honor-pad-x9a-8gb256gb.jpg,Còn hàng
Máy tính bảng,Samsung,Samsung Galaxy Tab S11 WiFi 12GB/128GB,20490000,/images/products/samsung_samsung-galaxy-tab-s11-wifi-12gb128gb.jpg,Còn hàng
Máy tính bảng,iPad,iPad Pro M5 11 inch 5G 256GB,39990000,/images/products/ipad_ipad-pro-m5-11-inch-5g-256gb.jpg,Còn hàng
Máy tính bảng,iPad,iPad Air M4 13 inch 5G 128GB,28990000,/images/products/ipad_ipad-air-m4-13-inch-5g-128gb.jpg,Còn hàng
Máy tính bảng,iPad,iPad Air 5 M1 WiFi Cellular 256GB,0,/images/products/ipad_ipad-air-5-m1-wifi-cellular-256gb.jpg,Hết hàng
Máy tính bảng,iPad,iPad Pro M2 12.9 inch WiFi 512GB,34390000,/images/products/ipad_ipad-pro-m2-129-inch-wifi-512gb.jpg,Còn hàng
Máy tính bảng,iPad,iPad Pro M4 13 inch Nano 5G 1TB,61890000,/images/products/ipad_ipad-pro-m4-13-inch-nano-5g-1tb.jpg,Còn hàng
Máy tính bảng,Samsung,Samsung Galaxy Tab S10 FE WiFi 256GB,0,/images/products/samsung_samsung-galaxy-tab-s10-fe-wifi-256gb.jpg,Hết hàng
Máy tính bảng,Honor,Honor Pad X8b 6GB/128GB,7290000,/images/products/honor_honor-pad-x8b-6gb128gb.jpg,Còn hàng
Máy tính bảng,Lenovo,Lenovo Idea Tab 4GB/128GB,6290000,/images/products/lenovo_lenovo-idea-tab-4gb128gb.jpg,Còn hàng
Máy tính bảng,Lenovo,Lenovo Legion Tab Gen 3 WiFi 12GB/256GB,15490000,/images/products/lenovo_lenovo-legion-tab-gen-3-wifi-12gb256gb.jpg,Còn hàng
Máy tính bảng,Lenovo,Lenovo Legion Tab Gen 5 WiFi 12GB/256GB,23990000,/images/products/lenovo_lenovo-legion-tab-gen-5-wifi-12gb256gb.jpg,Còn hàng
Máy tính bảng,Lenovo,Lenovo Yoga Tab WiFi 8GB/256GB,17690000,/images/products/lenovo_lenovo-yoga-tab-wifi-8gb256gb.jpg,Còn hàng
Máy tính bảng,Lenovo,Lenovo Idea Tab Plus Matte Edition WiFi 8GB/256GB,11190000,/images/products/lenovo_lenovo-idea-tab-plus-matte-edition-wifi-8gb256gb.jpg,Còn hàng
Máy tính bảng,Lenovo,Lenovo Idea Tab Pro Gen 2 Matte Edition WiFi 12GB/256GB,18190000,/images/products/lenovo_lenovo-idea-tab-pro-gen-2-matte-edition-wifi-12gb256gb.jpg,Còn hàng
Đồng hồ thông minh,Samsung,Samsung Galaxy Fit3 dây silicone,690000,/images/products/samsung_samsung-galaxy-fit3-dây-silicone.jpg,Còn hàng
Đồng hồ thông minh,Garmin,Garmin Forerunner 165 43mm dây silicone,3990000,/images/products/garmin_garmin-forerunner-165-43mm-dây-silicone.jpg,Còn hàng
Đồng hồ thông minh,Garmin,Garmin Forerunner 965 47.2mm dây silicone,12990000,/images/products/garmin_garmin-forerunner-965-472mm-dây-silicone.jpg,Còn hàng
Đồng hồ thông minh,imoo,imoo Z1 41mm dây TPU Xanh dương,2390000,/images/products/imoo_imoo-z1-41mm-dây-tpu-xanh-dương.jpg,Còn hàng
Đồng hồ thông minh,Garmin,Garmin Forerunner 55 42mm dây silicone,2490000,/images/products/garmin_garmin-forerunner-55-42mm-dây-silicone.jpg,Còn hàng
Đồng hồ thông minh,Garmin,Garmin Lily 2 Classic 34mm dây da,7840000,/images/products/garmin_garmin-lily-2-classic-34mm-dây-da.jpg,Còn hàng
Đồng hồ thông minh,Garmin,Garmin Forerunner 265 Music 46.1mm dây silicone,9180000,/images/products/garmin_garmin-forerunner-265-music-461mm-dây-silicone.jpg,Còn hàng
Đồng hồ thông minh,Garmin,Garmin Lily 2 Classic 34mm dây vải,6840000,/images/products/garmin_garmin-lily-2-classic-34mm-dây-vải.jpg,Còn hàng
Đồng hồ thông minh,Garmin,Garmin Lily 2 34mm dây silicone,6180000,/images/products/garmin_garmin-lily-2-34mm-dây-silicone.jpg,Còn hàng
Đồng hồ thông minh,Kidcare,Kidcare Sight S1 47.5mm dây silicone,2050000,/images/products/kidcare_kidcare-sight-s1-475mm-dây-silicone.jpg,Còn hàng
Đồng hồ thông minh,Xiaomi,Xiaomi Redmi Watch 6,2790000,/images/products/xiaomi_xiaomi-redmi-watch-6.jpg,Còn hàng
Đồng hồ thông minh,Masstel,Masstel Smart Hero Star 47mm dây silicone,1040000,/images/products/masstel_masstel-smart-hero-star-47mm-dây-silicone.jpg,Còn hàng
Đồng hồ thông minh,Kidcare,Kidcare Sight S25 44.5mm dây cao su,1440000,/images/products/kidcare_kidcare-sight-s25-445mm-dây-cao-su.jpg,Còn hàng
Đồng hồ thông minh,Huawei,Huawei Watch Fit 5 42.9mm dây nylon,3290000,/images/products/huawei_huawei-watch-fit-5-429mm-dây-nylon.jpg,Còn hàng
Đồng hồ thông minh,Apple,Apple Watch SE 3 GPS 40mm viền nhôm dây thể thao,6290000,/images/products/apple_apple-watch-se-3-gps-40mm-viền-nhôm-dây-thể-thao.jpg,Còn hàng
Đồng hồ thông minh,Kidcare,Kidcare Sight S26 4G 44.5mm dây cao su,1540000,/images/products/kidcare_kidcare-sight-s26-4g-445mm-dây-cao-su.jpg,Còn hàng
Đồng hồ thông minh,Xiaomi,Xiaomi Mi Band 10 viền gốm dây cao su,1660000,/images/products/xiaomi_xiaomi-mi-band-10-viền-gốm-dây-cao-su.jpg,Còn hàng
Đồng hồ thông minh,Kidcare,Kidcare Sight S5 4G 47mm dây cao su,1540000,/images/products/kidcare_kidcare-sight-s5-4g-47mm-dây-cao-su.jpg,Còn hàng
Đồng hồ thông minh,Apple,Apple Watch Series 11 GPS 42mm viền nhôm dây thể thao,9190000,/images/products/apple_apple-watch-series-11-gps-42mm-viền-nhôm-dây-thể-thao.jpg,Còn hàng
Đồng hồ thông minh,Masstel,Masstel Smart Hero 6 56mm dây silicone,1240000,/images/products/masstel_masstel-smart-hero-6-56mm-dây-silicone.jpg,Còn hàng
Đồng hồ thông minh,Xiaomi,Xiaomi Redmi Watch 5 Lite 48.2mm dây TPU,1190000,/images/products/xiaomi_xiaomi-redmi-watch-5-lite-482mm-dây-tpu.jpg,Còn hàng
Đồng hồ thông minh,Huawei,Huawei Band 11 viền nhôm dây Fluor,990000,/images/products/huawei_huawei-band-11-viền-nhôm-dây-fluor.jpg,Còn hàng
Đồng hồ thông minh,Kidcare,Kidcare K25 42.5mm dây silicone,1790000,/images/products/kidcare_kidcare-k25-425mm-dây-silicone.jpg,Còn hàng
Đồng hồ thông minh,Xiaomi,Xiaomi Redmi Watch 5 Active 49.1mm dây TPU,780000,/images/products/xiaomi_xiaomi-redmi-watch-5-active-491mm-dây-tpu.jpg,Còn hàng
Đồng hồ thông minh,Huawei,Huawei Watch Fit 4 43mm dây silicone,2540000,/images/products/huawei_huawei-watch-fit-4-43mm-dây-silicone.jpg,Còn hàng
Đồng hồ thông minh,Huawei,Huawei Watch Kids 4 Pro 52mm dây silicone,2740000,/images/products/huawei_huawei-watch-kids-4-pro-52mm-dây-silicone.jpg,Còn hàng
Đồng hồ thông minh,Xiaomi,Xiaomi Mi Band 9 Active dây TPU,590000,/images/products/xiaomi_xiaomi-mi-band-9-active-dây-tpu.jpg,Còn hàng
Đồng hồ thông minh,Huawei,Huawei Watch Fit 5 Pro 44.5mm dây nylon,4990000,/images/products/huawei_huawei-watch-fit-5-pro-445mm-dây-nylon.jpg,Còn hàng
Đồng hồ thông minh,Huawei,Huawei Watch GT 6 46mm viền thép dây cao su,4490000,/images/products/huawei_huawei-watch-gt-6-46mm-viền-thép-dây-cao-su.jpg,Còn hàng
Đồng hồ thông minh,Xiaomi,Xiaomi Redmi Watch 5 47.5 mm dây TPU,2290000,/images/products/xiaomi_xiaomi-redmi-watch-5-475-mm-dây-tpu.jpg,Còn hàng
Đồng hồ thông minh,Xiaomi,Xiaomi Watch S5 46mm viền Carbon dây Woven,5390000,/images/products/xiaomi_xiaomi-watch-s5-46mm-viền-carbon-dây-woven.jpg,Còn hàng
Đồng hồ thông minh,Masstel,Masstel Smart Hero 30 49mm dây silicone,2040000,/images/products/masstel_masstel-smart-hero-30-49mm-dây-silicone.jpg,Còn hàng
Đồng hồ thông minh,Xiaomi,Xiaomi Watch S4 41mm dây cao su Fluoro,3690000,/images/products/xiaomi_xiaomi-watch-s4-41mm-dây-cao-su-fluoro.jpg,Còn hàng
Đồng hồ thông minh,Huawei,Huawei Watch GT 6 Pro 46mm viền Titanium dây cao su,6990000,/images/products/huawei_huawei-watch-gt-6-pro-46mm-viền-titanium-dây-cao-su.jpg,Còn hàng
Đồng hồ thông minh,Samsung,Samsung Galaxy Watch8 40mm dây silicone,7490000,/images/products/samsung_samsung-galaxy-watch8-40mm-dây-silicone.jpg,Còn hàng
Đồng hồ thông minh,imoo,imoo Z3 45mm dây TPU,3690000,/images/products/imoo_imoo-z3-45mm-dây-tpu.jpg,Còn hàng
Đồng hồ thông minh,Xiaomi,Xiaomi Mi Band 10 Pro dây TPU,2090000,/images/products/xiaomi_xiaomi-mi-band-10-pro-dây-tpu.jpg,Còn hàng
Đồng hồ thông minh,MyKid,MyKid 4G V2 57.1mm dây silicone,1310000,/images/products/mykid_mykid-4g-v2-571mm-dây-silicone.jpg,Còn hàng
Đồng hồ thông minh,Huawei,Huawei Band 10 viền nhôm dây cao su,690000,/images/products/huawei_huawei-band-10-viền-nhôm-dây-cao-su.jpg,Còn hàng
Đồng hồ thông minh,Huawei,Huawei Band 11 dây Fluor,890000,/images/products/huawei_huawei-band-11-dây-fluor.jpg,Còn hàng
Đồng hồ thông minh,Kidcare,Kidcare K1 54mm dây silicone,2140000,/images/products/kidcare_kidcare-k1-54mm-dây-silicone.jpg,Còn hàng
Đồng hồ thông minh,Zobo,Zobo G1 42.3mm dây silicone,750000,/images/products/zobo_zobo-g1-423mm-dây-silicone.jpg,Còn hàng
Đồng hồ thông minh,Xiaomi,Xiaomi Mi Band 9 Pro dây TPU,1590000,/images/products/xiaomi_xiaomi-mi-band-9-pro-dây-tpu.jpg,Còn hàng
Đồng hồ thông minh,OPPO,OPPO Watch S 46mm dây cao su,3990000,/images/products/oppo_oppo-watch-s-46mm-dây-cao-su.jpg,Còn hàng
Đồng hồ thông minh,Huawei,Huawei Watch GT 6 46mm viền thép dây da,4990000,/images/products/huawei_huawei-watch-gt-6-46mm-viền-thép-dây-da.jpg,Còn hàng
Đồng hồ thông minh,MyKid,MyKid 4G Lite 56mm dây cao su,1210000,/images/products/mykid_mykid-4g-lite-56mm-dây-cao-su.jpg,Còn hàng
Đồng hồ thông minh,Samsung,Samsung Galaxy Watch8 Classic LTE 46mm dây da,10990000,/images/products/samsung_samsung-galaxy-watch8-classic-lte-46mm-dây-da.jpg,Còn hàng
Đồng hồ thông minh,Huawei,Huawei Watch GT 6 Pro 46mm viền Titanium dây Woven,7490000,/images/products/huawei_huawei-watch-gt-6-pro-46mm-viền-titanium-dây-woven.jpg,Còn hàng
Đồng hồ thông minh,Apple,Apple Watch SE 3 GPS + Cellular 40mm viền nhôm dây thể thao,7890000,/images/products/apple_apple-watch-se-3-gps-cellular-40mm-viền-nhôm-dây-thể-thao.jpg,Còn hàng
Đồng hồ thông minh,Zwatch,Zwatch Z6 44mm dây silicone,390000,/images/products/zwatch_zwatch-z6-44mm-dây-silicone.jpg,Còn hàng
Đồng hồ thông minh,Amazfit,Amazfit Active 42.3mm dây silicone,1690000,/images/products/amazfit_amazfit-active-423mm-dây-silicone.jpg,Còn hàng
Đồng hồ thông minh,Huawei,Huawei Watch GT 6 41mm viền thép dây da,4990000,/images/products/huawei_huawei-watch-gt-6-41mm-viền-thép-dây-da.jpg,Còn hàng
Đồng hồ thông minh,Kidcare,Kidcare S6 41.5mm dây silicone,1600000,/images/products/kidcare_kidcare-s6-415mm-dây-silicone.jpg,Còn hàng
Đồng hồ thông minh,Huawei,Huawei Watch GT 6 41mm viền thép dây cao su,4490000,/images/products/huawei_huawei-watch-gt-6-41mm-viền-thép-dây-cao-su.jpg,Còn hàng
Đồng hồ thông minh,Huawei,Huawei Watch GT Runner 2 43.5mm dây Nylon,6790000,/images/products/huawei_huawei-watch-gt-runner-2-435mm-dây-nylon.jpg,Còn hàng
Đồng hồ thông minh,Kidcare,Kidcare S6 41.5mm dây silicone,1750000,/images/products/kidcare_kidcare-s6-415mm-dây-silicone.jpg,Còn hàng
Đồng hồ thông minh,Amazfit,Amazfit Active 2 43.9mm dây silicone,2690000,/images/products/amazfit_amazfit-active-2-439mm-dây-silicone.jpg,Còn hàng
Đồng hồ thông minh,Samsung,Samsung Galaxy Watch8 44mm dây silicone,8490000,/images/products/samsung_samsung-galaxy-watch8-44mm-dây-silicone.jpg,Còn hàng
Đồng hồ thông minh,Apple,Apple Watch Series 11 GPS + Cellular 42mm viền nhôm dây thể thao,11990000,/images/products/apple_apple-watch-series-11-gps-cellular-42mm-viền-nhôm-dây-thể-thao.jpg,Còn hàng
Đồng hồ thông minh,realme,realme Watch 5 50mm dây silicone,1590000,/images/products/realme_realme-watch-5-50mm-dây-silicone.jpg,Còn hàng
Đồng hồ thông minh,Garmin,Garmin Vivoactive 5 42.2mm dây silicone,5690000,/images/products/garmin_garmin-vivoactive-5-422mm-dây-silicone.jpg,Còn hàng
Đồng hồ thông minh,Zwatch,Zwatch Z6 44mm dây silicone,390000,/images/products/zwatch_zwatch-z6-44mm-dây-silicone.jpg,Còn hàng
Đồng hồ thông minh,imoo,imoo Z7 42mm dây TPU,3990000,/images/products/imoo_imoo-z7-42mm-dây-tpu.jpg,Còn hàng
Đồng hồ thông minh,Zobo,Zobo Novabiz 3 50.2mm dây silicone,890000,/images/products/zobo_zobo-novabiz-3-502mm-dây-silicone.jpg,Còn hàng
Đồng hồ thông minh,Amazfit,Amazfit Bip 6 46.3mm dây silicone,2190000,/images/products/amazfit_amazfit-bip-6-463mm-dây-silicone.jpg,Còn hàng
Đồng hồ thông minh,Samsung,Samsung Galaxy Watch8 LTE 44mm dây silicone,8990000,/images/products/samsung_samsung-galaxy-watch8-lte-44mm-dây-silicone.jpg,Còn hàng
Đồng hồ thông minh,OPPO,OPPO Watch S 46mm dây nylon,3990000,/images/products/oppo_oppo-watch-s-46mm-dây-nylon.jpg,Còn hàng
Đồng hồ thông minh,Amazfit,Amazfit Active Max 46mm dây silicone,4490000,/images/products/amazfit_amazfit-active-max-46mm-dây-silicone.jpg,Còn hàng
Đồng hồ thông minh,Xiaomi,Xiaomi Watch S4 41mm dây Milanese,5290000,/images/products/xiaomi_xiaomi-watch-s4-41mm-dây-milanese.jpg,Còn hàng
Đồng hồ thông minh,Masstel,Masstel Smart Hero 10 42.6mm dây silicone,1360000,/images/products/masstel_masstel-smart-hero-10-426mm-dây-silicone.jpg,Còn hàng
Đồng hồ thông minh,Samsung,Samsung Galaxy Watch8 Classic 46mm dây da,9990000,/images/products/samsung_samsung-galaxy-watch8-classic-46mm-dây-da.jpg,Còn hàng
Đồng hồ thông minh,Huawei,Huawei Watch 5 46mm viền Titanium dây composite,6990000,/images/products/huawei_huawei-watch-5-46mm-viền-titanium-dây-composite.jpg,Còn hàng
Đồng hồ thông minh,Huawei,Huawei Watch GT 6 46mm viền thép dây Woven,4990000,/images/products/huawei_huawei-watch-gt-6-46mm-viền-thép-dây-woven.jpg,Còn hàng
Đồng hồ thông minh,Huawei,Huawei Watch GT 6 Pro Honma 46mm viền Titanium dây Fuor,8990000,/images/products/huawei_huawei-watch-gt-6-pro-honma-46mm-viền-titanium-dây-fuor.jpg,Còn hàng
Đồng hồ thông minh,Huawei,Huawei Watch GT 5 Pro 46mm viền Titanium dây cao su,5490000,/images/products/huawei_huawei-watch-gt-5-pro-46mm-viền-titanium-dây-cao-su.jpg,Còn hàng
Đồng hồ thông minh,Huawei,Huawei Watch 5 46mm viền thép dây cao su,6990000,/images/products/huawei_huawei-watch-5-46mm-viền-thép-dây-cao-su.jpg,Còn hàng
Đồng hồ thông minh,Apple,Apple Watch Series 11 GPS + Cellular 42mm viền Titanium dây thể thao,17490000,/images/products/apple_apple-watch-series-11-gps-cellular-42mm-viền-titanium-dây-thể-thao.jpg,Còn hàng
Đồng hồ thông minh,Amazfit,Amazfit T-Rex 3 Pro 44mm dây silicone,9490000,/images/products/amazfit_amazfit-t-rex-3-pro-44mm-dây-silicone.jpg,Còn hàng
Đồng hồ thông minh,Xiaomi,Xiaomi Watch 5 47 mm dây cao su Fluoro,7990000,/images/products/xiaomi_xiaomi-watch-5-47-mm-dây-cao-su-fluoro.jpg,Còn hàng
Đồng hồ thông minh,Huawei,Huawei Watch D2 48mm dây cao su,7840000,/images/products/huawei_huawei-watch-d2-48mm-dây-cao-su.jpg,Còn hàng
Đồng hồ thông minh,Samsung,Samsung Galaxy Watch8 LTE 40mm dây silicone,8490000,/images/products/samsung_samsung-galaxy-watch8-lte-40mm-dây-silicone.jpg,Còn hàng
Đồng hồ thông minh,Huawei,Huawei Watch GT 6 41mm viền thép dây da phối,4990000,/images/products/huawei_huawei-watch-gt-6-41mm-viền-thép-dây-da-phối.jpg,Còn hàng
Đồng hồ thông minh,Samsung,Samsung Galaxy Watch7 44mm dây silicone,4340000,/images/products/samsung_samsung-galaxy-watch7-44mm-dây-silicone.jpg,Còn hàng
Đồng hồ thông minh,Xiaomi,Xiaomi Watch S4 47mm dây silicone,3390000,/images/products/xiaomi_xiaomi-watch-s4-47mm-dây-silicone.jpg,Còn hàng
Đồng hồ thông minh,Garmin,Garmin Forerunner 970 47mm dây silicone,17660000,/images/products/garmin_garmin-forerunner-970-47mm-dây-silicone.jpg,Còn hàng
Đồng hồ thông minh,Garmin,Garmin Venu 3S 41mm dây silicone,9830000,/images/products/garmin_garmin-venu-3s-41mm-dây-silicone.jpg,Còn hàng
Đồng hồ thông minh,Garmin,Garmin Vivoactive 6 42.2mm dây silicone,7320000,/images/products/garmin_garmin-vivoactive-6-422mm-dây-silicone.jpg,Còn hàng
Đồng hồ thông minh,Zobo,Zobo Sporty 1 42mm dây silicone,1190000,/images/products/zobo_zobo-sporty-1-42mm-dây-silicone.jpg,Còn hàng
Đồng hồ thông minh,Amazfit,Amazfit T-Rex 3 47.1mm dây silicone,5490000,/images/products/amazfit_amazfit-t-rex-3-471mm-dây-silicone.jpg,Còn hàng
Đồng hồ thông minh,imoo,imoo Z7 Spider Man 42mm dây TPU,4990000,/images/products/imoo_imoo-z7-spider-man-42mm-dây-tpu.jpg,Còn hàng
Đồng hồ thông minh,Garmin,Garmin Instinct 3 Solar 45mm dây silicone,9710000,/images/products/garmin_garmin-instinct-3-solar-45mm-dây-silicone.jpg,Còn hàng
Đồng hồ thông minh,Garmin,Garmin Forerunner 570 47mm dây silicone,12340000,/images/products/garmin_garmin-forerunner-570-47mm-dây-silicone.jpg,Còn hàng
Đồng hồ thông minh,Garmin,Garmin Fenix 8 Sapphire 47mm viền Titanium dây silicone,26490000,/images/products/garmin_garmin-fenix-8-sapphire-47mm-viền-titanium-dây-silicone.jpg,Còn hàng
Đồng hồ thông minh,Huawei,Huawei Watch GT 6 Pro 46mm viền Titanium dây Titanium,10990000,/images/products/huawei_huawei-watch-gt-6-pro-46mm-viền-titanium-dây-titanium.jpg,Còn hàng
Đồng hồ thông minh,Amazfit,Amazfit Active 3 Premium 46mm dây silicone,4490000,/images/products/amazfit_amazfit-active-3-premium-46mm-dây-silicone.jpg,Còn hàng
Đồng hồ thông minh,Huawei,Huawei Band 11 Pro dây nylon dệt,1590000,/images/products/huawei_huawei-band-11-pro-dây-nylon-dệt.jpg,Còn hàng
Đồng hồ thông minh,Samsung,Samsung Galaxy Watch7 LTE 44mm dây silicone,5320000,/images/products/samsung_samsung-galaxy-watch7-lte-44mm-dây-silicone.jpg,Còn hàng
Đồng hồ thông minh,Amazfit,Amazfit Active 2 Sapphire 43.9mm dây da,3090000,/images/products/amazfit_amazfit-active-2-sapphire-439mm-dây-da.jpg,Còn hàng
Đồng hồ thông minh,Huawei,Huawei Watch 5 42mm dây composite,8990000,/images/products/huawei_huawei-watch-5-42mm-dây-composite.jpg,Còn hàng
Đồng hồ thông minh,Samsung,Samsung Galaxy Watch Ultra LTE 47mm (2025) dây silicone,14490000,/images/products/samsung_samsung-galaxy-watch-ultra-lte-47mm-2025-dây-silicone.jpg,Còn hàng
Đồng hồ thông minh,Huawei,Huawei Watch Ultimate 2 48.5mm dây cao su,15290000,/images/products/huawei_huawei-watch-ultimate-2-485mm-dây-cao-su.jpg,Còn hàng
Đồng hồ thông minh,Huawei,Huawei Watch GT 6 41mm viền thép dây Milanese,6490000,/images/products/huawei_huawei-watch-gt-6-41mm-viền-thép-dây-milanese.jpg,Còn hàng
Đồng hồ thông minh,Garmin,Garmin Forerunner 70 42.6mm dây silicone,7190000,/images/products/garmin_garmin-forerunner-70-426mm-dây-silicone.jpg,Còn hàng
Đồng hồ thông minh,OPPO,OPPO Watch X3 47.4mm dây cao su,10490000,/images/products/oppo_oppo-watch-x3-474mm-dây-cao-su.jpg,Còn hàng
Đồng hồ thông minh,Garmin,Garmin Forerunner 265S 41.7mm dây silicone,9180000,/images/products/garmin_garmin-forerunner-265s-417mm-dây-silicone.jpg,Còn hàng
Đồng hồ thông minh,Apple,Apple Watch Series 11 GPS + Cellular 42mm viền Titanium dây Milan,19190000,/images/products/apple_apple-watch-series-11-gps-cellular-42mm-viền-titanium-dây-milan.jpg,Còn hàng
Đồng hồ thông minh,Garmin,Garmin Forerunner 170 Music 42.6mm dây silicone,10290000,/images/products/garmin_garmin-forerunner-170-music-426mm-dây-silicone.jpg,Còn hàng
Đồng hồ thông minh,Garmin,Garmin Venu 4 41mm dây silicone,14240000,/images/products/garmin_garmin-venu-4-41mm-dây-silicone.jpg,Còn hàng
Đồng hồ thông minh,Amazfit,Amazfit Cheetah Square 44mm dây silicone,2890000,/images/products/amazfit_amazfit-cheetah-square-44mm-dây-silicone.jpg,Còn hàng
Đồng hồ thông minh,Samsung,Samsung Galaxy Watch Ultra LTE 47mm dây silicone,14190000,/images/products/samsung_samsung-galaxy-watch-ultra-lte-47mm-dây-silicone.jpg,Còn hàng
Đồng hồ thông minh,Garmin,Garmin Fenix 8 47mm viền thép dây silicone,23850000,/images/products/garmin_garmin-fenix-8-47mm-viền-thép-dây-silicone.jpg,Còn hàng
Đồng hồ thông minh,Garmin,Garmin Fenix 8 Sapphire 43mm viền Titanium dây silicone,26490000,/images/products/garmin_garmin-fenix-8-sapphire-43mm-viền-titanium-dây-silicone.jpg,Còn hàng
Đồng hồ thông minh,Garmin,Garmin Instinct 3 50mm dây silicone,12090000,/images/products/garmin_garmin-instinct-3-50mm-dây-silicone.jpg,Còn hàng
Đồng hồ thông minh,Bộ,Bộ kit đo size nhẫn,100000,/images/products/bộ_bộ-kit-đo-size-nhẫn.jpg,Còn hàng
Đồng hồ thông minh,Huawei,Huawei Watch 5 42mm viền thép dây composite,6990000,/images/products/huawei_huawei-watch-5-42mm-viền-thép-dây-composite.jpg,Còn hàng
Đồng hồ thông minh,Amazfit,Amazfit Active 2 Square Sapphire 43.3mm dây da,3690000,/images/products/amazfit_amazfit-active-2-square-sapphire-433mm-dây-da.jpg,Còn hàng
Đồng hồ thông minh,Amazfit,Amazfit T-Rex 3 Pro 48mm dây silicone,9190000,/images/products/amazfit_amazfit-t-rex-3-pro-48mm-dây-silicone.jpg,Còn hàng
Đồng hồ thông minh,Garmin,Garmin Fenix 8 Sapphire 43mm viền thép dây silicone,26490000,/images/products/garmin_garmin-fenix-8-sapphire-43mm-viền-thép-dây-silicone.jpg,Còn hàng
Đồng hồ thông minh,Amazfit,Amazfit Balance 2 47.4mm dây silicone,7190000,/images/products/amazfit_amazfit-balance-2-474mm-dây-silicone.jpg,Còn hàng
Đồng hồ thông minh,Garmin,Garmin Golf Approach S70 47mm dây silicone,16160000,/images/products/garmin_garmin-golf-approach-s70-47mm-dây-silicone.jpg,Còn hàng
Đồng hồ thông minh,Amazfit,Amazfit Balance 46mm dây nylon,3890000,/images/products/amazfit_amazfit-balance-46mm-dây-nylon.jpg,Còn hàng
Đồng hồ thông minh,Garmin,Garmin Fenix 8 43mm viền thép dây silicone,23850000,/images/products/garmin_garmin-fenix-8-43mm-viền-thép-dây-silicone.jpg,Còn hàng
Đồng hồ thông minh,Garmin,Garmin Fenix E 47mm viền thép dây silicone,18090000,/images/products/garmin_garmin-fenix-e-47mm-viền-thép-dây-silicone.jpg,Còn hàng
Đồng hồ thông minh,Garmin,Garmin Lily 2 Active 38mm dây silicone,7320000,/images/products/garmin_garmin-lily-2-active-38mm-dây-silicone.jpg,Còn hàng
Đồng hồ thông minh,Huawei,Huawei Watch GT 5 Pro 42mm viền gốm dây gốm,11470000,/images/products/huawei_huawei-watch-gt-5-pro-42mm-viền-gốm-dây-gốm.jpg,Còn hàng
Đồng hồ thông minh,Garmin,Garmin Instinct 3 45mm dây silicone,10860000,/images/products/garmin_garmin-instinct-3-45mm-dây-silicone.jpg,Còn hàng
Đồng hồ thông minh,Garmin,Garmin Approach S50 43mm dây nylon,9710000,/images/products/garmin_garmin-approach-s50-43mm-dây-nylon.jpg,Còn hàng
Đồng hồ thông minh,Samsung,Samsung Galaxy Ring Size 8,9810000,/images/products/samsung_samsung-galaxy-ring-size-8.jpg,Còn hàng
Đồng hồ thông minh,OPPO,OPPO Watch X2 mini 43mm dây da,7490000,/images/products/oppo_oppo-watch-x2-mini-43mm-dây-da.jpg,Còn hàng
Đồng hồ thông minh,Garmin,Garmin Venu X1 Sapphire 51.2mm dây nylon,17920000,/images/products/garmin_garmin-venu-x1-sapphire-512mm-dây-nylon.jpg,Còn hàng
Đồng hồ thông minh,Huawei,Huawei Watch Ultimate 2 47.8mm dây composite,21290000,/images/products/huawei_huawei-watch-ultimate-2-478mm-dây-composite.jpg,Còn hàng
Đồng hồ thông minh,Amazfit,Amazfit Bip Max 49.5mm dây silicone,2390000,/images/products/amazfit_amazfit-bip-max-495mm-dây-silicone.jpg,Còn hàng
Đồng hồ thông minh,Garmin,Garmin Instinct 2S Solar 40mm dây silicone,9900000,/images/products/garmin_garmin-instinct-2s-solar-40mm-dây-silicone.jpg,Còn hàng
Đồng hồ thông minh,Garmin,Garmin Golf Approach S70 42mm dây silicone,15010000,/images/products/garmin_garmin-golf-approach-s70-42mm-dây-silicone.jpg,Còn hàng
Đồng hồ thông minh,Garmin,Garmin Instinct E 45mm dây silicone,8140000,/images/products/garmin_garmin-instinct-e-45mm-dây-silicone.jpg,Còn hàng
Đồng hồ thông minh,Suunto,Suunto Run 46mm dây nylon,6090000,/images/products/suunto_suunto-run-46mm-dây-nylon.jpg,Còn hàng
Đồng hồ thông minh,Suunto,Suunto Race S 45mm dây silicone,8590000,/images/products/suunto_suunto-race-s-45mm-dây-silicone.jpg,Còn hàng
Đồng hồ thông minh,Suunto,Suunto Race S Titanium 45mm dây silicone,10590000,/images/products/suunto_suunto-race-s-titanium-45mm-dây-silicone.jpg,Còn hàng
Đồng hồ thông minh,Amazfit,Amazfit T-Rex Ultra 2 51mm dây silicone,13990000,/images/products/amazfit_amazfit-t-rex-ultra-2-51mm-dây-silicone.jpg,Còn hàng
Đồng hồ thông minh,imoo,imoo X10 45mm dây TPU,7990000,/images/products/imoo_imoo-x10-45mm-dây-tpu.jpg,Còn hàng
Đồng hồ thông minh,Amazfit,Amazfit Cheetah 2 Pro 48mm dây silicone,10990000,/images/products/amazfit_amazfit-cheetah-2-pro-48mm-dây-silicone.jpg,Còn hàng
Đồng hồ thông minh,Tammi,Tammi Watch Kid Plus 50.63mm dây silicone,1240000,/images/products/tammi_tammi-watch-kid-plus-5063mm-dây-silicone.jpg,Còn hàng
Đồng hồ thông minh,Tammi,Tammi Watch Kid Max 48.6mm dây silicone,1540000,/images/products/tammi_tammi-watch-kid-max-486mm-dây-silicone.jpg,Còn hàng
Đồng hồ thông minh,Samsung,Samsung Galaxy Watch9 LTE 44mm dây silicone,11490000,/images/products/samsung_samsung-galaxy-watch9-lte-44mm-dây-silicone.jpg,Còn hàng
Đồng hồ thông minh,Samsung,Samsung Galaxy Watch Ultra 2 LTE 47mm dây silicone,17990000,/images/products/samsung_samsung-galaxy-watch-ultra-2-lte-47mm-dây-silicone.jpg,Còn hàng
Đồng hồ thông minh,Samsung,Samsung Galaxy Watch9 Bluetooth 44mm dây silicone,10490000,/images/products/samsung_samsung-galaxy-watch9-bluetooth-44mm-dây-silicone.jpg,Còn hàng
Đồng hồ thông minh,Samsung,Samsung Galaxy Watch9 LTE 40mm dây silicone,10990000,/images/products/samsung_samsung-galaxy-watch9-lte-40mm-dây-silicone.jpg,Còn hàng
Đồng hồ thông minh,Samsung,Samsung Galaxy Watch9 Bluetooth 40mm dây silicone,9490000,/images/products/samsung_samsung-galaxy-watch9-bluetooth-40mm-dây-silicone.jpg,Còn hàng
Đồng hồ thông minh,Zobo,Zobo K2 44mm dây silicone,990000,/images/products/zobo_zobo-k2-44mm-dây-silicone.jpg,Còn hàng
Đồng hồ thông minh,Zobo,Zobo S6 37mm dây silicone,1790000,/images/products/zobo_zobo-s6-37mm-dây-silicone.jpg,Còn hàng
Đồng hồ thông minh,Zobo,Zobo S8 45mm dây silicone,1940000,/images/products/zobo_zobo-s8-45mm-dây-silicone.jpg,Còn hàng
Đồng hồ thông minh,Amazfit,Amazfit Bip Balance 3 51.4mm dây silicone,9190000,/images/products/amazfit_amazfit-bip-balance-3-514mm-dây-silicone.jpg,Còn hàng
Đồng hồ thông minh,Garmin,Garmin CIRQA size S-M dây vải,0,/images/products/garmin_garmin-cirqa-size-s-m-dây-vải.jpg,Hết hàng
Đồng hồ thông minh,Garmin,Garmin CIRQA size L-XL dây vải,0,/images/products/garmin_garmin-cirqa-size-l-xl-dây-vải.jpg,Hết hàng
Tivi,LG,LG Smart TV 65QNED70BSA,24400000,/images/products/lg_lg-smart-tv-65qned70bsa.jpg,Còn hàng
Tivi,Samsung,Samsung Smart TV QLED QA75Q8F5,30900000,/images/products/samsung_samsung-smart-tv-qled-qa75q8f5.png,Còn hàng
Tivi,TCL,TCL Google TV 55P635,12490000,/images/products/tcl_tcl-google-tv-55p635.jpg,Còn hàng
Tivi,LG,LG Smart TV 75NU855BPSA,26400000,/images/products/lg_lg-smart-tv-75nu855bpsa.jpg,Còn hàng
Tivi,Samsung,Samsung Smart TV Mini LED UA55M77HA,14900000,/images/products/samsung_samsung-smart-tv-mini-led-ua55m77ha.jpg,Còn hàng
Tivi,Toshiba,Toshiba Smart TV 55C350RP,10990000,/images/products/toshiba_toshiba-smart-tv-55c350rp.jpg,Còn hàng
Tivi,LG,LG Smart TV 43UA8450PSA,10690000,/images/products/lg_lg-smart-tv-43ua8450psa.jpg,Còn hàng
Tivi,AQUA,AQUA Google TV QLED AQT55S80EUX,8990000,/images/products/aqua_aqua-google-tv-qled-aqt55s80eux.png,Còn hàng
Tivi,Smart,Smart Tivi OLED Samsung AI 4K 65 inch QA65S85F,49000000,/images/products/smart_smart-tivi-oled-samsung-ai-4k-65-inch-qa65s85f.png,Còn hàng
Tivi,LG,LG Smart TV 65QNED81ASA,24400000,/images/products/lg_lg-smart-tv-65qned81asa.jpg,Còn hàng
Tivi,Hisense,Hisense Smart TV 58A6Q,9390000,/images/products/hisense_hisense-smart-tv-58a6q.jpg,Còn hàng
Tivi,Samsung,Samsung Smart TV Crystal UHD UA98DU9000,61900000,/images/products/samsung_samsung-smart-tv-crystal-uhd-ua98du9000.png,Còn hàng
Tivi,Xiaomi,Xiaomi Google TV QLED A Pro L32MB-APSEA,4190000,/images/products/xiaomi_xiaomi-google-tv-qled-a-pro-l32mb-apsea.jpg,Còn hàng
Tivi,Samsung,Samsung Smart TV QLED QA75Q7FA,26500000,/images/products/samsung_samsung-smart-tv-qled-qa75q7fa.jpg,Còn hàng
Tivi,Smart,Smart Tivi QNED LG AI 4K 50 inch 50QNED70BSA,15900000,/images/products/smart_smart-tivi-qned-lg-ai-4k-50-inch-50qned70bsa.jpg,Còn hàng
Tivi,Smart,Smart Tivi OLED LG AI 4K 65 inch OLED65C6PSA,63900000,/images/products/smart_smart-tivi-oled-lg-ai-4k-65-inch-oled65c6psa.jpg,Còn hàng
Tivi,Toshiba,Toshiba Smart TV QLED 55M450RP,11990000,/images/products/toshiba_toshiba-smart-tv-qled-55m450rp.jpg,Còn hàng
Tivi,Samsung,Samsung Smart TV Crystal UHD UA65U8550F,16500000,/images/products/samsung_samsung-smart-tv-crystal-uhd-ua65u8550f.png,Còn hàng
Tivi,LG,LG Smart TV NanoCell 55NANO80ASA,17490000,/images/products/lg_lg-smart-tv-nanocell-55nano80asa.jpg,Còn hàng
Tivi,Samsung,Samsung Smart TV QLED QA55Q8F5,19600000,/images/products/samsung_samsung-smart-tv-qled-qa55q8f5.jpg,Còn hàng
Tivi,Samsung,Samsung Smart TV UA43F6000F,7890000,/images/products/samsung_samsung-smart-tv-ua43f6000f.jpg,Còn hàng
Tivi,LG,LG Smart TV NanoCell 65NANO80ASA,22400000,/images/products/lg_lg-smart-tv-nanocell-65nano80asa.jpg,Còn hàng
Tivi,Samsung,Samsung Smart TV QLED QA65Q8F5,21500000,/images/products/samsung_samsung-smart-tv-qled-qa65q8f5.png,Còn hàng
Tivi,Sony,Sony Google TV BRAVIA 2 II K-55S25VM2,15990000,/images/products/sony_sony-google-tv-bravia-2-ii-k-55s25vm2.jpg,Còn hàng
Tivi,TCL,TCL Google TV QLED 40S5K,7690000,/images/products/tcl_tcl-google-tv-qled-40s5k.png,Còn hàng
Tivi,Samsung,Samsung Smart TV Crystal UHD UA55U8550F,13500000,/images/products/samsung_samsung-smart-tv-crystal-uhd-ua55u8550f.png,Còn hàng
Tivi,Samsung,Samsung Smart TV Crystal UHD UA43U8550F,9600000,/images/products/samsung_samsung-smart-tv-crystal-uhd-ua43u8550f.png,Còn hàng
Tivi,Samsung,Samsung Smart TV UA32H5000F,6290000,/images/products/samsung_samsung-smart-tv-ua32h5000f.jpg,Còn hàng
Tivi,Samsung,Samsung Smart TV QLED QA65Q6FA,18100000,/images/products/samsung_samsung-smart-tv-qled-qa65q6fa.jpg,Còn hàng
Tivi,TCL,TCL Google TV 43P6K,10490000,/images/products/tcl_tcl-google-tv-43p6k.jpg,Còn hàng
Tivi,AQUA,AQUA Android TV AQT43K800FG,6990000,/images/products/aqua_aqua-android-tv-aqt43k800fg.png,Còn hàng
Tivi,Hisense,Hisense Smart TV QLED 32Q5S,4690000,/images/products/hisense_hisense-smart-tv-qled-32q5s.jpg,Còn hàng
Tivi,Toshiba,Toshiba Smart TV 43C350RP,8490000,/images/products/toshiba_toshiba-smart-tv-43c350rp.jpg,Còn hàng
Tivi,Toshiba,Toshiba Smart TV 43V35RP,6590000,/images/products/toshiba_toshiba-smart-tv-43v35rp.jpg,Còn hàng
Tivi,Hisense,Hisense Smart TV 43A5S,6490000,/images/products/hisense_hisense-smart-tv-43a5s.jpg,Còn hàng
Tivi,Sony,Sony Google TV BRAVIA 2 II K-65S25VM2,19990000,/images/products/sony_sony-google-tv-bravia-2-ii-k-65s25vm2.jpg,Còn hàng
Tivi,Samsung,Samsung Smart TV QLED QA55Q6FA,13900000,/images/products/samsung_samsung-smart-tv-qled-qa55q6fa.jpg,Còn hàng
Tivi,LG,LG Smart TV 43QNED70BSA,12900000,/images/products/lg_lg-smart-tv-43qned70bsa.jpg,Còn hàng
Tivi,TCL,TCL Google TV QLED 43S5K,8590000,/images/products/tcl_tcl-google-tv-qled-43s5k.png,Còn hàng
Tivi,AQUA,AQUA Google TV QLED AQT65S80EUX,10990000,/images/products/aqua_aqua-google-tv-qled-aqt65s80eux.jpg,Còn hàng
Tivi,Google,Google Tivi Sony 4K 43 inch K-43S25VM2,11990000,/images/products/google_google-tivi-sony-4k-43-inch-k-43s25vm2.jpg,Còn hàng
Tivi,LG,LG Smart TV 55QNED70BSA,18900000,/images/products/lg_lg-smart-tv-55qned70bsa.jpg,Còn hàng
Tivi,TCL,TCL Google TV QLED 32S5K,6490000,/images/products/tcl_tcl-google-tv-qled-32s5k.jpg,Còn hàng
Tivi,Hisense,Hisense Smart TV QLED 40Q5S,5890000,/images/products/hisense_hisense-smart-tv-qled-40q5s.jpg,Còn hàng
Tivi,Xiaomi,Xiaomi Google TV A L43MB-AFSEA,6390000,/images/products/xiaomi_xiaomi-google-tv-a-l43mb-afsea.jpg,Còn hàng
Tivi,Samsung,Samsung Smart TV Mini LED UA55M8XHA,16900000,/images/products/samsung_samsung-smart-tv-mini-led-ua55m8xha.jpg,Còn hàng
Tivi,LG,LG Smart TV NanoCell 75NANO80ASA,30790000,/images/products/lg_lg-smart-tv-nanocell-75nano80asa.jpg,Còn hàng
Tivi,Sony,Sony Google TV BRAVIA 3 K-55S30,17990000,/images/products/sony_sony-google-tv-bravia-3-k-55s30.jpg,Còn hàng
Tivi,Google,Google Tivi Aqua 32 inch AQT32K85FX,4790000,/images/products/google_google-tivi-aqua-32-inch-aqt32k85fx.jpg,Còn hàng
Tivi,Samsung,Samsung Smart TV QLED QA50Q7FA,11900000,/images/products/samsung_samsung-smart-tv-qled-qa50q7fa.png,Còn hàng
Tivi,Toshiba,Toshiba Smart TV 32V35RP,4790000,/images/products/toshiba_toshiba-smart-tv-32v35rp.jpg,Còn hàng
Tivi,Samsung,Samsung Smart TV QLED QA75Q6FA,24500000,/images/products/samsung_samsung-smart-tv-qled-qa75q6fa.jpg,Còn hàng
Tivi,Samsung,Samsung Smart TV UA43U8500H,9900000,/images/products/samsung_samsung-smart-tv-ua43u8500h.jpg,Còn hàng
Tivi,LG,LG Smart TV 43NU855BPSA,11400000,/images/products/lg_lg-smart-tv-43nu855bpsa.jpg,Còn hàng
Tivi,LG,LG Smart TV 65UA8450PSA,19490000,/images/products/lg_lg-smart-tv-65ua8450psa.jpg,Còn hàng
Tivi,Xiaomi,Xiaomi Google TV QLED A Pro L43MB-APSEA,7690000,/images/products/xiaomi_xiaomi-google-tv-qled-a-pro-l43mb-apsea.jpg,Còn hàng
Tivi,Sony,Sony Google TV KD-32W830K,7690000,/images/products/sony_sony-google-tv-kd-32w830k.jpg,Còn hàng
Tivi,LG,LG Smart TV 55NU855BPSA,15500000,/images/products/lg_lg-smart-tv-55nu855bpsa.jpg,Còn hàng
Tivi,TCL,TCL Google TV 65P6K,15990000,/images/products/tcl_tcl-google-tv-65p6k.jpg,Còn hàng
Tivi,AQUA,AQUA Google TV AQT50K800UG,7890000,/images/products/aqua_aqua-google-tv-aqt50k800ug.png,Còn hàng
Tivi,LG,LG Smart TV NanoCell 43NANO80ASA,12590000,/images/products/lg_lg-smart-tv-nanocell-43nano80asa.jpg,Còn hàng
Tivi,TCL,TCL Google TV QD-Mini LED 55C6KS,16990000,/images/products/tcl_tcl-google-tv-qd-mini-led-55c6ks.jpg,Còn hàng
Tivi,Samsung,Samsung Smart TV Crystal UHD UA75U8500F,21900000,/images/products/samsung_samsung-smart-tv-crystal-uhd-ua75u8500f.png,Còn hàng
Tivi,Sony,Sony Google TV BRAVIA 3 K-43S30,13690000,/images/products/sony_sony-google-tv-bravia-3-k-43s30.png,Còn hàng
Tivi,LG,LG Smart TV 55UA8450PSA,15590000,/images/products/lg_lg-smart-tv-55ua8450psa.jpg,Còn hàng
Tivi,Samsung,Samsung Smart TV OLED QA55S85F,35300000,/images/products/samsung_samsung-smart-tv-oled-qa55s85f.png,Còn hàng
Tivi,Hisense,Hisense Smart TV 55A6Q,9290000,/images/products/hisense_hisense-smart-tv-55a6q.jpg,Còn hàng
Tivi,Sony,Sony Google TV BRAVIA 2 II K-50S25VM2,14690000,/images/products/sony_sony-google-tv-bravia-2-ii-k-50s25vm2.jpg,Còn hàng
Tivi,Samsung,Samsung Smart TV Neo QLED QA65QN70F,24900000,/images/products/samsung_samsung-smart-tv-neo-qled-qa65qn70f.png,Còn hàng
Tivi,Samsung,Samsung Smart TV Mini LED UA43M77HA,10900000,/images/products/samsung_samsung-smart-tv-mini-led-ua43m77ha.jpg,Còn hàng
Tivi,LG,LG Smart TV 75QNED70BSA,34900000,/images/products/lg_lg-smart-tv-75qned70bsa.jpg,Còn hàng
Tivi,Xiaomi,Xiaomi Google TV QLED A Pro L55MB-APSEA,10990000,/images/products/xiaomi_xiaomi-google-tv-qled-a-pro-l55mb-apsea.jpg,Còn hàng
Tivi,Samsung,Samsung Smart TV Neo QLED QA55QN70F,21100000,/images/products/samsung_samsung-smart-tv-neo-qled-qa55qn70f.png,Còn hàng
Tivi,LG,LG Smart TV 55QNED86BSA,23900000,/images/products/lg_lg-smart-tv-55qned86bsa.jpg,Còn hàng
Tivi,Samsung,Samsung Smart TV Mini LED UA65M8XHA,21900000,/images/products/samsung_samsung-smart-tv-mini-led-ua65m8xha.jpg,Còn hàng
Tivi,Sony,Sony Google TV BRAVIA 3 K-50S30,16690000,/images/products/sony_sony-google-tv-bravia-3-k-50s30.png,Còn hàng
Tivi,Xiaomi,Xiaomi Google TV A L55MB-ASEA,9990000,/images/products/xiaomi_xiaomi-google-tv-a-l55mb-asea.jpg,Còn hàng
Tivi,Google,Google Tivi TCL AI 4K 75 inch 75P6K,21490000,/images/products/google_google-tivi-tcl-ai-4k-75-inch-75p6k.jpg,Còn hàng
Tivi,Sony,Sony Google TV BRAVIA 3 K-75S30,32990000,/images/products/sony_sony-google-tv-bravia-3-k-75s30.png,Còn hàng
Tivi,Sony,Sony Google TV BRAVIA 3 K-65S30,21490000,/images/products/sony_sony-google-tv-bravia-3-k-65s30.jpg,Còn hàng
Tivi,Toshiba,Toshiba Smart TV 65C350RP,13990000,/images/products/toshiba_toshiba-smart-tv-65c350rp.jpg,Còn hàng
Tivi,LG,LG Smart TV 65NU855BPSA,19400000,/images/products/lg_lg-smart-tv-65nu855bpsa.jpg,Còn hàng
Tivi,AQUA,AQUA Google TV QLED AQT50S800UX,8990000,/images/products/aqua_aqua-google-tv-qled-aqt50s800ux.png,Còn hàng
Tivi,TCL,TCL Google TV QLED 50P7K,9490000,/images/products/tcl_tcl-google-tv-qled-50p7k.png,Còn hàng
Tivi,TCL,TCL Google TV QD-Mini LED 65C6KS,20990000,/images/products/tcl_tcl-google-tv-qd-mini-led-65c6ks.png,Còn hàng
Tivi,Samsung,Samsung Smart TV QLED QA55Q7FA,15800000,/images/products/samsung_samsung-smart-tv-qled-qa55q7fa.jpg,Còn hàng
Tivi,AQUA,AQUA Google TV AQT55K85FUX,9990000,/images/products/aqua_aqua-google-tv-aqt55k85fux.png,Còn hàng
Tivi,Sony,Sony Google TV BRAVIA 2 II K-75S25VM2,28490000,/images/products/sony_sony-google-tv-bravia-2-ii-k-75s25vm2.jpg,Còn hàng
Tivi,Smart,Smart Tivi QNED LG AI 4K 65 inch 65QNED86BSA,29900000,/images/products/smart_smart-tivi-qned-lg-ai-4k-65-inch-65qned86bsa.jpg,Còn hàng
Tivi,Hisense,Hisense Smart TV 65A6Q,11990000,/images/products/hisense_hisense-smart-tv-65a6q.jpg,Còn hàng
Tivi,LG,LG Smart TV 50NU855BPSA,13900000,/images/products/lg_lg-smart-tv-50nu855bpsa.jpg,Còn hàng
Tivi,Toshiba,Toshiba Smart TV QLED 40V37SP,6290000,/images/products/toshiba_toshiba-smart-tv-qled-40v37sp.jpg,Còn hàng
Tivi,Google,Google Tivi QLED TCL 4K 55 inch 55P7L,14490000,/images/products/google_google-tivi-qled-tcl-4k-55-inch-55p7l.jpg,Còn hàng
Tivi,LG,LG Smart TV 50UA8450PSA,13590000,/images/products/lg_lg-smart-tv-50ua8450psa.jpg,Còn hàng
Tivi,LG,LG Smart TV 65QNED86ASA,29290000,/images/products/lg_lg-smart-tv-65qned86asa.jpg,Còn hàng
Tivi,LG,LG Smart TV OLED OLED55C6PSA,49400000,/images/products/lg_lg-smart-tv-oled-oled55c6psa.jpg,Còn hàng
Tivi,Samsung,Samsung Smart TV Mini LED UA50M77HA,12900000,/images/products/samsung_samsung-smart-tv-mini-led-ua50m77ha.jpg,Còn hàng
Tivi,Samsung,Samsung Smart TV Crystal UHD UA85U8500F,34890000,/images/products/samsung_samsung-smart-tv-crystal-uhd-ua85u8500f.jpg,Còn hàng
Tivi,AQUA,AQUA Google TV QLED AQT55S800UX,10990000,/images/products/aqua_aqua-google-tv-qled-aqt55s800ux.png,Còn hàng
Tivi,Samsung,Samsung Smart TV Mini LED UA65M77HA,19400000,/images/products/samsung_samsung-smart-tv-mini-led-ua65m77ha.jpg,Còn hàng
Tivi,AQUA,AQUA Google TV QLED AQT65S800UX,13990000,/images/products/aqua_aqua-google-tv-qled-aqt65s800ux.png,Còn hàng
Tivi,TCL,TCL Google TV QLED 55P7K,12490000,/images/products/tcl_tcl-google-tv-qled-55p7k.png,Còn hàng
Tivi,Google,Google Tivi QLED TCL AI 4K 43 inch 43P7K,8490000,/images/products/google_google-tivi-qled-tcl-ai-4k-43-inch-43p7k.png,Còn hàng
Tivi,Samsung,Samsung Smart TV UA75M80HA,31900000,/images/products/samsung_samsung-smart-tv-ua75m80ha.jpg,Còn hàng
Tivi,Toshiba,Toshiba Smart TV 75C350RP,17990000,/images/products/toshiba_toshiba-smart-tv-75c350rp.jpg,Còn hàng
Tivi,Samsung,Samsung Smart TV Neo QLED QA75QN70F,34900000,/images/products/samsung_samsung-smart-tv-neo-qled-qa75qn70f.png,Còn hàng
Tivi,Google,Google Tivi Xiaomi A 4K 65 inch L65MB-ASEA 2026,13390000,/images/products/google_google-tivi-xiaomi-a-4k-65-inch-l65mb-asea-2026.jpg,Còn hàng
Tivi,TCL,TCL Google TV QLED 75P7K,21990000,/images/products/tcl_tcl-google-tv-qled-75p7k.png,Còn hàng
Tivi,LG,LG Smart TV 75QNED86BSA,41900000,/images/products/lg_lg-smart-tv-75qned86bsa.jpg,Còn hàng
Tivi,Samsung,Samsung Smart TV Neo QLED QA85QN70F,54400000,/images/products/samsung_samsung-smart-tv-neo-qled-qa85qn70f.png,Còn hàng
Tivi,Smart,Smart Tivi QLED Hisense AI FHD 50 inch 50Q5S,8590000,/images/products/smart_smart-tivi-qled-hisense-ai-fhd-50-inch-50q5s.jpg,Còn hàng
Tivi,TCL,TCL Google TV QD-Mini LED 75C6KS,27990000,/images/products/tcl_tcl-google-tv-qd-mini-led-75c6ks.png,Còn hàng
Tivi,LG,LG Smart TV OLED OLED55B6PSA,41400000,/images/products/lg_lg-smart-tv-oled-oled55b6psa.jpg,Còn hàng
Tivi,LG,LG Smart TV NanoCell 50NANO80ASA,15590000,/images/products/lg_lg-smart-tv-nanocell-50nano80asa.jpg,Còn hàng
Tivi,Samsung,Samsung Smart TV QLED QA85Q7FA,37900000,/images/products/samsung_samsung-smart-tv-qled-qa85q7fa.png,Còn hàng
Tivi,Xiaomi,Xiaomi Google TV QD-Mini LED S L55MC-SSEA,12990000,/images/products/xiaomi_xiaomi-google-tv-qd-mini-led-s-l55mc-ssea.jpg,Còn hàng
Tivi,Samsung,Samsung Smart TV UA50U8500H,11900000,/images/products/samsung_samsung-smart-tv-ua50u8500h.jpg,Còn hàng
Tivi,LG,LG Smart TV 85NU855BPSA,36900000,/images/products/lg_lg-smart-tv-85nu855bpsa.jpg,Còn hàng
Tivi,Google,Google Tivi QLED TCL 4K 65 inch 65P7L,18490000,/images/products/google_google-tivi-qled-tcl-4k-65-inch-65p7l.jpg,Còn hàng
Tivi,Sony,Sony Google TV BRAVIA 3 K-85S30,42990000,/images/products/sony_sony-google-tv-bravia-3-k-85s30.png,Còn hàng
Tivi,LG,LG Smart TV OLED OLED77C5PSA,88190000,/images/products/lg_lg-smart-tv-oled-oled77c5psa.jpg,Còn hàng
Tivi,LG,LG Smart TV OLED OLED55C5PSA,42090000,/images/products/lg_lg-smart-tv-oled-oled55c5psa.jpg,Còn hàng
Tivi,Xiaomi,Xiaomi Google TV QLED A Pro L65MB-APSEA,14390000,/images/products/xiaomi_xiaomi-google-tv-qled-a-pro-l65mb-apsea.jpg,Còn hàng
Tivi,Toshiba,Toshiba Smart TV QLED 65M450RP,15490000,/images/products/toshiba_toshiba-smart-tv-qled-65m450rp.jpg,Còn hàng
Tivi,LG,LG Smart TV 85QNED70BSA,47400000,/images/products/lg_lg-smart-tv-85qned70bsa.jpg,Còn hàng
Tivi,Samsung,Samsung Smart TV Crystal UHD UA75CU8000,25000000,/images/products/samsung_samsung-smart-tv-crystal-uhd-ua75cu8000.jpg,Còn hàng
Tivi,Samsung,Samsung Smart TV Crystal UHD UA43CU8000,10300000,/images/products/samsung_samsung-smart-tv-crystal-uhd-ua43cu8000.jpg,Còn hàng
Tivi,Samsung,Samsung Smart TV OLED QA65S90F,56500000,/images/products/samsung_samsung-smart-tv-oled-qa65s90f.png,Còn hàng
Tivi,LG,LG Smart TV 43QNED81ASA,14090000,/images/products/lg_lg-smart-tv-43qned81asa.jpg,Còn hàng
Tivi,Hisense,Hisense Smart TV 75A6Q,15990000,/images/products/hisense_hisense-smart-tv-75a6q.jpg,Còn hàng
Tivi,Smart,Smart Tivi Hisense 32 inch 32A4Q,4390000,/images/products/smart_smart-tivi-hisense-32-inch-32a4q.jpg,Còn hàng
Tivi,LG,LG Smart TV OLED OLED65B6PSA,54900000,/images/products/lg_lg-smart-tv-oled-oled65b6psa.jpg,Còn hàng
Tivi,Samsung,Samsung Smart TV QLED QA65LS03HE,29900000,/images/products/samsung_samsung-smart-tv-qled-qa65ls03he.jpg,Còn hàng
Tivi,Samsung,Samsung Smart TV UA55U8500H,13500000,/images/products/samsung_samsung-smart-tv-ua55u8500h.jpg,Còn hàng
Tivi,Samsung,Samsung Smart TV QLED QA55Q65D,17600000,/images/products/samsung_samsung-smart-tv-qled-qa55q65d.jpg,Còn hàng
Tivi,TCL,TCL Google TV 65P69K,12990000,/images/products/tcl_tcl-google-tv-65p69k.png,Còn hàng
Tivi,TCL,TCL Google TV QLED 65P7K,15990000,/images/products/tcl_tcl-google-tv-qled-65p7k.png,Còn hàng
Tivi,Google,Google Tivi QLED Xiaomi A Pro 4K 75 inch L75MB-APSEA 2026,18290000,/images/products/google_google-tivi-qled-xiaomi-a-pro-4k-75-inch-l75mb-apsea-2026.jpg,Còn hàng
Tivi,Xiaomi,Xiaomi Google TV QD-Mini LED S L65MC-SSEA,16990000,/images/products/xiaomi_xiaomi-google-tv-qd-mini-led-s-l65mc-ssea.jpg,Còn hàng
Tivi,Smart,Smart Tivi OLED LG AI 4K 65 inch OLED65G6PSA,70900000,/images/products/smart_smart-tivi-oled-lg-ai-4k-65-inch-oled65g6psa.jpg,Còn hàng
Tivi,Samsung,Samsung Smart TV Mini LED UA75M77HA,27900000,/images/products/samsung_samsung-smart-tv-mini-led-ua75m77ha.jpg,Còn hàng
Tivi,TCL,TCL Google TV QLED 65C69B,11990000,/images/products/tcl_tcl-google-tv-qled-65c69b.png,Còn hàng
Tivi,TCL,TCL Google TV 75P69K,15990000,/images/products/tcl_tcl-google-tv-75p69k.png,Còn hàng
Tivi,Samsung,Samsung Smart TV QLED Khung tranh QA65LS03F,37000000,/images/products/samsung_samsung-smart-tv-qled-khung-tranh-qa65ls03f.png,Còn hàng
Tivi,Smart,Smart Tivi Neo QLED Samsung AI 4K 55 inch QA55QN80F,24700000,/images/products/smart_smart-tivi-neo-qled-samsung-ai-4k-55-inch-qa55qn80f.png,Còn hàng
Tivi,Sony,Sony Google TV Mini LED BRAVIA 5 K-85XR50,67990000,/images/products/sony_sony-google-tv-mini-led-bravia-5-k-85xr50.jpg,Còn hàng
Tivi,LG,LG Smart TV OLED OLED65B5PSA,48990000,/images/products/lg_lg-smart-tv-oled-oled65b5psa.jpg,Còn hàng
Tivi,Google,Google Tivi Mini LED Sony AI 4K 75 inch K-75XR50,52990000,/images/products/google_google-tivi-mini-led-sony-ai-4k-75-inch-k-75xr50.jpg,Còn hàng
Tivi,Màn,Màn hình thông minh Xiaomi 4K 85 inch Smart Display S L85MC-STWN 2026,35990000,/images/products/màn_màn-hình-thông-minh-xiaomi-4k-85-inch-smart-display-s-l85mc-stwn-2026.jpg,Còn hàng
Tivi,LG,LG Smart TV OLED OLED83C6PSA,136900000,/images/products/lg_lg-smart-tv-oled-oled83c6psa.jpg,Còn hàng
Tivi,Samsung,Samsung Smart TV Neo QLED QA55QN90D,44100000,/images/products/samsung_samsung-smart-tv-neo-qled-qa55qn90d.jpg,Còn hàng
Tivi,Google,Google Tivi QLED Mini LED Sony AI 4K 65 inch K-65XR70,44170000,/images/products/google_google-tivi-qled-mini-led-sony-ai-4k-65-inch-k-65xr70.png,Còn hàng
Tivi,Samsung,Samsung Smart TV OLED QA77S85F,78500000,/images/products/samsung_samsung-smart-tv-oled-qa77s85f.png,Còn hàng
Tivi,Samsung,Samsung Smart TV Neo QLED QA75QN85F,59100000,/images/products/samsung_samsung-smart-tv-neo-qled-qa75qn85f.png,Còn hàng
Tivi,Samsung,Samsung Smart TV Neo QLED QA65QN85F,39700000,/images/products/samsung_samsung-smart-tv-neo-qled-qa65qn85f.png,Còn hàng
Tivi,LG,LG Smart TV OLED OLED55B5PSA,35190000,/images/products/lg_lg-smart-tv-oled-oled55b5psa.jpg,Còn hàng
Tivi,LG,LG Smart TV 55QNED81ASA,19490000,/images/products/lg_lg-smart-tv-55qned81asa.jpg,Còn hàng
Tivi,Google,Google Tivi OLED Sony AI 4K 65 inch K-65XR80M2,76990000,/images/products/google_google-tivi-oled-sony-ai-4k-65-inch-k-65xr80m2.jpg,Còn hàng
Tivi,Google,Google Tivi Mini LED Sony AI 4K 55 inch K-55XR50,33990000,/images/products/google_google-tivi-mini-led-sony-ai-4k-55-inch-k-55xr50.jpg,Còn hàng
Tivi,Google,Google Tivi OLED Sony AI 4K 55 inch K-55XR80M2,54990000,/images/products/google_google-tivi-oled-sony-ai-4k-55-inch-k-55xr80m2.jpg,Còn hàng
Tivi,Toshiba,Toshiba Smart TV QLED 75M450RP,22520000,/images/products/toshiba_toshiba-smart-tv-qled-75m450rp.jpg,Còn hàng
Tivi,Hisense,Hisense Smart TV QLED 43Q6Q,8490000,/images/products/hisense_hisense-smart-tv-qled-43q6q.jpg,Còn hàng
Tivi,Samsung,Samsung Smart TV OLED QA65S85HA,44900000,/images/products/samsung_samsung-smart-tv-oled-qa65s85ha.jpg,Còn hàng
Tivi,LG,LG Smart TV OLED OLED77C6PSA,92900000,/images/products/lg_lg-smart-tv-oled-oled77c6psa.jpg,Còn hàng
Tivi,LG,LG Smart TV 86QNED86BSA,64400000,/images/products/lg_lg-smart-tv-86qned86bsa.jpg,Còn hàng
Tivi,LG,LG Smart TV 65QNED81BSA,25900000,/images/products/lg_lg-smart-tv-65qned81bsa.jpg,Còn hàng
Tivi,Samsung,Samsung Smart TV Neo QLED QA65QN70HA,24900000,/images/products/samsung_samsung-smart-tv-neo-qled-qa65qn70ha.jpg,Còn hàng
Tivi,Smart,Smart Tivi Mini LED Hisense AI 4K 55 inch 55U6SE,13990000,/images/products/smart_smart-tivi-mini-led-hisense-ai-4k-55-inch-55u6se.jpg,Còn hàng
Tivi,Samsung,Samsung Smart TV OLED QA65S90D,52000000,/images/products/samsung_samsung-smart-tv-oled-qa65s90d.jpg,Còn hàng
Tivi,Smart,Smart Tivi Neo QLED Samsung AI 4K 65 inch QA65QN80F,31700000,/images/products/smart_smart-tivi-neo-qled-samsung-ai-4k-65-inch-qa65qn80f.png,Còn hàng
Tivi,Smart,Smart Tivi Neo QLED Samsung AI 4K 65 inch QA65QN90B,35840000,/images/products/smart_smart-tivi-neo-qled-samsung-ai-4k-65-inch-qa65qn90b.jpg,Còn hàng
Tivi,Sony,Sony Google TV KD-55X75K,14130000,/images/products/sony_sony-google-tv-kd-55x75k.jpg,Còn hàng
Tivi,LG,LG Smart TV 75QNED80SRA,44900000,/images/products/lg_lg-smart-tv-75qned80sra.jpg,Còn hàng
Tivi,LG,LG Smart TV 75QNED86SRA,79900000,/images/products/lg_lg-smart-tv-75qned86sra.jpg,Còn hàng
Tivi,TCL,TCL Google TV QD-Mini LED 65C755,20490000,/images/products/tcl_tcl-google-tv-qd-mini-led-65c755.jpg,Còn hàng
Tivi,Samsung,Samsung Smart TV Neo QLED QA65QN90D,44100000,/images/products/samsung_samsung-smart-tv-neo-qled-qa65qn90d.jpg,Còn hàng
Tivi,Samsung,Samsung Smart TV Neo QLED QA55QN85D,32400000,/images/products/samsung_samsung-smart-tv-neo-qled-qa55qn85d.jpg,Còn hàng
Tivi,Samsung,Samsung Smart TV OLED QA65S95D,56900000,/images/products/samsung_samsung-smart-tv-oled-qa65s95d.jpg,Còn hàng
Tivi,Smart,Smart Tivi OLED Samsung AI 4K 55 inch QA55S90D,39200000,/images/products/smart_smart-tivi-oled-samsung-ai-4k-55-inch-qa55s90d.jpg,Còn hàng
Tivi,Samsung,Samsung Smart TV QLED QA75Q80D,39200000,/images/products/samsung_samsung-smart-tv-qled-qa75q80d.jpg,Còn hàng
Tivi,Samsung,Samsung Smart TV QLED QA65Q80D,28400000,/images/products/samsung_samsung-smart-tv-qled-qa65q80d.jpg,Còn hàng
Tivi,Samsung,Samsung Smart TV QLED QA55Q80D,25500000,/images/products/samsung_samsung-smart-tv-qled-qa55q80d.jpg,Còn hàng
Tivi,Samsung,Samsung Smart TV QLED QA43Q65D,12700000,/images/products/samsung_samsung-smart-tv-qled-qa43q65d.jpg,Còn hàng
Tivi,Samsung,Samsung Smart TV QLED Khung tranh QA65LS03D,34300000,/images/products/samsung_samsung-smart-tv-qled-khung-tranh-qa65ls03d.png,Còn hàng
Tivi,TCL,TCL Google TV QLED 75C69B,23990000,/images/products/tcl_tcl-google-tv-qled-75c69b.png,Còn hàng
Tivi,Smart,Smart Tivi OLED LG AI 4K 83 inch OLED83C4PSA,149000000,/images/products/smart_smart-tivi-oled-lg-ai-4k-83-inch-oled83c4psa.png,Còn hàng
Tivi,Smart,Smart Tivi OLED LG AI 4K 55 inch OLED55C4PSA,44900000,/images/products/smart_smart-tivi-oled-lg-ai-4k-55-inch-oled55c4psa.png,Còn hàng
Tivi,Sony,Sony Google TV OLED BRAVIA 8 K-55XR80,43990000,/images/products/sony_sony-google-tv-oled-bravia-8-k-55xr80.png,Còn hàng
Tivi,Google,Google Tivi OLED Sony AI 4K 65 inch K-65XR80,60860000,/images/products/google_google-tivi-oled-sony-ai-4k-65-inch-k-65xr80.png,Còn hàng
Tivi,Google,Google Tivi QLED Mini LED Sony AI 4K 75 inch K-75XR90,79520000,/images/products/google_google-tivi-qled-mini-led-sony-ai-4k-75-inch-k-75xr90.png,Còn hàng
Tivi,Sony,Sony Google TV QLED Mini LED BRAVIA 9 K-85XR90,109990000,/images/products/sony_sony-google-tv-qled-mini-led-bravia-9-k-85xr90.png,Còn hàng
Tivi,Google,Google Tivi QLED Aqua 4K 75 inch AQT75S800UX,20990000,/images/products/google_google-tivi-qled-aqua-4k-75-inch-aqt75s800ux.png,Còn hàng
Tivi,TCL,TCL Google TV QD-Mini LED 75C7K,35990000,/images/products/tcl_tcl-google-tv-qd-mini-led-75c7k.png,Còn hàng
Tivi,Samsung,Samsung Smart TV Neo QLED QA85QN85F,84700000,/images/products/samsung_samsung-smart-tv-neo-qled-qa85qn85f.png,Còn hàng
Tivi,Samsung,Samsung Smart TV OLED QA83S95F,141300000,/images/products/samsung_samsung-smart-tv-oled-qa83s95f.png,Còn hàng
Tivi,Samsung,Samsung Smart TV QLED Khung tranh QA55LS03F,26400000,/images/products/samsung_samsung-smart-tv-qled-khung-tranh-qa55ls03f.png,Còn hàng
Tivi,Samsung,Samsung Smart TV OLED QA65S95F,61800000,/images/products/samsung_samsung-smart-tv-oled-qa65s95f.png,Còn hàng
Tivi,Smart,Smart Tivi QNED evo LG AI 4K 100 inch 100QNED86AS,136400000,/images/products/smart_smart-tivi-qned-evo-lg-ai-4k-100-inch-100qned86as.png,Còn hàng
Tivi,Sony,Sony Google TV Mini LED BRAVIA 5 K-65XR50,40990000,/images/products/sony_sony-google-tv-mini-led-bravia-5-k-65xr50.jpg,Còn hàng
Tivi,Google,Google Tivi Mini LED Sony AI 4K 98 inch K-98XR50,119990000,/images/products/google_google-tivi-mini-led-sony-ai-4k-98-inch-k-98xr50.jpg,Còn hàng
Tivi,Toshiba,Toshiba Smart TV 100Z570RP,57990000,/images/products/toshiba_toshiba-smart-tv-100z570rp.jpg,Còn hàng
Tivi,Toshiba,Toshiba Smart TV Mini LED 65Z670RP,17990000,/images/products/toshiba_toshiba-smart-tv-mini-led-65z670rp.jpg,Còn hàng
Tivi,Toshiba,Toshiba Smart TV QLED 85M450RP,30990000,/images/products/toshiba_toshiba-smart-tv-qled-85m450rp.jpg,Còn hàng
Tivi,Toshiba,Toshiba Smart TV Mini LED 55Z670RP,13990000,/images/products/toshiba_toshiba-smart-tv-mini-led-55z670rp.jpg,Còn hàng
Tivi,Toshiba,Toshiba Smart TV Mini LED 75Z670RP,25990000,/images/products/toshiba_toshiba-smart-tv-mini-led-75z670rp.jpg,Còn hàng
Tivi,Hisense,Hisense Smart TV 43A4Q,6390000,/images/products/hisense_hisense-smart-tv-43a4q.jpg,Còn hàng
Tivi,Hisense,Hisense Smart TV QLED 55Q6Q,11490000,/images/products/hisense_hisense-smart-tv-qled-55q6q.jpg,Còn hàng
Tivi,Hisense,Hisense Smart TV QLED 55Q7Q,12490000,/images/products/hisense_hisense-smart-tv-qled-55q7q.jpg,Còn hàng
Tivi,Hisense,Hisense Smart TV QLED 65Q7Q,12690000,/images/products/hisense_hisense-smart-tv-qled-65q7q.jpg,Còn hàng
Tivi,Hisense,Hisense Smart TV 65U7Q,20690000,/images/products/hisense_hisense-smart-tv-65u7q.jpg,Còn hàng
Tivi,Samsung,Samsung Smart TV Neo QLED QA115QN90F,299000000,/images/products/samsung_samsung-smart-tv-neo-qled-qa115qn90f.jpg,Còn hàng
Tivi,Xiaomi,Xiaomi Google TV QD-Mini LED S Pro L55MB-SSEA,17990000,/images/products/xiaomi_xiaomi-google-tv-qd-mini-led-s-pro-l55mb-ssea.jpg,Còn hàng
Tivi,Xiaomi,Xiaomi Google TV QD-Mini LED S Pro L65MB-SSEA,21990000,/images/products/xiaomi_xiaomi-google-tv-qd-mini-led-s-pro-l65mb-ssea.jpg,Còn hàng
Tivi,Xiaomi,Xiaomi Google TV QD-Mini LED S Pro L75MB-SSEA,27990000,/images/products/xiaomi_xiaomi-google-tv-qd-mini-led-s-pro-l75mb-ssea.jpg,Còn hàng
Tivi,Samsung,Samsung Smart TV Neo QLED QA100QN80H,119000000,/images/products/samsung_samsung-smart-tv-neo-qled-qa100qn80h.jpg,Còn hàng
Tivi,Samsung,Samsung Smart TV UA85M80HA,42900000,/images/products/samsung_samsung-smart-tv-ua85m80ha.jpg,Còn hàng
Tivi,Samsung,Samsung Smart TV OLED QA83S90HA,119000000,/images/products/samsung_samsung-smart-tv-oled-qa83s90ha.jpg,Còn hàng
Tivi,Samsung,Samsung Smart TV UA65U8500H,16900000,/images/products/samsung_samsung-smart-tv-ua65u8500h.jpg,Còn hàng
Tivi,Samsung,Samsung Smart TV OLED QA77S90HA,80900000,/images/products/samsung_samsung-smart-tv-oled-qa77s90ha.jpg,Còn hàng
Tivi,Samsung,Samsung Smart TV OLED QA65S90HA,54900000,/images/products/samsung_samsung-smart-tv-oled-qa65s90ha.jpg,Còn hàng
Tivi,Samsung,Samsung Smart TV OLED QA55S90HA,42900000,/images/products/samsung_samsung-smart-tv-oled-qa55s90ha.jpg,Còn hàng
Tivi,Samsung,Samsung Smart TV OLED QA55S85HA,33900000,/images/products/samsung_samsung-smart-tv-oled-qa55s85ha.jpg,Còn hàng
Tivi,LG,LG Smart TV 75QNED81BSA,37900000,/images/products/lg_lg-smart-tv-75qned81bsa.jpg,Còn hàng
Tivi,Samsung,Samsung Smart TV Crystal UHD UA85U8500H,31900000,/images/products/samsung_samsung-smart-tv-crystal-uhd-ua85u8500h.jpg,Còn hàng
Tivi,Smart,Smart Tivi Neo QLED Samsung AI 4K 75 inch QA75QN70HA,34900000,/images/products/smart_smart-tivi-neo-qled-samsung-ai-4k-75-inch-qa75qn70ha.jpg,Còn hàng
Tivi,Samsung,Samsung Smart TV Neo QLED QA55QN70HA,19900000,/images/products/samsung_samsung-smart-tv-neo-qled-qa55qn70ha.jpg,Còn hàng
Tivi,Smart,Smart Tivi Khung Tranh The Frame QLED Samsung AI 4K 75 inch QA75LS03HE,41900000,/images/products/smart_smart-tivi-khung-tranh-the-frame-qled-samsung-ai-4k-75-inch-qa75ls03he.jpg,Còn hàng
Tivi,Hisense,Hisense Smart TV Mini LED 65U6SE,17490000,/images/products/hisense_hisense-smart-tv-mini-led-65u6se.jpg,Còn hàng
Tivi,LG,LG Smart TV 55QNED86SQA,38190000,/images/products/lg_lg-smart-tv-55qned86sqa.jpg,Còn hàng
Tivi,LG,LG Smart TV OLED 65G3PSA,74900000,/images/products/lg_lg-smart-tv-oled-65g3psa.jpg,Còn hàng
Tivi,LG,LG Smart TV 65UR7550PSC,16600000,/images/products/lg_lg-smart-tv-65ur7550psc.jpg,Còn hàng
Tivi,LG,LG Smart TV 75UR9050PSK,32900000,/images/products/lg_lg-smart-tv-75ur9050psk.jpg,Còn hàng
Tivi,LG,LG Smart TV 75UR7550PSC,26900000,/images/products/lg_lg-smart-tv-75ur7550psc.jpg,Còn hàng
Tivi,Samsung,Samsung Smart TV Neo QLED QA85QN90D,101100000,/images/products/samsung_samsung-smart-tv-neo-qled-qa85qn90d.jpg,Còn hàng
Tivi,Samsung,Samsung Smart TV Neo QLED QA75QN90D,69700000,/images/products/samsung_samsung-smart-tv-neo-qled-qa75qn90d.jpg,Còn hàng
Tivi,Smart,Smart Tivi Toshiba AI 4K 65 inch 65E330NP,16990000,/images/products/smart_smart-tivi-toshiba-ai-4k-65-inch-65e330np.jpg,Còn hàng
Tivi,Smart,Smart Tivi QLED Toshiba AI 4K 100 inch 100Z670NP,39990000,/images/products/smart_smart-tivi-qled-toshiba-ai-4k-100-inch-100z670np.jpg,Còn hàng
Tivi,Samsung,Samsung Smart TV Neo QLED QA85QN950F,215100000,/images/products/samsung_samsung-smart-tv-neo-qled-qa85qn950f.jpg,Còn hàng
Tivi,Toshiba,Toshiba Smart TV Mini LED 65Z770RP,26990000,/images/products/toshiba_toshiba-smart-tv-mini-led-65z770rp.jpg,Còn hàng
Tivi,Toshiba,Toshiba Smart TV Mini LED 75Z770RP,42990000,/images/products/toshiba_toshiba-smart-tv-mini-led-75z770rp.jpg,Còn hàng
Tivi,Smart,Smart Tivi Mini LED Toshiba AI 4K 85 inch 85Z770RP,54990000,/images/products/smart_smart-tivi-mini-led-toshiba-ai-4k-85-inch-85z770rp.jpg,Còn hàng
Tivi,Hisense,Hisense Smart TV 85U6Q,39990000,/images/products/hisense_hisense-smart-tv-85u6q.jpg,Còn hàng
Tivi,Smart,Smart Tivi Hisense 4K 43 inch 43A6Q,7790000,/images/products/smart_smart-tivi-hisense-4k-43-inch-43a6q.jpg,Còn hàng
Tivi,Smart,Smart Tivi QLED Hisense 4K 65 inch 65Q6Q,13990000,/images/products/smart_smart-tivi-qled-hisense-4k-65-inch-65q6q.jpg,Còn hàng
Tivi,Smart,Smart Tivi QLED Hisense 4K 75 inch 75Q6Q,18990000,/images/products/smart_smart-tivi-qled-hisense-4k-75-inch-75q6q.jpg,Còn hàng
Tivi,Smart,Smart Tivi QLED Hisense AI 4K 75 inch 75Q7Q,19990000,/images/products/smart_smart-tivi-qled-hisense-ai-4k-75-inch-75q7q.jpg,Còn hàng
Tivi,Smart,Smart Tivi ULED Hisense AI 4K 75 inch 75U7Q,30490000,/images/products/smart_smart-tivi-uled-hisense-ai-4k-75-inch-75u7q.jpg,Còn hàng
Tivi,Toshiba,Toshiba Smart TV Mini LED 85Z670RP,37990000,/images/products/toshiba_toshiba-smart-tv-mini-led-85z670rp.jpg,Còn hàng
Tivi,Google,Google Tivi QD-MiniLED Xiaomi S 4K 75 inch L75MC-SSEA,22990000,/images/products/google_google-tivi-qd-miniled-xiaomi-s-4k-75-inch-l75mc-ssea.jpg,Còn hàng
Tivi,Xiaomi,Xiaomi Google TV QLED Mini LED Smart Display S L98MC-STWN,52990000,/images/products/xiaomi_xiaomi-google-tv-qled-mini-led-smart-display-s-l98mc-stwn.jpg,Còn hàng
Tivi,TCL,TCL Google TV QLED 43P7L,11490000,/images/products/tcl_tcl-google-tv-qled-43p7l.jpg,Còn hàng
Tivi,TCL,TCL Google TV QLED 75P7L,24490000,/images/products/tcl_tcl-google-tv-qled-75p7l.jpg,Còn hàng
Tivi,Samsung,Samsung Smart TV Neo QLED QA75QN80HA,44900000,/images/products/samsung_samsung-smart-tv-neo-qled-qa75qn80ha.jpg,Còn hàng
Tivi,Samsung,Samsung Smart TV Neo QLED QA65QN80HA,30900000,/images/products/samsung_samsung-smart-tv-neo-qled-qa65qn80ha.jpg,Còn hàng
Tivi,Samsung,Samsung Smart TV Neo QLED QA55QN80HA,24900000,/images/products/samsung_samsung-smart-tv-neo-qled-qa55qn80ha.jpg,Còn hàng
Tivi,Samsung,Samsung Smart TV QLED QA43Q5FAA,8400000,/images/products/samsung_samsung-smart-tv-qled-qa43q5faa.jpg,Còn hàng
Tivi,Smart,Smart Tivi OLED LG AI 4K 77 inch OLED77B6PSA,79900000,/images/products/smart_smart-tivi-oled-lg-ai-4k-77-inch-oled77b6psa.jpg,Còn hàng
Tivi,LG,LG Smart TV 85QNED81BSA,50900000,/images/products/lg_lg-smart-tv-85qned81bsa.jpg,Còn hàng
Tivi,LG,LG Smart TV 55QNED81BSA,19900000,/images/products/lg_lg-smart-tv-55qned81bsa.jpg,Còn hàng
Tivi,Smart,Smart Tivi Mini RGB LG AI 4K 86 inch 86MRGB86BSA,113900000,/images/products/smart_smart-tivi-mini-rgb-lg-ai-4k-86-inch-86mrgb86bsa.jpg,Còn hàng
Tivi,LG,LG Smart TV Mini RGB 75MRGB86BSA,82900000,/images/products/lg_lg-smart-tv-mini-rgb-75mrgb86bsa.jpg,Còn hàng
Tivi,Samsung,Samsung Smart TV Micro RGB MRA85R95HX,119000000,/images/products/samsung_samsung-smart-tv-micro-rgb-mra85r95hx.jpg,Còn hàng
Tivi,Samsung,Samsung Smart TV OLED QA83S95HX,144000000,/images/products/samsung_samsung-smart-tv-oled-qa83s95hx.jpg,Còn hàng
Tivi,Samsung,Samsung Smart TV Micro RGB MRA85R85HA,99000000,/images/products/samsung_samsung-smart-tv-micro-rgb-mra85r85ha.jpg,Còn hàng
Tivi,Samsung,Samsung Smart TV Micro RGB MRA75R85HA,71900000,/images/products/samsung_samsung-smart-tv-micro-rgb-mra75r85ha.jpg,Còn hàng
Tivi,Samsung,Samsung Smart TV Micro RGB MRA65R85HA,44900000,/images/products/samsung_samsung-smart-tv-micro-rgb-mra65r85ha.jpg,Còn hàng
Tivi,Samsung,Samsung Smart TV Neo QLED QA85QN70HA,52900000,/images/products/samsung_samsung-smart-tv-neo-qled-qa85qn70ha.jpg,Còn hàng
Tivi,Samsung,Samsung Smart TV Mini LED UA85M77HA,37900000,/images/products/samsung_samsung-smart-tv-mini-led-ua85m77ha.jpg,Còn hàng
Tivi,Smart,Smart Tivi QLED Toshiba FHD 43 inch 43V37SP,7090000,/images/products/smart_smart-tivi-qled-toshiba-fhd-43-inch-43v37sp.jpg,Còn hàng
Tivi,Toshiba,Toshiba Smart TV QLED 32V37SP,5290000,/images/products/toshiba_toshiba-smart-tv-qled-32v37sp.jpg,Còn hàng
Tivi,Toshiba,Toshiba Smart TV 55Z670SP,17990000,/images/products/toshiba_toshiba-smart-tv-55z670sp.jpg,Còn hàng
Tivi,Smart,Smart Tivi Mini LED Toshiba AI 4K 65 inch 65Z670SP,21990000,/images/products/smart_smart-tivi-mini-led-toshiba-ai-4k-65-inch-65z670sp.jpg,Còn hàng
Tivi,Toshiba,Toshiba Smart TV 75Z670SP,31490000,/images/products/toshiba_toshiba-smart-tv-75z670sp.jpg,Còn hàng
Tivi,Smart,Smart Tivi Mini LED Toshiba AI 4K 85 inch 85Z670SP,45990000,/images/products/smart_smart-tivi-mini-led-toshiba-ai-4k-85-inch-85z670sp.jpg,Còn hàng
Tivi,Google,Google Tivi QD-Mini LED Haier AI 4K 100 inch H100M96GUX,106990000,/images/products/google_google-tivi-qd-mini-led-haier-ai-4k-100-inch-h100m96gux.jpg,Còn hàng
Tivi,Google,Google Tivi QD-Mini LED Haier AI 4K 75 inch H75M92GUX,36990000,/images/products/google_google-tivi-qd-mini-led-haier-ai-4k-75-inch-h75m92gux.jpg,Còn hàng
Tivi,Google,Google Tivi QD-Mini LED Haier AI 4K 65 inch H65M92GUX,29990000,/images/products/google_google-tivi-qd-mini-led-haier-ai-4k-65-inch-h65m92gux.jpg,Còn hàng
Tivi,Google,Google Tivi QLED Haier AI 4K 75 inch H75S85GUX,34990000,/images/products/google_google-tivi-qled-haier-ai-4k-75-inch-h75s85gux.jpg,Còn hàng
Tivi,Google,Google Tivi QLED Haier AI 4K 65 inch H65S85GUX,25990000,/images/products/google_google-tivi-qled-haier-ai-4k-65-inch-h65s85gux.jpg,Còn hàng
Tivi,Samsung,Samsung Smart TV Crystal UHD UA70U8500H,20400000,/images/products/samsung_samsung-smart-tv-crystal-uhd-ua70u8500h.jpg,Còn hàng
Tivi,Google,Google Tivi QLED Haier AI 4K 55 inch H55S85GUX,19990000,/images/products/google_google-tivi-qled-haier-ai-4k-55-inch-h55s85gux.jpg,Còn hàng
Tivi,Samsung,Samsung Smart TV Crystal UHD UA43U8000H,9400000,/images/products/samsung_samsung-smart-tv-crystal-uhd-ua43u8000h.jpg,Còn hàng
Tivi,Sony,Sony Google TV BRAVIA 3 II K-75XR33VM2,37990000,/images/products/sony_sony-google-tv-bravia-3-ii-k-75xr33vm2.jpg,Còn hàng
Tivi,Google,Google Tivi True RGB Sony AI 4K 85 inch K-85XR90M2,154990000,/images/products/google_google-tivi-true-rgb-sony-ai-4k-85-inch-k-85xr90m2.jpg,Còn hàng
Tivi,Google,Google Tivi Sony 4K 65 inch K-65XR33VM2,27990000,/images/products/google_google-tivi-sony-4k-65-inch-k-65xr33vm2.jpg,Còn hàng
Tivi,Sony,Sony Google TV BRAVIA 3 II K-55XR33VM2,23990000,/images/products/sony_sony-google-tv-bravia-3-ii-k-55xr33vm2.jpg,Còn hàng
Tivi,Google,Google Tivi Sony 4K 100 inch K-100XR30M2,95990000,/images/products/google_google-tivi-sony-4k-100-inch-k-100xr30m2.jpg,Còn hàng
Tivi,Google,Google Tivi True RGB Sony AI 4K 75 inch K-75XR90M2,129990000,/images/products/google_google-tivi-true-rgb-sony-ai-4k-75-inch-k-75xr90m2.jpg,Còn hàng
Tivi,Google,Google Tivi True RGB Sony AI 4K 98 inch K-98XR70M2,169990000,/images/products/google_google-tivi-true-rgb-sony-ai-4k-98-inch-k-98xr70m2.jpg,Còn hàng
Tivi,Google,Google Tivi True RGB Sony AI 4K 75 inch K-75XR70M2,77990000,/images/products/google_google-tivi-true-rgb-sony-ai-4k-75-inch-k-75xr70m2.jpg,Còn hàng
Tivi,Google,Google Tivi True RGB Sony AI 4K 65 inch K-65XR70M2,63990000,/images/products/google_google-tivi-true-rgb-sony-ai-4k-65-inch-k-65xr70m2.jpg,Còn hàng
Tivi,Google,Google Tivi True RGB Sony AI 4K 55 inch K-55XR70M2,49990000,/images/products/google_google-tivi-true-rgb-sony-ai-4k-55-inch-k-55xr70m2.jpg,Còn hàng
Tivi,Samsung,Samsung Smart TV Micro RGB MRA55R85HA,33900000,/images/products/samsung_samsung-smart-tv-micro-rgb-mra55r85ha.jpg,Còn hàng
Tivi,Samsung,Samsung Smart TV Crystal UHD UA98U9500H,55900000,/images/products/samsung_samsung-smart-tv-crystal-uhd-ua98u9500h.jpg,Còn hàng
Tivi,Samsung,Samsung Smart TV Crystal UHD UA75U8500H,22900000,/images/products/samsung_samsung-smart-tv-crystal-uhd-ua75u8500h.jpg,Còn hàng
Tivi,Samsung,Samsung Smart TV Mini LED UA75M8XHA,31900000,/images/products/samsung_samsung-smart-tv-mini-led-ua75m8xha.jpg,Còn hàng
Tivi,Samsung,Samsung Smart TV UA27LSM7FA,29900000,/images/products/samsung_samsung-smart-tv-ua27lsm7fa.jpg,Còn hàng
Tivi,Google,Google Tivi Sony 4K 75 inch K-75XR30M2,37990000,/images/products/google_google-tivi-sony-4k-75-inch-k-75xr30m2.jpg,Còn hàng
Tivi,Google,Google Tivi Sony 4K 65 inch K-65XR30M2,27990000,/images/products/google_google-tivi-sony-4k-65-inch-k-65xr30m2.jpg,Còn hàng
Tivi,Google,Google Tivi Sony 4K 50 inch K-50XR30M2,19990000,/images/products/google_google-tivi-sony-4k-50-inch-k-50xr30m2.jpg,Còn hàng
Tivi,Sony,Sony Google TV BRAVIA 3 II K-43XR30M2,16990000,/images/products/sony_sony-google-tv-bravia-3-ii-k-43xr30m2.jpg,Còn hàng
Tivi,Sony,Sony Google TV BRAVIA 3 II K-55XR30M2,23990000,/images/products/sony_sony-google-tv-bravia-3-ii-k-55xr30m2.jpg,Còn hàng
Tủ lạnh,Panasonic,Panasonic Inverter 417 lít NR-BX471GPKV,16140000,/images/products/panasonic_panasonic-inverter-417-lít-nr-bx471gpkv.jpg,Còn hàng
Tủ lạnh,Samsung,Samsung Inverter 655 lít RS70F65Q3FSV,17390000,/images/products/samsung_samsung-inverter-655-lít-rs70f65q3fsv.png,Còn hàng
Tủ lạnh,Funiki,Funiki Inverter 415 lít HR M8415SB,12640000,/images/products/funiki_funiki-inverter-415-lít-hr-m8415sb.jpg,Còn hàng
Tủ lạnh,LG,LG Inverter 374 lít LTD37BLM,11590000,/images/products/lg_lg-inverter-374-lít-ltd37blm.jpg,Còn hàng
Tủ lạnh,Aqua,Aqua Inverter 569 lít AQR-S633XA(WSL),13440000,/images/products/aqua_aqua-inverter-569-lít-aqr-s633xawsl.jpg,Còn hàng
Tủ lạnh,Samsung,Samsung Inverter 236 lít RT22M4032BY/SV,6190000,/images/products/samsung_samsung-inverter-236-lít-rt22m4032bysv.jpg,Còn hàng
Tủ lạnh,Hitachi,Hitachi Inverter 529 lít HRSN9563DWDXVN,17440000,/images/products/hitachi_hitachi-inverter-529-lít-hrsn9563dwdxvn.jpg,Còn hàng
Tủ lạnh,Funiki,Funiki Inverter 430 lít HR SS8430SDG,11290000,/images/products/funiki_funiki-inverter-430-lít-hr-ss8430sdg.jpg,Còn hàng
Tủ lạnh,Samsung,Samsung Inverter 256 lít RT25M4032BU/SV,7570000,/images/products/samsung_samsung-inverter-256-lít-rt25m4032busv.jpg,Còn hàng
Tủ lạnh,Haier,Haier Inverter 638 lít HM800ASWMBVNU1,59390000,/images/products/haier_haier-inverter-638-lít-hm800aswmbvnu1.jpg,Còn hàng
Tủ lạnh,Aqua,Aqua Inverter 283 lít AQR-T305FA(WLB),7290000,/images/products/aqua_aqua-inverter-283-lít-aqr-t305fawlb.jpg,Còn hàng
Tủ lạnh,LG,LG Inverter 335 lít LTB33BLG,10240000,/images/products/lg_lg-inverter-335-lít-ltb33blg.jpg,Còn hàng
Tủ lạnh,Haier,Haier Inverter 495 lít HM610AGBVNU1,23190000,/images/products/haier_haier-inverter-495-lít-hm610agbvnu1.jpg,Còn hàng
Tủ lạnh,LG,LG Inverter 217 lít T21BG,6770000,/images/products/lg_lg-inverter-217-lít-t21bg.jpg,Còn hàng
Tủ lạnh,Samsung,Samsung Inverter 280 lít RB27N4020B1/SV,8890000,/images/products/samsung_samsung-inverter-280-lít-rb27n4020b1sv.jpg,Còn hàng
Tủ lạnh,Panasonic,Panasonic Inverter 405 lít NR-TX461GPKV,13760000,/images/products/panasonic_panasonic-inverter-405-lít-nr-tx461gpkv.jpg,Còn hàng
Tủ lạnh,LG,LG Inverter 315 lít LTB31BLM,9640000,/images/products/lg_lg-inverter-315-lít-ltb31blm.jpg,Còn hàng
Tủ lạnh,Samsung,Samsung Inverter 307 lít RB30N4190B1/SV,12750000,/images/products/samsung_samsung-inverter-307-lít-rb30n4190b1sv.jpg,Còn hàng
Tủ lạnh,Samsung,Samsung Inverter 615 lít AI Home RS90F65D2FSV,42440000,/images/products/samsung_samsung-inverter-615-lít-ai-home-rs90f65d2fsv.png,Còn hàng
Tủ lạnh,Hitachi,Hitachi Inverter 532 lít HRSN9563DDXVN,16440000,/images/products/hitachi_hitachi-inverter-532-lít-hrsn9563ddxvn.jpg,Còn hàng
Tủ lạnh,Samsung,Samsung Inverter 655 lít RS70F65Q3TSV,16110000,/images/products/samsung_samsung-inverter-655-lít-rs70f65q3tsv.png,Còn hàng
Tủ lạnh,Toshiba,Toshiba Inverter 521 lít GR-RF681WI-PGV(D4),22640000,/images/products/toshiba_toshiba-inverter-521-lít-gr-rf681wi-pgvd4.jpg,Còn hàng
Tủ lạnh,Xiaomi,Xiaomi Inverter 635 lít MRS72HMPAVN,15440000,/images/products/xiaomi_xiaomi-inverter-635-lít-mrs72hmpavn.jpg,Còn hàng
Tủ lạnh,Toshiba,Toshiba Inverter 411 lít GR-RT559WE-PMV(58)-MM,10990000,/images/products/toshiba_toshiba-inverter-411-lít-gr-rt559we-pmv58-mm.jpg,Còn hàng
Tủ lạnh,Toshiba,Toshiba Inverter 474 lít GR-RF611WI-PGV(22)-XK,17050000,/images/products/toshiba_toshiba-inverter-474-lít-gr-rf611wi-pgv22-xk.jpg,Còn hàng
Tủ lạnh,Haier,Haier Inverter 545 lít HM650AGLVNU1,24190000,/images/products/haier_haier-inverter-545-lít-hm650aglvnu1.png,Còn hàng
Tủ lạnh,Aqua,Aqua Inverter 324 lít AQR-B390MA(WSL),10440000,/images/products/aqua_aqua-inverter-324-lít-aqr-b390mawsl.jpg,Còn hàng
Tủ lạnh,Hitachi,Hitachi Inverter 529 lít HRSN9563DWGBVN,18440000,/images/products/hitachi_hitachi-inverter-529-lít-hrsn9563dwgbvn.jpg,Còn hàng
Tủ lạnh,Aqua,Aqua Inverter 236 lít AQR-T265FA(WFB),6470000,/images/products/aqua_aqua-inverter-236-lít-aqr-t265fawfb.jpg,Còn hàng
Tủ lạnh,Aqua,Aqua Inverter 529 lít AQR-M600XA(WGB),18390000,/images/products/aqua_aqua-inverter-529-lít-aqr-m600xawgb.jpg,Còn hàng
Tủ lạnh,Samsung,Samsung Inverter 406 lít RT42CG6584B1SV,12580000,/images/products/samsung_samsung-inverter-406-lít-rt42cg6584b1sv.jpg,Còn hàng
Tủ lạnh,Toshiba,Toshiba Inverter 520 lít GR-RF680WI-PGV(D4),25640000,/images/products/toshiba_toshiba-inverter-520-lít-gr-rf680wi-pgvd4.jpg,Còn hàng
Tủ lạnh,Tủ,Tủ lạnh Aqua Inverter 328 lít AQR-T380FA(WGB),9240000,/images/products/tủ_tủ-lạnh-aqua-inverter-328-lít-aqr-t380fawgb.jpg,Còn hàng
Tủ lạnh,Haier,Haier Inverter 545 lít HM650AGWVNU1,25290000,/images/products/haier_haier-inverter-545-lít-hm650agwvnu1.jpg,Còn hàng
Tủ lạnh,Aqua,Aqua Inverter 189 lít AQR-T220FA(FB),5390000,/images/products/aqua_aqua-inverter-189-lít-aqr-t220fafb.jpg,Còn hàng
Tủ lạnh,Aqua,Aqua Inverter 646 lít AQR-S682XA(WGB),15800000,/images/products/aqua_aqua-inverter-646-lít-aqr-s682xawgb.jpg,Còn hàng
Tủ lạnh,Xiaomi,Xiaomi Inverter 510 lít VN MRC51HMPAVN,15940000,/images/products/xiaomi_xiaomi-inverter-510-lít-vn-mrc51hmpavn.jpg,Còn hàng
Tủ lạnh,Aqua,Aqua Inverter 469 lít AQR-M536XA(WGB),17240000,/images/products/aqua_aqua-inverter-469-lít-aqr-m536xawgb.jpg,Còn hàng
Tủ lạnh,Panasonic,Panasonic Inverter 550 lít NR-DZ601VGKV,21860000,/images/products/panasonic_panasonic-inverter-550-lít-nr-dz601vgkv.jpg,Còn hàng
Tủ lạnh,Toshiba,Toshiba Inverter 240 lít GR-RT310WE-PMV(68),6370000,/images/products/toshiba_toshiba-inverter-240-lít-gr-rt310we-pmv68.jpg,Còn hàng
Tủ lạnh,Funiki,Funiki Inverter 535 lít HR SS8535TDG,13190000,/images/products/funiki_funiki-inverter-535-lít-hr-ss8535tdg.jpg,Còn hàng
Tủ lạnh,Toshiba,Toshiba Inverter 471 lít GR-RF606WI-PMV(60)-AG,16240000,/images/products/toshiba_toshiba-inverter-471-lít-gr-rf606wi-pmv60-ag.jpg,Còn hàng
Tủ lạnh,LG,LG Inverter 400 lít F40BG,14740000,/images/products/lg_lg-inverter-400-lít-f40bg.jpg,Còn hàng
Tủ lạnh,LG,LG Inverter 576 lít InstaView LFD58BLMAI,30660000,/images/products/lg_lg-inverter-576-lít-instaview-lfd58blmai.jpg,Còn hàng
Tủ lạnh,Toshiba,Toshiba Inverter 515 lít GR-RF665WIA-PGV(22)-XK,20440000,/images/products/toshiba_toshiba-inverter-515-lít-gr-rf665wia-pgv22-xk.jpg,Còn hàng
Tủ lạnh,Sharp,Sharp Inverter 421 lít SJ-FXP510VG-BK,15140000,/images/products/sharp_sharp-inverter-421-lít-sj-fxp510vg-bk.jpg,Còn hàng
Tủ lạnh,LG,LG Inverter 612 lít InstaView LFD61BLGAI,36860000,/images/products/lg_lg-inverter-612-lít-instaview-lfd61blgai.jpg,Còn hàng
Tủ lạnh,Funiki,Funiki Inverter 503 lít HR M8503TB,15450000,/images/products/funiki_funiki-inverter-503-lít-hr-m8503tb.jpg,Còn hàng
Tủ lạnh,LG,LG Inverter 217 lít LTB21BLMI,6190000,/images/products/lg_lg-inverter-217-lít-ltb21blmi.jpg,Còn hàng
Tủ lạnh,Samsung,Samsung Inverter 382 lít RT38CG6584B1SV,9890000,/images/products/samsung_samsung-inverter-382-lít-rt38cg6584b1sv.png,Còn hàng
Tủ lạnh,Samsung,Samsung Inverter 634 lít RS80F65J2BSV,37440000,/images/products/samsung_samsung-inverter-634-lít-rs80f65j2bsv.png,Còn hàng
Tủ lạnh,Samsung,Samsung Inverter 583 lít RS57DG400EM9SV,15690000,/images/products/samsung_samsung-inverter-583-lít-rs57dg400em9sv.png,Còn hàng
Tủ lạnh,Toshiba,Toshiba Inverter 460 lít GR-RS600WI-PMV(37)-SG,11740000,/images/products/toshiba_toshiba-inverter-460-lít-gr-rs600wi-pmv37-sg.jpg,Còn hàng
Tủ lạnh,Funiki,Funiki 120 lít T6120TDG,3850000,/images/products/funiki_funiki-120-lít-t6120tdg.jpg,Còn hàng
Tủ lạnh,Aqua,Aqua Inverter 358 lít AQR-T410FA(WGB),9740000,/images/products/aqua_aqua-inverter-358-lít-aqr-t410fawgb.jpg,Còn hàng
Tủ lạnh,Toshiba,Toshiba Inverter 409 lít GR-RT535WEA-PMV(06)-MG,12970000,/images/products/toshiba_toshiba-inverter-409-lít-gr-rt535wea-pmv06-mg.jpg,Còn hàng
Tủ lạnh,Toshiba,Toshiba Inverter 555 lít GR-RS696WI-PMV(60)-AG,15410000,/images/products/toshiba_toshiba-inverter-555-lít-gr-rs696wi-pmv60-ag.jpg,Còn hàng
Tủ lạnh,Toshiba,Toshiba Inverter 711 lít GR-RF900WI-PMV(06)-MG,25410000,/images/products/toshiba_toshiba-inverter-711-lít-gr-rf900wi-pmv06-mg.jpg,Còn hàng
Tủ lạnh,Aqua,Aqua Inverter 469 lít AQR-M536XA(WSL),16240000,/images/products/aqua_aqua-inverter-469-lít-aqr-m536xawsl.jpg,Còn hàng
Tủ lạnh,Hisense,Hisense Inverter 550 lít RS708N4EBND,12940000,/images/products/hisense_hisense-inverter-550-lít-rs708n4ebnd.jpg,Còn hàng
Tủ lạnh,Hitachi,Hitachi Inverter 569 lít R-WB640VGV0 GBK,36440000,/images/products/hitachi_hitachi-inverter-569-lít-r-wb640vgv0-gbk.jpg,Còn hàng
Tủ lạnh,Samsung,Samsung Inverter 648 lít Bespoke Door-in-Door RF59CB66F8S/SV,44440000,/images/products/samsung_samsung-inverter-648-lít-bespoke-door-in-door-rf59cb66f8ssv.jpg,Còn hàng
Tủ lạnh,Hisense,Hisense Inverter 488 lít RQ630N4EBUI3,17640000,/images/products/hisense_hisense-inverter-488-lít-rq630n4ebui3.jpg,Còn hàng
Tủ lạnh,Haier,Haier Inverter 716 lít HM829ASWMBVNU1,43990000,/images/products/haier_haier-inverter-716-lít-hm829aswmbvnu1.jpg,Còn hàng
Tủ lạnh,Samsung,Samsung Inverter 208 lít RT20HAR8DBU/SV,6050000,/images/products/samsung_samsung-inverter-208-lít-rt20har8dbusv.jpg,Còn hàng
Tủ lạnh,Toshiba,Toshiba Inverter 711 lít GR-RS910WI-PMV(06)-MG,16740000,/images/products/toshiba_toshiba-inverter-711-lít-gr-rs910wi-pmv06-mg.jpg,Còn hàng
Tủ lạnh,Samsung,Samsung Inverter 488 lít RF48A4000B4/SV,18990000,/images/products/samsung_samsung-inverter-488-lít-rf48a4000b4sv.jpg,Còn hàng
Tủ lạnh,Aqua,Aqua Inverter 522 lít AQR-MA600XA(WGC)U1,21440000,/images/products/aqua_aqua-inverter-522-lít-aqr-ma600xawgcu1.jpg,Còn hàng
Tủ lạnh,Samsung,Samsung Inverter 578 lít RS57DG410EB4SV,18440000,/images/products/samsung_samsung-inverter-578-lít-rs57dg410eb4sv.png,Còn hàng
Tủ lạnh,LG,LG Inverter 502 lít F50BG,16440000,/images/products/lg_lg-inverter-502-lít-f50bg.jpg,Còn hàng
Tủ lạnh,Samsung,Samsung Inverter 488 lít RF48A4010B4/SV,18880000,/images/products/samsung_samsung-inverter-488-lít-rf48a4010b4sv.jpg,Còn hàng
Tủ lạnh,Toshiba,Toshiba Inverter 249 lít GR-RT325WE-PMV(06)-MG,7740000,/images/products/toshiba_toshiba-inverter-249-lít-gr-rt325we-pmv06-mg.jpg,Còn hàng
Tủ lạnh,Samsung,Samsung Inverter 307 lít RB30N4190S9/SV,12510000,/images/products/samsung_samsung-inverter-307-lít-rb30n4190s9sv.jpg,Còn hàng
Tủ lạnh,Samsung,Samsung Inverter 345 lít RT35CG5544B1SV,11300000,/images/products/samsung_samsung-inverter-345-lít-rt35cg5544b1sv.jpg,Còn hàng
Tủ lạnh,LG,LG Inverter 617 lít InstaView LFB61BLGAI,34240000,/images/products/lg_lg-inverter-617-lít-instaview-lfb61blgai.jpg,Còn hàng
Tủ lạnh,Tủ,Tủ lạnh Sharp Inverter Multi Door 421 lít SJ-FXP510V-MG,14090000,/images/products/tủ_tủ-lạnh-sharp-inverter-multi-door-421-lít-sj-fxp510v-mg.jpg,Còn hàng
Tủ lạnh,Tủ,Tủ lạnh Sharp Inverter 572 lít Multi Door SJ-FX650V-MK,24340000,/images/products/tủ_tủ-lạnh-sharp-inverter-572-lít-multi-door-sj-fx650v-mk.jpg,Còn hàng
Tủ lạnh,Tủ,Tủ lạnh Sharp Inverter 525 lít Multi Door SJ-FX610V-MK,22040000,/images/products/tủ_tủ-lạnh-sharp-inverter-525-lít-multi-door-sj-fx610v-mk.jpg,Còn hàng
Tủ lạnh,Sharp,Sharp Inverter 401 lít SJ-FXP480VG-BK,13880000,/images/products/sharp_sharp-inverter-401-lít-sj-fxp480vg-bk.jpg,Còn hàng
Tủ lạnh,LG,LG Inverter 266 lít LTB26SVM,5990000,/images/products/lg_lg-inverter-266-lít-ltb26svm.jpg,Còn hàng
Tủ lạnh,Haier,Haier Inverter 578 lít HM720AGWVNU1,98990000,/images/products/haier_haier-inverter-578-lít-hm720agwvnu1.jpg,Còn hàng
Tủ lạnh,Samsung,Samsung Inverter 636 lít Bespoke RF65DB990012SV,99990000,/images/products/samsung_samsung-inverter-636-lít-bespoke-rf65db990012sv.jpg,Còn hàng
Tủ lạnh,Aqua,Aqua Inverter 292 lít AQR-B360MA(WSL),9380000,/images/products/aqua_aqua-inverter-292-lít-aqr-b360mawsl.jpg,Còn hàng
Tủ lạnh,Hitachi,Hitachi Inverter 645 lít R-WB700PGV4 GBK,32440000,/images/products/hitachi_hitachi-inverter-645-lít-r-wb700pgv4-gbk.jpg,Còn hàng
Tủ lạnh,Aqua,Aqua Inverter 260 lít AQR-B310MA(FB),8370000,/images/products/aqua_aqua-inverter-260-lít-aqr-b310mafb.jpg,Còn hàng
Tủ lạnh,Hitachi,Hitachi Inverter 569 lít R-WB640PGV1 GCK,31880000,/images/products/hitachi_hitachi-inverter-569-lít-r-wb640pgv1-gck.jpg,Còn hàng
Tủ lạnh,Panasonic,Panasonic Inverter 510 lít NR-X561BK-VN​,18410000,/images/products/panasonic_panasonic-inverter-510-lít-nr-x561bk-vn.jpg,Còn hàng
Tủ lạnh,LG,LG Inverter 315 lít LTB31BLMA,10990000,/images/products/lg_lg-inverter-315-lít-ltb31blma.jpg,Còn hàng
Tủ lạnh,Sharp,Sharp Inverter 330 lít SJ-XP352AE-SL,9560000,/images/products/sharp_sharp-inverter-330-lít-sj-xp352ae-sl.jpg,Còn hàng
Tủ lạnh,Samsung,Samsung Inverter 635 lít RS70F65K2FSV,28440000,/images/products/samsung_samsung-inverter-635-lít-rs70f65k2fsv.png,Còn hàng
Tủ lạnh,LG,LG Inverter 571 lít LFD58BLMA,26360000,/images/products/lg_lg-inverter-571-lít-lfd58blma.jpg,Còn hàng
Tủ lạnh,LG,LG Inverter 508 lít InstaView LFI50BLMAI,33990000,/images/products/lg_lg-inverter-508-lít-instaview-lfi50blmai.jpg,Còn hàng
Tủ lạnh,Aqua,Aqua Inverter 512 lít AQR-MA585XA(MC)U1,32390000,/images/products/aqua_aqua-inverter-512-lít-aqr-ma585xamcu1.jpg,Còn hàng
Tủ lạnh,Tủ,Tủ lạnh Samsung Inverter 280 lít RB27N4010BU/SV,8690000,/images/products/tủ_tủ-lạnh-samsung-inverter-280-lít-rb27n4010busv.jpg,Còn hàng
Tủ lạnh,Hitachi,Hitachi Inverter 569 lít R-WB640PGV1 GMG,30580000,/images/products/hitachi_hitachi-inverter-569-lít-r-wb640pgv1-gmg.jpg,Còn hàng
Tủ lạnh,Hitachi,Hitachi Inverter 540 lít R-HW540RV(X),62540000,/images/products/hitachi_hitachi-inverter-540-lít-r-hw540rvx.jpg,Còn hàng
Tủ lạnh,Hisense,Hisense Inverter 249 lít RT328N4EBND,6760000,/images/products/hisense_hisense-inverter-249-lít-rt328n4ebnd.jpg,Còn hàng
Tủ lạnh,Aqua,Aqua Inverter 279 lít AQR-T300FA(WFB),7990000,/images/products/aqua_aqua-inverter-279-lít-aqr-t300fawfb.jpg,Còn hàng
Tủ lạnh,Panasonic,Panasonic Inverter 170 lít NR-BA190PPVN,6270000,/images/products/panasonic_panasonic-inverter-170-lít-nr-ba190ppvn.jpg,Còn hàng
Tủ lạnh,LG,LG Inverter 266 lít LTB26BLM,7640000,/images/products/lg_lg-inverter-266-lít-ltb26blm.jpg,Còn hàng
Tủ lạnh,Samsung,Samsung Inverter 382 lít Bespoke RT38CB6784C3SV,14440000,/images/products/samsung_samsung-inverter-382-lít-bespoke-rt38cb6784c3sv.jpg,Còn hàng
Tủ lạnh,Samsung,Samsung Inverter 236 lít RT22M4032BU/SV,7410000,/images/products/samsung_samsung-inverter-236-lít-rt22m4032busv.jpg,Còn hàng
Tủ lạnh,LG,LG Inverter 519 lít GR-B256BL,14190000,/images/products/lg_lg-inverter-519-lít-gr-b256bl.jpg,Còn hàng
Tủ lạnh,Panasonic,Panasonic Inverter 495 lít PRIME+ Edition NR-CW530XMMV,36410000,/images/products/panasonic_panasonic-inverter-495-lít-prime-edition-nr-cw530xmmv.jpg,Còn hàng
Tủ lạnh,Samsung,Samsung Inverter 305 lít Bespoke RT31CB56248ASV,12940000,/images/products/samsung_samsung-inverter-305-lít-bespoke-rt31cb56248asv.jpg,Còn hàng
Tủ lạnh,Panasonic,Panasonic Inverter 366 lít NR-TL381GVKV,14190000,/images/products/panasonic_panasonic-inverter-366-lít-nr-tl381gvkv.jpg,Còn hàng
Tủ lạnh,Panasonic,Panasonic Inverter 325 lít NR-BC361VGMV,14360000,/images/products/panasonic_panasonic-inverter-325-lít-nr-bc361vgmv.jpg,Còn hàng
Tủ lạnh,Toshiba,Toshiba Inverter 180 lít GR-B22VU UKG,5380000,/images/products/toshiba_toshiba-inverter-180-lít-gr-b22vu-ukg.jpg,Còn hàng
Tủ lạnh,Hisense,Hisense 45 lít HR05DB,2800000,/images/products/hisense_hisense-45-lít-hr05db.jpg,Còn hàng
Tủ lạnh,Panasonic,Panasonic Inverter 251 lít NR-SP275CPAV,9570000,/images/products/panasonic_panasonic-inverter-251-lít-nr-sp275cpav.jpg,Còn hàng
Tủ lạnh,Toshiba,Toshiba Inverter 515 lít GR-RF677WI-PMV(06)-MG,15440000,/images/products/toshiba_toshiba-inverter-515-lít-gr-rf677wi-pmv06-mg.jpg,Còn hàng
Tủ lạnh,Toshiba,Toshiba Inverter 407 lít GR-RT535WE-PMV(06)-MG,11690000,/images/products/toshiba_toshiba-inverter-407-lít-gr-rt535we-pmv06-mg.jpg,Còn hàng
Tủ lạnh,Tủ,Tủ lạnh Samsung Inverter 307 lít RB30N4190BY/SV,11990000,/images/products/tủ_tủ-lạnh-samsung-inverter-307-lít-rb30n4190bysv.jpg,Còn hàng
Tủ lạnh,Toshiba,Toshiba Inverter 182 lít GR-RT236WE PMV(68),5290000,/images/products/toshiba_toshiba-inverter-182-lít-gr-rt236we-pmv68.jpg,Còn hàng
Tủ lạnh,Aqua,Aqua 90 lít AQR-D100FA(BS),3390000,/images/products/aqua_aqua-90-lít-aqr-d100fabs.jpg,Còn hàng
Tủ lạnh,LG,LG Inverter 266 lít T26BG,7270000,/images/products/lg_lg-inverter-266-lít-t26bg.jpg,Còn hàng
Tủ lạnh,Hisense,Hisense 94 lít HR09DB,3240000,/images/products/hisense_hisense-94-lít-hr09db.jpg,Còn hàng
Tủ lạnh,Aqua,Aqua 50 lít AQR-D60FA(BS),2890000,/images/products/aqua_aqua-50-lít-aqr-d60fabs.jpg,Còn hàng
Tủ lạnh,Toshiba,Toshiba Inverter 271 lít GR-RT349WE-PMV(68),7070000,/images/products/toshiba_toshiba-inverter-271-lít-gr-rt349we-pmv68.jpg,Còn hàng
Tủ lạnh,Panasonic,Panasonic Inverter 525 lít NR-XZ590CWKV,20440000,/images/products/panasonic_panasonic-inverter-525-lít-nr-xz590cwkv.jpg,Còn hàng
Tủ lạnh,Aqua,Aqua 130 lít AQR-T160FA(BS),4780000,/images/products/aqua_aqua-130-lít-aqr-t160fabs.jpg,Còn hàng
Tủ lạnh,Aqua,Aqua Inverter 522 lít AQR-MA600XA(WGL)U1,19890000,/images/products/aqua_aqua-inverter-522-lít-aqr-ma600xawglu1.jpg,Còn hàng
Tủ lạnh,Funiki,Funiki 90 lít FR-91CD,2790000,/images/products/funiki_funiki-90-lít-fr-91cd.jpg,Còn hàng
Tủ lạnh,Sharp,Sharp Inverter 181 lít SJ-X198V-SL,5430000,/images/products/sharp_sharp-inverter-181-lít-sj-x198v-sl.jpg,Còn hàng
Tủ lạnh,Toshiba,Toshiba Inverter 207 lít GR-RT268WE-PMV(68),6060000,/images/products/toshiba_toshiba-inverter-207-lít-gr-rt268we-pmv68.jpg,Còn hàng
Tủ lạnh,Toshiba,Toshiba Inverter 312 lít GR-RT416WE-PMV(58)-MM,7990000,/images/products/toshiba_toshiba-inverter-312-lit-gr-rt416we-pmv58-mm.jpg,Còn hàng
Tủ lạnh,Samsung,Samsung Inverter 280 lít RB27N4020S9/SV,8670000,/images/products/samsung_samsung-inverter-280-lít-rb27n4020s9sv.jpg,Còn hàng
Tủ lạnh,Sharp,Sharp Inverter 197 lít SJ-X215V-SL,5780000,/images/products/sharp_sharp-inverter-197-lít-sj-x215v-sl.jpg,Còn hàng
Tủ lạnh,Aqua,Aqua Inverter 480 lít AQR-TA546FA(WGL)U1,14490000,/images/products/aqua_aqua-inverter-480-lít-aqr-ta546fawglu1.jpg,Còn hàng
Tủ lạnh,LG,LG Inverter 641 lít LSI63BLMA,25940000,/images/products/lg_lg-inverter-641-lít-lsi63blma.jpg,Còn hàng
Tủ lạnh,LG,LG Inverter 607 lít LFD61BLGA,30160000,/images/products/lg_lg-inverter-607-lít-lfd61blga.jpg,Còn hàng
Tủ lạnh,Toshiba,Toshiba Inverter 338 lít GR-RT468WE-PMV(58)-MM,8770000,/images/products/toshiba_toshiba-inverter-338-lít-gr-rt468we-pmv58-mm.jpg,Còn hàng
Tủ lạnh,Toshiba,Toshiba Inverter 515 lít GR-RF677WI-PGV(22)-XK,15940000,/images/products/toshiba_toshiba-inverter-515-lít-gr-rf677wi-pgv22-xk.jpg,Còn hàng
Tủ lạnh,Panasonic,Panasonic Inverter 234 lít NR-TV261BPKV,9100000,/images/products/panasonic_panasonic-inverter-234-lít-nr-tv261bpkv.jpg,Còn hàng
Tủ lạnh,LG,LG Inverter 459 lít LTD46BLMA,15440000,/images/products/lg_lg-inverter-459-lít-ltd46blma.jpg,Còn hàng
Tủ lạnh,Aqua,Aqua Inverter 455 lít AQR-TA518FA(WSL),13190000,/images/products/aqua_aqua-inverter-455-lít-aqr-ta518fawsl.jpg,Còn hàng
Tủ lạnh,LG,LG Inverter 335 lít LBB33BLGA,15140000,/images/products/lg_lg-inverter-335-lít-lbb33blga.jpg,Còn hàng
Tủ lạnh,Panasonic,Panasonic Inverter 487 lít NR-XZ550CWKV,18940000,/images/products/panasonic_panasonic-inverter-487-lít-nr-xz550cwkv.jpg,Còn hàng
Tủ lạnh,LG,LG Inverter 635 lít InstaView Door-in-Door GR-X257BL,38410000,/images/products/lg_lg-inverter-635-lít-instaview-door-in-door-gr-x257bl.jpg,Còn hàng
Tủ lạnh,Aqua,Aqua Inverter 469 lít AQR-M536XA(GB),16540000,/images/products/aqua_aqua-inverter-469-lít-aqr-m536xagb.jpg,Còn hàng
Tủ lạnh,Panasonic,Panasonic Inverter 300 lít NR-BV331WGKV,16020000,/images/products/panasonic_panasonic-inverter-300-lít-nr-bv331wgkv.jpg,Còn hàng
Tủ lạnh,Panasonic,Panasonic Inverter 255 lít NR-BV281BGMV,12440000,/images/products/panasonic_panasonic-inverter-255-lít-nr-bv281bgmv.jpg,Còn hàng
Tủ lạnh,Funiki,Funiki 46 lít FR-51CD,2400000,/images/products/funiki_funiki-46-lít-fr-51cd.jpg,Còn hàng
Tủ lạnh,Toshiba,Toshiba Inverter 311 lít GR-RT395WE-PMV(06)-MG,9940000,/images/products/toshiba_toshiba-inverter-311-lít-gr-rt395we-pmv06-mg.jpg,Còn hàng
Tủ lạnh,Tủ,Tủ lạnh Toshiba Inverter 515 lít Multi Door GR-RF675WI-PMV(06)-MG,17410000,/images/products/tủ_tủ-lạnh-toshiba-inverter-515-lít-multi-door-gr-rf675wi-pmv06-mg.jpg,Còn hàng
Tủ lạnh,LG,LG Inverter 314 lít LTD31BLM,11040000,/images/products/lg_lg-inverter-314-lít-ltd31blm.jpg,Còn hàng
Tủ lạnh,Sharp,Sharp Inverter 247 lít SJ-X270V-DG,6920000,/images/products/sharp_sharp-inverter-247-lít-sj-x270v-dg.jpg,Còn hàng
Tủ lạnh,LG,LG Inverter 335 lít LTB33BLMA,11340000,/images/products/lg_lg-inverter-335-lít-ltb33blma.jpg,Còn hàng
Tủ lạnh,Panasonic,Panasonic Inverter 306 lít NR-TV341VGMV,11330000,/images/products/panasonic_panasonic-inverter-306-lít-nr-tv341vgmv.jpg,Còn hàng
Tủ lạnh,Panasonic,Panasonic Inverter 366 lít NR-TL381VGMV,13490000,/images/products/panasonic_panasonic-inverter-366-lít-nr-tl381vgmv.jpg,Còn hàng
Tủ lạnh,Hitachi,Hitachi Inverter 210 lít HRTN5230MUVN,7520000,/images/products/hitachi_hitachi-inverter-210-lít-hrtn5230muvn.jpg,Còn hàng
Tủ lạnh,Tủ,Tủ lạnh Hitachi Inverter 344 lít HRTN6379SUVN,11490000,/images/products/tủ_tủ-lạnh-hitachi-inverter-344-lít-hrtn6379suvn.jpg,Còn hàng
Tủ lạnh,Panasonic,Panasonic Inverter 188 lít NR-BA229PKVN,6940000,/images/products/panasonic_panasonic-inverter-188-lít-nr-ba229pkvn.jpg,Còn hàng
Tủ lạnh,Hitachi,Hitachi Inverter 464 lít HR4N7520DSWDXVN,21340000,/images/products/hitachi_hitachi-inverter-464-lít-hr4n7520dswdxvn.jpg,Còn hàng
Tủ lạnh,LG,LG Inverter 635 lít InstaView Door-in-Door GR-X257BG,38710000,/images/products/lg_lg-inverter-635-lít-instaview-door-in-door-gr-x257bg.jpg,Còn hàng
Tủ lạnh,Aqua,Aqua Inverter 236 lít AQR-T260FA(FB),5890000,/images/products/aqua_aqua-inverter-236-lít-aqr-t260fafb.jpg,Còn hàng
Tủ lạnh,Tủ,Tủ lạnh Toshiba Inverter 711 lít Multi Door GR-RF895WIA-PGV(22)-XK,27440000,/images/products/tủ_tủ-lạnh-toshiba-inverter-711-lít-multi-door-gr-rf895wia-pgv22-xk.jpg,Còn hàng
Tủ lạnh,LG,LG Inverter 571 lít F58BGD,26740000,/images/products/lg_lg-inverter-571-lít-f58bgd.jpg,Còn hàng
Tủ lạnh,Panasonic,Panasonic Inverter 540 lít PRIME+ Edition NR-YW590YMMV,53090000,/images/products/panasonic_panasonic-inverter-540-lít-prime-edition-nr-yw590ymmv.jpg,Còn hàng
Tủ lạnh,LG,LG Inverter 334 lít LTD33BLM,11340000,/images/products/lg_lg-inverter-334-lít-ltd33blm.jpg,Còn hàng
Tủ lạnh,LG,LG Inverter 332 lít LBD33BLM,13140000,/images/products/lg_lg-inverter-332-lít-lbd33blm.jpg,Còn hàng
Tủ lạnh,Aqua,Aqua Inverter 529 lít AQR-M600XA(WGC),18390000,/images/products/aqua_aqua-inverter-529-lít-aqr-m600xawgc.jpg,Còn hàng
Tủ lạnh,LG,LG Inverter 335 lít LBB33BLM,12140000,/images/products/lg_lg-inverter-335-lít-lbb33blm.jpg,Còn hàng
Tủ lạnh,Hitachi,Hitachi Inverter 323 lít HRBN6340DGBKVN,13490000,/images/products/hitachi_hitachi-inverter-323-lít-hrbn6340dgbkvn.jpg,Còn hàng
Tủ lạnh,Sharp,Sharp Inverter 362 lít SJ-FX420VG-BK,14640000,/images/products/sharp_sharp-inverter-362-lít-sj-fx420vg-bk.jpg,Còn hàng
Tủ lạnh,Toshiba,Toshiba Inverter 568 lít GR-RS755WIA-PGV(22)-XK,26410000,/images/products/toshiba_toshiba-inverter-568-lít-gr-rs755wia-pgv22-xk.jpg,Còn hàng
Tủ lạnh,LG,LG Inverter 510 lít F51EG,23940000,/images/products/lg_lg-inverter-510-lít-f51eg.jpg,Còn hàng
Tủ lạnh,Haier,Haier Inverter 700 lít HM829AWMBVNU1,39590000,/images/products/haier_haier-inverter-700-lít-hm829awmbvnu1.jpg,Còn hàng
Tủ lạnh,Sharp,Sharp Inverter 605 lít SJ-FX688VG-BK,24840000,/images/products/sharp_sharp-inverter-605-lít-sj-fx688vg-bk.jpg,Còn hàng
Tủ lạnh,Funiki,Funiki 74 lít FR-71CD,2490000,/images/products/funiki_funiki-74-lít-fr-71cd.jpg,Còn hàng
Tủ lạnh,Funiki,Funiki Inverter 286 lít T8286GB,6500000,/images/products/funiki_funiki-inverter-286-lít-t8286gb.jpg,Còn hàng
Tủ lạnh,Hitachi,Hitachi Inverter 656 lít HRSN9713ESUVN,24440000,/images/products/hitachi_hitachi-inverter-656-lít-hrsn9713esuvn.jpg,Còn hàng
Tủ lạnh,Panasonic,Panasonic Inverter 325 lít NR-BV361WGKV,17480000,/images/products/panasonic_panasonic-inverter-325-lít-nr-bv361wgkv.jpg,Còn hàng
Tủ lạnh,Sharp,Sharp Inverter 360 lít SJ-XP382AE-DS,11390000,/images/products/sharp_sharp-inverter-360-lít-sj-xp382ae-ds.jpg,Còn hàng
Tủ lạnh,Panasonic,Panasonic Inverter 268 lít NR-TV301VGMV,10770000,/images/products/panasonic_panasonic-inverter-268-lít-nr-tv301vgmv.jpg,Còn hàng
Tủ lạnh,Tủ,Tủ lạnh Aqua Inverter 646 lít Side By Side AQR-S682XA(WFS),15440000,/images/products/tủ_tủ-lạnh-aqua-inverter-646-lít-side-by-side-aqr-s682xawfs.jpg,Còn hàng
Tủ lạnh,Toshiba,Toshiba Inverter 711 lít GR-RS905WIA-PGV(22)-XK,25440000,/images/products/toshiba_toshiba-inverter-711-lít-gr-rs905wia-pgv22-xk.jpg,Còn hàng
Tủ lạnh,Panasonic,Panasonic Inverter 545 lít NR-YW590XJKV,44890000,/images/products/panasonic_panasonic-inverter-545-lít-nr-yw590xjkv.jpg,Còn hàng
Tủ lạnh,Sharp,Sharp Inverter 421 lít SJ-FXP510VG-CH,15340000,/images/products/sharp_sharp-inverter-421-lít-sj-fxp510vg-ch.jpg,Còn hàng
Tủ lạnh,Hisense,Hisense Inverter 427 lít RQ559N4EBU,13940000,/images/products/hisense_hisense-inverter-427-lít-rq559n4ebu.jpg,Còn hàng
Tủ lạnh,Sharp,Sharp Inverter 572 lít SJ-FXP640VG-BK,23840000,/images/products/sharp_sharp-inverter-572-lít-sj-fxp640vg-bk.jpg,Còn hàng
Tủ lạnh,Samsung,Samsung Inverter 648 lít RF59C766FB1/SV,40340000,/images/products/samsung_samsung-inverter-648-lít-rf59c766fb1sv.jpg,Còn hàng
Tủ lạnh,Aqua,Aqua Inverter 455 lít AQR-T518FA(SL),10090000,/images/products/aqua_aqua-inverter-455-lít-aqr-t518fasl.jpg,Còn hàng
Tủ lạnh,Sharp,Sharp Inverter 525 lít SJ-FXP600VG-BK,22840000,/images/products/sharp_sharp-inverter-525-lít-sj-fxp600vg-bk.jpg,Còn hàng
Tủ lạnh,Sharp,Sharp Inverter 525 lít SJ-FX610V-SL,21540000,/images/products/sharp_sharp-inverter-525-lít-sj-fx610v-sl.jpg,Còn hàng
Tủ lạnh,Panasonic,Panasonic Inverter 326 lít NR-TL351VGMV,12510000,/images/products/panasonic_panasonic-inverter-326-lít-nr-tl351vgmv.jpg,Còn hàng
Tủ lạnh,Tủ,Tủ lạnh Toshiba Inverter 533 lít Japandi Multi Door GR-RF690WI-PGV(67),50810000,/images/products/tủ_tủ-lạnh-toshiba-inverter-533-lít-japandi-multi-door-gr-rf690wi-pgv67.jpg,Còn hàng
Tủ lạnh,Tủ,Tủ lạnh Sharp Inverter 572 lít Multi Door SJ-FX650V-SL,24340000,/images/products/tủ_tủ-lạnh-sharp-inverter-572-lít-multi-door-sj-fx650v-sl.jpg,Còn hàng
Tủ lạnh,Toshiba,Toshiba Inverter 596 lít GR-RS775WI-PMV(06)-MG,17630000,/images/products/toshiba_toshiba-inverter-596-lít-gr-rs775wi-pmv06-mg.jpg,Còn hàng
Tủ lạnh,Samsung,Samsung Inverter 460 lít Bespoke RT47CB66868ASV,18140000,/images/products/samsung_samsung-inverter-460-lít-bespoke-rt47cb66868asv.jpg,Còn hàng
Tủ lạnh,Tủ,Tủ lạnh Sharp Inverter 417 lít SJ-X417WD-DG,11840000,/images/products/tủ_tủ-lạnh-sharp-inverter-417-lít-sj-x417wd-dg.jpg,Còn hàng
Tủ lạnh,Tủ,Tủ lạnh Sharp Inverter 532 lít Side By Side SJ-SBX530VG-BK,16440000,/images/products/tủ_tủ-lạnh-sharp-inverter-532-lít-side-by-side-sj-sbx530vg-bk.jpg,Còn hàng
Tủ lạnh,Tủ,Tủ lạnh Toshiba Inverter 535 lít Japandi Multi Door GR-RF695WI-PGV(67),49410000,/images/products/tủ_tủ-lạnh-toshiba-inverter-535-lít-japandi-multi-door-gr-rf695wi-pgv67.jpg,Còn hàng
Tủ lạnh,Tủ,Tủ lạnh Aqua Inverter 515 lít Multi Door AQR-MA590XA(MC)U1,29490000,/images/products/tủ_tủ-lạnh-aqua-inverter-515-lít-multi-door-aqr-ma590xamcu1.jpg,Còn hàng
Tủ lạnh,Aqua,Aqua 130 lít AQR-T160FA(GG),4700000,/images/products/aqua_aqua-130-lít-aqr-t160fagg.jpg,Còn hàng
Tủ lạnh,Hitachi,Hitachi Inverter 653 lít HRSN9713ESAUVN,27440000,/images/products/hitachi_hitachi-inverter-653-lít-hrsn9713esauvn.jpg,Còn hàng
Tủ lạnh,Funiki,Funiki Inverter 535 lít HR SS8535SDG,12940000,/images/products/funiki_funiki-inverter-535-lít-hr-ss8535sdg.jpg,Còn hàng
Tủ lạnh,Tủ,Tủ lạnh Aqua Inverter 292 lít AQR-B350MA(GM),11810000,/images/products/tủ_tủ-lạnh-aqua-inverter-292-lít-aqr-b350magm.jpg,Còn hàng
Tủ lạnh,Tủ,Tủ lạnh Hitachi Inverter 569 lít Multi Door R-WB640VGV0 GMG,37990000,/images/products/tủ_tủ-lạnh-hitachi-inverter-569-lít-multi-door-r-wb640vgv0-gmg.jpg,Còn hàng
Tủ lạnh,Panasonic,Panasonic Inverter 650 lít NR-WY720ZMMV,117800000,/images/products/panasonic_panasonic-inverter-650-lít-nr-wy720zmmv.jpg,Còn hàng
Tủ lạnh,Hitachi,Hitachi Inverter 260 lít HRTN5275MFUVN,9870000,/images/products/hitachi_hitachi-inverter-260-lít-hrtn5275mfuvn.jpg,Còn hàng
Tủ lạnh,LG,LG Inverter 340 lít InstaView LBB33BLMAI,19640000,/images/products/lg_lg-inverter-340-lít-instaview-lbb33blmai.jpg,Còn hàng
Tủ lạnh,Sharp,Sharp Inverter 247 lít SJ-X270V-SL,6490000,/images/products/sharp_sharp-inverter-247-lít-sj-x270v-sl.jpg,Còn hàng
Tủ lạnh,Aqua,Aqua 90 lít AQR-D100FA(GG),3430000,/images/products/aqua_aqua-90-lít-aqr-d100fagg.jpg,Còn hàng
Tủ lạnh,Aqua,Aqua Inverter 410 lít AQR-M466XA(GB),13790000,/images/products/aqua_aqua-inverter-410-lít-aqr-m466xagb.jpg,Còn hàng
Tủ lạnh,Sharp,Sharp Inverter 181 lít SJ-X198V-DG,5630000,/images/products/sharp_sharp-inverter-181-lít-sj-x198v-dg.jpg,Còn hàng
Tủ lạnh,Samsung,Samsung Inverter 635 lít RS64R53012C/SV,35390000,/images/products/samsung_samsung-inverter-635-lít-rs64r53012csv.jpg,Còn hàng
Tủ lạnh,LG,LG Inverter 394 lít GN-D392BLA,15190000,/images/products/lg_lg-inverter-394-lít-gn-d392bla.jpg,Còn hàng
Tủ lạnh,Hitachi,Hitachi Inverter 573 lít R-SX800GPGV0 GBK,48450000,/images/products/hitachi_hitachi-inverter-573-lít-r-sx800gpgv0-gbk.jpg,Còn hàng
Tủ lạnh,Hitachi,Hitachi Inverter 509 lít R-FW650PGV8 GBK,21440000,/images/products/hitachi_hitachi-inverter-509-lít-r-fw650pgv8-gbk.jpg,Còn hàng
Tủ lạnh,Hitachi,Hitachi Inverter 569 lít R-MX800GVGV0 GBK,61290000,/images/products/hitachi_hitachi-inverter-569-lít-r-mx800gvgv0-gbk.jpg,Còn hàng
Tủ lạnh,Hitachi,Hitachi Inverter 735 lít R-ZX740KV X,123880000,/images/products/hitachi_hitachi-inverter-735-lít-r-zx740kv-x.jpg,Còn hàng
Tủ lạnh,Sharp,Sharp Inverter 442 lít SJ-SBX440VG-BK,15140000,/images/products/sharp_sharp-inverter-442-lít-sj-sbx440vg-bk.jpg,Còn hàng
Tủ lạnh,Panasonic,Panasonic Inverter 621 lít NR-XY680YMMV,98170000,/images/products/panasonic_panasonic-inverter-621-lít-nr-xy680ymmv.jpg,Còn hàng
Tủ lạnh,Funiki,Funiki 209 lít HR T6209TDG,4790000,/images/products/funiki_funiki-209-lít-hr-t6209tdg.jpg,Còn hàng
Tủ lạnh,Hitachi,Hitachi Inverter 240 lít HRTN5255MFUVN,8690000,/images/products/hitachi_hitachi-inverter-240-lít-hrtn5255mfuvn.jpg,Còn hàng
Tủ lạnh,Sharp,Sharp Inverter 197 lít SJ-X215V-DG,6000000,/images/products/sharp_sharp-inverter-197-lít-sj-x215v-dg.jpg,Còn hàng
Tủ lạnh,Aqua,Aqua Inverter 292 lít AQR-B360MA(SLB),8790000,/images/products/aqua_aqua-inverter-292-lít-aqr-b360maslb.jpg,Còn hàng
Tủ lạnh,Hitachi,Hitachi Inverter 617 lít R-HW620RV XK,83310000,/images/products/hitachi_hitachi-inverter-617-lít-r-hw620rv-xk.jpg,Còn hàng
Tủ lạnh,Samsung,Samsung Inverter 385 lít Bespoke RT38CB668422SV,15690000,/images/products/samsung_samsung-inverter-385-lít-bespoke-rt38cb668422sv.jpg,Còn hàng
Tủ lạnh,Hitachi,Hitachi Inverter 645 lít R-WB700VGV4 GBK,38440000,/images/products/hitachi_hitachi-inverter-645-lít-r-wb700vgv4-gbk.jpg,Còn hàng
Tủ lạnh,Aqua,Aqua Inverter 508 lít AQR-MA580XA(GB)U1,28490000,/images/products/aqua_aqua-inverter-508-lít-aqr-ma580xagbu1.jpg,Còn hàng
Tủ lạnh,Aqua,Aqua Inverter 508 lít AQR-MA580XA(MC)U1,28490000,/images/products/aqua_aqua-inverter-508-lít-aqr-ma580xamcu1.jpg,Còn hàng
Tủ lạnh,Sharp,Sharp Inverter 323 lít SJ-BF330V-SL,9690000,/images/products/sharp_sharp-inverter-323-lít-sj-bf330v-sl.png,Còn hàng
Tủ lạnh,Sharp,Sharp Inverter 572 lít SJ-FXP650VG-SL,26340000,/images/products/sharp_sharp-inverter-572-lít-sj-fxp650vg-sl.jpg,Còn hàng
Tủ lạnh,Sharp,Sharp Inverter 323 lít SJ-BF330V-DG,9890000,/images/products/sharp_sharp-inverter-323-lít-sj-bf330v-dg.jpg,Còn hàng
Tủ lạnh,Sharp,Sharp Inverter 611 lít SJ-FXPI700VG-BK,30490000,/images/products/sharp_sharp-inverter-611-lít-sj-fxpi700vg-bk.jpg,Còn hàng
Tủ lạnh,Tủ,Tủ lạnh Sharp Inverter 466 lít Multi Door SJ-FXP560V-RG,16390000,/images/products/tủ_tủ-lạnh-sharp-inverter-466-lít-multi-door-sj-fxp560v-rg.jpg,Còn hàng
Tủ lạnh,LG,LG Inverter 607 lít F61BMD,28440000,/images/products/lg_lg-inverter-607-lít-f61bmd.jpg,Còn hàng
Tủ lạnh,Sharp,Sharp Inverter 430 lít SJ-XP470AE-SL,14190000,/images/products/sharp_sharp-inverter-430-lít-sj-xp470ae-sl.jpg,Còn hàng
Tủ lạnh,Sharp,Sharp Inverter 430 lít SJ-XP470AE-DS,14190000,/images/products/sharp_sharp-inverter-430-lít-sj-xp470ae-ds.jpg,Còn hàng
Tủ lạnh,Sharp,Sharp Inverter 471 lít SJ-XP500AE-SL,15190000,/images/products/sharp_sharp-inverter-471-lít-sj-xp500ae-sl.jpg,Còn hàng
Tủ lạnh,Sharp,Sharp Inverter 471 lít SJ-XP500AE-DS,15190000,/images/products/sharp_sharp-inverter-471-lít-sj-xp500ae-ds.jpg,Còn hàng
Tủ lạnh,Aqua,Aqua Inverter 506 lít AQR-M570XA(FS),14990000,/images/products/aqua_aqua-inverter-506-lít-aqr-m570xafs.jpg,Còn hàng
Tủ lạnh,Hisense,Hisense Inverter 427 lít RQ559N4EBND,14190000,/images/products/hisense_hisense-inverter-427-lít-rq559n4ebnd.jpg,Còn hàng
Tủ lạnh,Hisense,Hisense Inverter 424 lít RT549N4EBU,10990000,/images/products/hisense_hisense-inverter-424-lít-rt549n4ebu.jpg,Còn hàng
Tủ lạnh,Funiki,Funiki Inverter 415 lít HR M8415SS,12640000,/images/products/funiki_funiki-inverter-415-lít-hr-m8415ss.jpg,Còn hàng
Tủ lạnh,Aqua,Aqua Inverter 324 lít AQR-B390MA(SLB),10090000,/images/products/aqua_aqua-inverter-324-lít-aqr-b390maslb.jpg,Còn hàng
Tủ lạnh,Panasonic,Panasonic Inverter 550 lít NR-DZ601YGKV,27370000,/images/products/panasonic_panasonic-inverter-550-lít-nr-dz601ygkv.jpg,Còn hàng
Tủ lạnh,Aqua,Aqua Inverter 660 lít AQR-M727XA(GS)U1,32390000,/images/products/aqua_aqua-inverter-660-lít-aqr-m727xagsu1.jpg,Còn hàng
Tủ lạnh,Hisense,Hisense Inverter 427 lít RQ519N4EBU,12760000,/images/products/hisense_hisense-inverter-427-lít-rq519n4ebu.jpg,Còn hàng
Tủ lạnh,Sharp,Sharp Inverter 466 lít SJ-FXP560VG-BK,17490000,/images/products/sharp_sharp-inverter-466-lít-sj-fxp560vg-bk.jpg,Còn hàng
Tủ lạnh,Hisense,Hisense Inverter 544 lít RS708N4EBU,13940000,/images/products/hisense_hisense-inverter-544-lít-rs708n4ebu.jpg,Còn hàng
Tủ lạnh,Hisense,Hisense Inverter 324 lít RT469N4EBU,8960000,/images/products/hisense_hisense-inverter-324-lít-rt469n4ebu.jpg,Còn hàng
Tủ lạnh,Aqua,Aqua Inverter 358 lít AQR-T410FA(GB),9290000,/images/products/aqua_aqua-inverter-358-lít-aqr-t410fagb.jpg,Còn hàng
Tủ lạnh,Tủ,Tủ lạnh Aqua Inverter 315 lít AQR-T385FA(SL),8490000,/images/products/tủ_tủ-lạnh-aqua-inverter-315-lít-aqr-t385fasl.jpg,Còn hàng
Tủ lạnh,Aqua,Aqua Inverter 522 lít AQR-MA600XA(KGL)U1,20190000,/images/products/aqua_aqua-inverter-522-lít-aqr-ma600xakglu1.jpg,Còn hàng
Tủ lạnh,Tủ,Tủ lạnh Hitachi Inverter 656 lít Side By Side HRSN9713ESGBKVN,27490000,/images/products/tủ_tủ-lạnh-hitachi-inverter-656-lít-side-by-side-hrsn9713esgbkvn.jpg,Còn hàng
Tủ lạnh,Tủ,Tủ lạnh Hitachi Inverter 656 lít Side By Side HRSN9713ESMGWVN,27990000,/images/products/tủ_tủ-lạnh-hitachi-inverter-656-lít-side-by-side-hrsn9713esmgwvn.jpg,Còn hàng
Tủ lạnh,Hitachi,Hitachi Inverter 653 lít HRSN9713ESAGBKVN,31990000,/images/products/hitachi_hitachi-inverter-653-lít-hrsn9713esagbkvn.jpg,Còn hàng
Tủ lạnh,Panasonic,Panasonic Inverter 482 lít NR-XZ550HGKV,21940000,/images/products/panasonic_panasonic-inverter-482-lít-nr-xz550hgkv.jpg,Còn hàng
Tủ lạnh,Panasonic,Panasonic Inverter 520 lít NR-XZ590HGKV,23440000,/images/products/panasonic_panasonic-inverter-520-lít-nr-xz590hgkv.jpg,Còn hàng
Tủ lạnh,Tủ,Tủ lạnh LG Inverter 580 lít Multi Door F56BG,20190000,/images/products/tủ_tủ-lạnh-lg-inverter-580-lít-multi-door-f56bg.jpg,Còn hàng
Tủ lạnh,Tủ,Tủ lạnh LG Inverter 580 lít Multi Door F56BGA,24990000,/images/products/tủ_tủ-lạnh-lg-inverter-580-lít-multi-door-f56bga.jpg,Còn hàng
Tủ lạnh,Panasonic,Panasonic Inverter 445 lít NR-XZ520CWKV,17440000,/images/products/panasonic_panasonic-inverter-445-lít-nr-xz520cwkv.png,Còn hàng
Tủ lạnh,Panasonic,Panasonic Inverter 420 lít NR-BX471XGKV,17440000,/images/products/panasonic_panasonic-inverter-420-lít-nr-bx471xgkv.jpg,Còn hàng
Tủ lạnh,LG,LG Inverter 292 lít T30SV,8490000,/images/products/lg_lg-inverter-292-lít-t30sv.jpg,Còn hàng
Tủ lạnh,Hisense,Hisense 94 lít HR09DW,3240000,/images/products/hisense_hisense-94-lít-hr09dw.jpg,Còn hàng
Tủ lạnh,Hisense,Hisense Inverter 205 lít RT201N3ES,5770000,/images/products/hisense_hisense-inverter-205-lít-rt201n3es.jpg,Còn hàng
Tủ lạnh,Hisense,Hisense Inverter 615 lít RQ600P7AB,51190000,/images/products/hisense_hisense-inverter-615-lít-rq600p7ab.jpg,Còn hàng
Tủ lạnh,LG,LG Inverter 550 lít InstaView F53EGR,59990000,/images/products/lg_lg-inverter-550-lít-instaview-f53egr.png,Còn hàng
Tủ lạnh,LG,LG Inverter 602 lít,19990000,/images/products/lg_lg-inverter-602-lít.jpg,Còn hàng
Máy giặt,Aqua,Aqua 8 Kg AWM8-316K(B),4590000,/images/products/aqua_aqua-8-kg-awm8-316kb.png,Còn hàng
Máy giặt,Panasonic,Panasonic Inverter 9.5 Kg NA-FD95X1LRV,8690000,/images/products/panasonic_panasonic-inverter-95-kg-na-fd95x1lrv.jpg,Còn hàng
Máy giặt,Casper,Casper Inverter 12.5 Kg WF-D125VGR1,6890000,/images/products/casper_casper-inverter-125-kg-wf-d125vgr1.png,Còn hàng
Máy giặt,LG,LG Inverter 12 Kg T2512VBTB,7490000,/images/products/lg_lg-inverter-12-kg-t2512vbtb.jpg,Còn hàng
Máy giặt,Hisense,Hisense Inverter 10.5 Kg WT105F50,7490000,/images/products/hisense_hisense-inverter-105-kg-wt105f50.jpg,Còn hàng
Máy giặt,Casper,Casper 9 Kg WT-E9NGR21,3890000,/images/products/casper_casper-9-kg-wt-e9ngr21.png,Còn hàng
Máy giặt,Samsung,Samsung Inverter 9.5 Kg WW95TA046AX/SV,8390000,/images/products/samsung_samsung-inverter-95-kg-ww95ta046axsv.jpg,Còn hàng
Máy giặt,Sharp,Sharp 10 Kg ES-TN101EN-DG,5090000,/images/products/sharp_sharp-10-kg-es-tn101en-dg.jpg,Còn hàng
Máy giặt,LG,LG Inverter 11 Kg FX1411N5W,10490000,/images/products/lg_lg-inverter-11-kg-fx1411n5w.jpg,Còn hàng
Máy giặt,Electrolux,Electrolux Inverter 10 Kg EWF1023P5SC,11490000,/images/products/electrolux_electrolux-inverter-10-kg-ewf1023p5sc.png,Còn hàng
Máy giặt,Samsung,Samsung Inverter 17 Kg WA17CG6442BDSV,8790000,/images/products/samsung_samsung-inverter-17-kg-wa17cg6442bdsv.jpg,Còn hàng
Máy giặt,Electrolux,Electrolux Inverter 10 Kg EWF1024D3WC,9490000,/images/products/electrolux_electrolux-inverter-10-kg-ewf1024d3wc.png,Còn hàng
Máy giặt,Samsung,Samsung Inverter 14 Kg WW14BB944DGBSV,12990000,/images/products/samsung_samsung-inverter-14-kg-ww14bb944dgbsv.jpg,Còn hàng
Máy giặt,Haier,Haier Inverter 14 kg (12 kg + 2x1 kg) 3 lồng MultiWash HW140-BD14697WU1,25090000,/images/products/haier_haier-inverter-14-kg-12-kg-2x1-kg-3-lồng-multiwash-hw140-bd14697wu1.jpg,Còn hàng
Máy giặt,Electrolux,Electrolux Inverter 9 Kg EWF9025DQWB,7190000,/images/products/electrolux_electrolux-inverter-9-kg-ewf9025dqwb.png,Còn hàng
Máy giặt,Panasonic,Panasonic Inverter 9 Kg NA-V90FA1LVT,9000000,/images/products/panasonic_panasonic-inverter-9-kg-na-v90fa1lvt.jpg,Còn hàng
Máy giặt,Electrolux,Electrolux Inverter 11 Kg EWF1143P5SC,12490000,/images/products/electrolux_electrolux-inverter-11-kg-ewf1143p5sc.png,Còn hàng
Máy giặt,Toshiba,Toshiba Inverter 12 Kg TW-T21BU130UWV(MG),10090000,/images/products/toshiba_toshiba-inverter-12-kg-tw-t21bu130uwvmg.jpg,Còn hàng
Máy giặt,Electrolux,Electrolux Inverter 10 Kg EWF1023P5WC,10490000,/images/products/electrolux_electrolux-inverter-10-kg-ewf1023p5wc.png,Còn hàng
Máy giặt,Electrolux,Electrolux Inverter Giặt 11 Kg - Sấy 7 Kg EWW1123P5WC,17490000,/images/products/electrolux_electrolux-inverter-giặt-11-kg-sấy-7-kg-eww1123p5wc.png,Còn hàng
Máy giặt,Electrolux,Electrolux Inverter 10 Kg EWF1043R7WC,13990000,/images/products/electrolux_electrolux-inverter-10-kg-ewf1043r7wc.png,Còn hàng
Máy giặt,Aqua,Aqua Inverter 11 Kg AWM11-BSR1K(BU),9790000,/images/products/aqua_aqua-inverter-11-kg-awm11-bsr1kbu.jpg,Còn hàng
Máy giặt,Electrolux,Electrolux Inverter 11 Kg EWF1143R7SC,17190000,/images/products/electrolux_electrolux-inverter-11-kg-ewf1143r7sc.png,Còn hàng
Máy giặt,Electrolux,Electrolux Inverter 11 Kg EWF1143R7WC,15990000,/images/products/electrolux_electrolux-inverter-11-kg-ewf1143r7wc.png,Còn hàng
Máy giặt,Panasonic,Panasonic Inverter 9 Kg NA-FJ90X1DV,8090000,/images/products/panasonic_panasonic-inverter-9-kg-na-fj90x1dv.jpg,Còn hàng
Máy giặt,Panasonic,Panasonic Inverter 9.5 Kg NA-FJ95X1BV,8590000,/images/products/panasonic_panasonic-inverter-95-kg-na-fj95x1bv.jpg,Còn hàng
Máy giặt,Toshiba,Toshiba Inverter 12 Kg AW-DUK1300KV (MK),8590000,/images/products/toshiba_toshiba-inverter-12-kg-aw-duk1300kv-mk.jpg,Còn hàng
Máy giặt,LG,LG Inverter 11 Kg FX1411N5G,12390000,/images/products/lg_lg-inverter-11-kg-fx1411n5g.jpg,Còn hàng
Máy giặt,Toshiba,Toshiba Inverter 12 Kg AW-T26D1300TV (MG),9090000,/images/products/toshiba_toshiba-inverter-12-kg-aw-t26d1300tv-mg.jpg,Còn hàng
Máy giặt,Aqua,Aqua Inverter 11 Kg AQW-DR110JT BK,7490000,/images/products/aqua_aqua-inverter-11-kg-aqw-dr110jt-bk.jpg,Còn hàng
Máy giặt,LG,LG Inverter 13 Kg T2313DX5N,9590000,/images/products/lg_lg-inverter-13-kg-t2313dx5n.jpg,Còn hàng
Máy giặt,LG,LG Inverter 14 Kg T2314DX5G,8890000,/images/products/lg_lg-inverter-14-kg-t2314dx5g.jpg,Còn hàng
Máy giặt,Aqua,Aqua Inverter 11 Kg AWM11-B2158L(B),7090000,/images/products/aqua_aqua-inverter-11-kg-awm11-b2158lb.jpg,Còn hàng
Máy giặt,Aqua,Aqua Inverter 11 Kg AWM11-B316L(B),6790000,/images/products/aqua_aqua-inverter-11-kg-awm11-b316lb.jpg,Còn hàng
Máy giặt,LG,LG Inverter 13 Kg FX1413S5G,14590000,/images/products/lg_lg-inverter-13-kg-fx1413s5g.jpg,Còn hàng
Máy giặt,Samsung,Samsung Inverter 13 Kg WA80F13S5BSV,8890000,/images/products/samsung_samsung-inverter-13-kg-wa80f13s5bsv.jpg,Còn hàng
Máy giặt,Aqua,Aqua Inverter 11 Kg AW11-BP4959U1K(B),8090000,/images/products/aqua_aqua-inverter-11-kg-aw11-bp4959u1kb.jpg,Còn hàng
Máy giặt,Toshiba,Toshiba Inverter 10 Kg AW-DM1100PV(KK),7190000,/images/products/toshiba_toshiba-inverter-10-kg-aw-dm1100pvkk.jpg,Còn hàng
Máy giặt,LG,LG Inverter 11 Kg FX1411N5S,10790000,/images/products/lg_lg-inverter-11-kg-fx1411n5s.jpg,Còn hàng
Máy giặt,Toshiba,Toshiba Inverter 10 Kg TW-T21BU110UWV(MG),8590000,/images/products/toshiba_toshiba-inverter-10-kg-tw-t21bu110uwvmg.jpg,Còn hàng
Máy giặt,Samsung,Samsung Inverter 10 Kg WW10DG6U34LBSV,9190000,/images/products/samsung_samsung-inverter-10-kg-ww10dg6u34lbsv.jpg,Còn hàng
Máy giặt,Panasonic,Panasonic Inverter 10.5 Kg NA-FD105X3BV,10490000,/images/products/panasonic_panasonic-inverter-105-kg-na-fd105x3bv.jpg,Còn hàng
Máy giặt,Aqua,Aqua Inverter 11 Kg AW11-BP4657M(B),9090000,/images/products/aqua_aqua-inverter-11-kg-aw11-bp4657mb.jpg,Còn hàng
Máy giặt,Aqua,Aqua Inverter 11 Kg AW11-BD4377U1L(GN),12990000,/images/products/aqua_aqua-inverter-11-kg-aw11-bd4377u1lgn.jpg,Còn hàng
Máy giặt,Samsung,Samsung Inverter 10 Kg WW10DB7U34GBSV,9890000,/images/products/samsung_samsung-inverter-10-kg-ww10db7u34gbsv.jpg,Còn hàng
Máy giặt,Toshiba,Toshiba 10 Kg AW-M1100PV(MK),6190000,/images/products/toshiba_toshiba-10-kg-aw-m1100pvmk.jpg,Còn hàng
Máy giặt,Aqua,Aqua Inverter 13 Kg AWM13-B2158L(B),7590000,/images/products/aqua_aqua-inverter-13-kg-awm13-b2158lb.jpg,Còn hàng
Máy giặt,Toshiba,Toshiba 8 Kg AW-M905BV(MK),5190000,/images/products/toshiba_toshiba-8-kg-aw-m905bvmk.jpg,Còn hàng
Máy giặt,LG,LG Inverter 16 Kg T2516DX5G,10490000,/images/products/lg_lg-inverter-16-kg-t2516dx5g.jpg,Còn hàng
Máy giặt,Samsung,Samsung Inverter 9.5 Kg WA40F95E1CSV,5690000,/images/products/samsung_samsung-inverter-95-kg-wa40f95e1csv.jpg,Còn hàng
Máy giặt,Panasonic,Panasonic Inverter 10 Kg NA-V10FA1LVT,9890000,/images/products/panasonic_panasonic-inverter-10-kg-na-v10fa1lvt.jpg,Còn hàng
Máy giặt,Hitachi,Hitachi Inverter 10.5 Kg BD-1054HVOW,6990000,/images/products/hitachi_hitachi-inverter-105-kg-bd-1054hvow.jpg,Còn hàng
Máy giặt,Aqua,Aqua Inverter 9.5 Kg AQD-A952J BK,6590000,/images/products/aqua_aqua-inverter-95-kg-aqd-a952j-bk.jpg,Còn hàng
Máy giặt,Toshiba,Toshiba Inverter 13 Kg TW-T21BU140UWV(MG),11190000,/images/products/toshiba_toshiba-inverter-13-kg-tw-t21bu140uwvmg.jpg,Còn hàng
Máy giặt,Samsung,Samsung Inverter 12.5 Kg WA40F12E4CSV,7190000,/images/products/samsung_samsung-inverter-125-kg-wa40f12e4csv.jpg,Còn hàng
Máy giặt,Samsung,Samsung Inverter 12 Kg WW12CB944DGBSV,12790000,/images/products/samsung_samsung-inverter-12-kg-ww12cb944dgbsv.jpg,Còn hàng
Máy giặt,LG,LG Inverter 13 Kg FX1413S3KA,17690000,/images/products/lg_lg-inverter-13-kg-fx1413s3ka.jpg,Còn hàng
Máy giặt,Aqua,Aqua Inverter 9.5 Kg AWM95-B316L(B),6090000,/images/products/aqua_aqua-inverter-95-kg-awm95-b316lb.jpg,Còn hàng
Máy giặt,Panasonic,Panasonic Inverter 11.5 Kg NA-V115FA1LV,11590000,/images/products/panasonic_panasonic-inverter-115-kg-na-v115fa1lv.jpg,Còn hàng
Máy giặt,Toshiba,Toshiba Inverter 13 Kg TW-T25BZP140MWV(MG),14190000,/images/products/toshiba_toshiba-inverter-13-kg-tw-t25bzp140mwvmg.jpg,Còn hàng
Máy giặt,Hisense,Hisense 8 Kg WTZQ8012UT,3990000,/images/products/hisense_hisense-8-kg-wtzq8012ut.jpg,Còn hàng
Máy giặt,LG,LG Inverter 9 Kg FB1209S5W,6990000,/images/products/lg_lg-inverter-9-kg-fb1209s5w.jpg,Còn hàng
Máy giặt,Samsung,Samsung Inverter 12.5 Kg WA40F12E4LSV,7090000,/images/products/samsung_samsung-inverter-125-kg-wa40f12e4lsv.jpg,Còn hàng
Máy giặt,Hisense,Hisense 9 Kg WT90F30,5990000,/images/products/hisense_hisense-9-kg-wt90f30.jpg,Còn hàng
Máy giặt,LG,LG Inverter 9 Kg FB1209S6M,7990000,/images/products/lg_lg-inverter-9-kg-fb1209s6m.jpg,Còn hàng
Máy giặt,Panasonic,Panasonic 8.2 Kg NA-F82Y01DRV,5790000,/images/products/panasonic_panasonic-82-kg-na-f82y01drv.jpg,Còn hàng
Máy giặt,Toshiba,Toshiba Inverter 9.5 Kg TW-T21BU105UWV(MG),8190000,/images/products/toshiba_toshiba-inverter-95-kg-tw-t21bu105uwvmg.jpg,Còn hàng
Máy giặt,Haier,Haier Inverter 11 Kg HW110-BD14387GNU1,13290000,/images/products/haier_haier-inverter-11-kg-hw110-bd14387gnu1.jpg,Còn hàng
Máy giặt,Máy,Máy giặt Samsung Inverter 12 kg WA12CG5745BVSV,6990000,/images/products/máy_máy-giặt-samsung-inverter-12-kg-wa12cg5745bvsv.jpg,Còn hàng
Máy giặt,Sharp,Sharp 7.5 Kg ES-Y75HV-S,4190000,/images/products/sharp_sharp-75-kg-es-y75hv-s.jpg,Còn hàng
Máy giặt,LG,LG Inverter 10 Kg FV1410S4M1,8990000,/images/products/lg_lg-inverter-10-kg-fv1410s4m1.jpg,Còn hàng
Máy giặt,Haier,Haier Inverter 14 Kg HW140-BD14387GNU1,15090000,/images/products/haier_haier-inverter-14-kg-hw140-bd14387gnu1.jpg,Còn hàng
Máy giặt,Aqua,Aqua Inverter 11 Kg AW11-B4959U1K(B),8790000,/images/products/aqua_aqua-inverter-11-kg-aw11-b4959u1kb.jpg,Còn hàng
Máy giặt,Toshiba,Toshiba Inverter 13 Kg TW-T33B140UWV(MK),11490000,/images/products/toshiba_toshiba-inverter-13-kg-tw-t33b140uwvmk.jpg,Còn hàng
Máy giặt,Samsung,Samsung Inverter 15 Kg WA80F15S5CSV,9490000,/images/products/samsung_samsung-inverter-15-kg-wa80f15s5csv.jpg,Còn hàng
Máy giặt,Haier,Haier Inverter 10 Kg HW100-B14387GNU1,10490000,/images/products/haier_haier-inverter-10-kg-hw100-b14387gnu1.jpg,Còn hàng
Máy giặt,Aqua,Aqua Inverter 11 Kg AW11-BD4657U1M(GN),11490000,/images/products/aqua_aqua-inverter-11-kg-aw11-bd4657u1mgn.jpg,Còn hàng
Máy giặt,Haier,Haier Inverter 12 Kg HW120-BD14387GNU1,15190000,/images/products/haier_haier-inverter-12-kg-hw120-bd14387gnu1.jpg,Còn hàng
Máy giặt,Panasonic,Panasonic Inverter 12.5 Kg NA-FD125X3BV,12590000,/images/products/panasonic_panasonic-inverter-125-kg-na-fd125x3bv.jpg,Còn hàng
Máy giặt,LG,LG Inverter 15 Kg F2515SNTG,16490000,/images/products/lg_lg-inverter-15-kg-f2515sntg.jpg,Còn hàng
Máy giặt,Samsung,Samsung Inverter 12 Kg WW12CGP44DSBSV,12090000,/images/products/samsung_samsung-inverter-12-kg-ww12cgp44dsbsv.jpg,Còn hàng
Máy giặt,Toshiba,Toshiba 9 Kg M1000FV(MK),5790000,/images/products/toshiba_toshiba-9-kg-m1000fvmk.jpg,Còn hàng
Máy giặt,Haier,Haier Inverter Giặt 14 Kg - Sấy 8 Kg HWD140-BD14387GNU1,18090000,/images/products/haier_haier-inverter-giặt-14-kg-sấy-8-kg-hwd140-bd14387gnu1.jpg,Còn hàng
Máy giặt,Panasonic,Panasonic Inverter 13.5 Kg NA-FD135X3BV,13390000,/images/products/panasonic_panasonic-inverter-135-kg-na-fd135x3bv.jpg,Còn hàng
Máy giặt,LG,LG Inverter 10 Kg T2310VS2B,5490000,/images/products/lg_lg-inverter-10-kg-t2310vs2b.jpg,Còn hàng
Máy giặt,Aqua,Aqua Inverter 11 Kg AW11-B4377U1L(GN),10590000,/images/products/aqua_aqua-inverter-11-kg-aw11-b4377u1lgn.jpg,Còn hàng
Máy giặt,Panasonic,Panasonic Inverter 14.5 Kg NA-FD290CEBV,13990000,/images/products/panasonic_panasonic-inverter-145-kg-na-fd290cebv.jpg,Còn hàng
Máy giặt,Panasonic,Panasonic 11 Kg NA-F110A9BRV,8990000,/images/products/panasonic_panasonic-11-kg-na-f110a9brv.jpg,Còn hàng
Máy giặt,Toshiba,Toshiba Inverter Giặt 13 Kg - Sấy 8 Kg TWD-T21BU140UWV(MG),13190000,/images/products/toshiba_toshiba-inverter-giặt-13-kg-sấy-8-kg-twd-t21bu140uwvmg.jpg,Còn hàng
Máy giặt,Electrolux,Electrolux Inverter 10 Kg EWF1024D3SC,10490000,/images/products/electrolux_electrolux-inverter-10-kg-ewf1024d3sc.png,Còn hàng
Máy giặt,Toshiba,Toshiba Inverter 13 Kg AW-T26D1400TV (MG),9690000,/images/products/toshiba_toshiba-inverter-13-kg-aw-t26d1400tv-mg.jpg,Còn hàng
Máy giặt,Hisense,Hisense Inverter 8.5 Kg WFQP8523BT,5990000,/images/products/hisense_hisense-inverter-85-kg-wfqp8523bt.jpg,Còn hàng
Máy giặt,Samsung,Samsung Inverter 12 Kg WW12CG604DLBSV,8990000,/images/products/samsung_samsung-inverter-12-kg-ww12cg604dlbsv.jpg,Còn hàng
Máy giặt,Hisense,Hisense Inverter Giặt 9 Kg - Sấy 6 Kg WD90N1Y,9810000,/images/products/hisense_hisense-inverter-giặt-9-kg-sấy-6-kg-wd90n1y.jpg,Còn hàng
Máy giặt,Hisense,Hisense 8 Kg WT80F30,4990000,/images/products/hisense_hisense-8-kg-wt80f30.jpg,Còn hàng
Máy giặt,Toshiba,Toshiba Inverter 15 Kg AW-T26D1600XV(MG),10690000,/images/products/toshiba_toshiba-inverter-15-kg-aw-t26d1600xvmg.jpg,Còn hàng
Máy giặt,Hitachi,Hitachi Inverter 10 Kg LTL 10MV00 GG,6490000,/images/products/hitachi_hitachi-inverter-10-kg-ltl-10mv00-gg.jpg,Còn hàng
Máy giặt,Aqua,Aqua Inverter 16 Kg AWM16-B2158L(B),9090000,/images/products/aqua_aqua-inverter-16-kg-awm16-b2158lb.jpg,Còn hàng
Máy giặt,Toshiba,Toshiba Inverter Giặt 13 Kg - Sấy 8 Kg TWD-T25BZP140MWV(MG),16190000,/images/products/toshiba_toshiba-inverter-giặt-13-kg-sấy-8-kg-twd-t25bzp140mwvmg.jpg,Còn hàng
Máy giặt,Toshiba,Toshiba Inverter 12 Kg TW-T33B130UWV(MK),10990000,/images/products/toshiba_toshiba-inverter-12-kg-tw-t33b130uwvmk.jpg,Còn hàng
Máy giặt,LG,LG Inverter Giặt 15 Kg - Sấy 8 Kg F2515RNTG,18690000,/images/products/lg_lg-inverter-giặt-15-kg-sấy-8-kg-f2515rntg.jpg,Còn hàng
Máy giặt,Aqua,Aqua Inverter 9.5 Kg AW95-BP4657M(B),7090000,/images/products/aqua_aqua-inverter-95-kg-aw95-bp4657mb.jpg,Còn hàng
Máy giặt,Máy,Máy giặt Panasonic Inverter 11.5 Kg NA-FD115X3BV,11490000,/images/products/máy_máy-giặt-panasonic-inverter-115-kg-na-fd115x3bv.jpg,Còn hàng
Máy giặt,Panasonic,Panasonic Inverter 9.5 Kg NA-FD95V1BRV,9390000,/images/products/panasonic_panasonic-inverter-95-kg-na-fd95v1brv.jpg,Còn hàng
Máy giặt,Haier,Haier Inverter 10 Kg HW100-BD14387GNU1,12290000,/images/products/haier_haier-inverter-10-kg-hw100-bd14387gnu1.jpg,Còn hàng
Máy giặt,LG,LG Inverter 17 Kg F2517SNTG,17290000,/images/products/lg_lg-inverter-17-kg-f2517sntg.jpg,Còn hàng
Máy giặt,Toshiba,Toshiba Inverter 9 Kg AW-DK1000FV(KK),6690000,/images/products/toshiba_toshiba-inverter-9-kg-aw-dk1000fvkk.jpg,Còn hàng
Máy giặt,Samsung,Samsung Inverter 15 Kg WA80F15B6BSV,11190000,/images/products/samsung_samsung-inverter-15-kg-wa80f15b6bsv.jpg,Còn hàng
Máy giặt,LG,LG Inverter 25 Kg TX2725AT9G,17990000,/images/products/lg_lg-inverter-25-kg-tx2725at9g.jpg,Còn hàng
Máy giặt,Toshiba,Toshiba Inverter 15 Kg AW-DM1600LV(SG),9690000,/images/products/toshiba_toshiba-inverter-15-kg-aw-dm1600lvsg.jpg,Còn hàng
Máy giặt,Samsung,Samsung Inverter 10 Kg WW10DG6U34LESV,8590000,/images/products/samsung_samsung-inverter-10-kg-ww10dg6u34lesv.jpg,Còn hàng
Máy giặt,Electrolux,Electrolux Inverter 10 Kg EWF1043R7SC,14990000,/images/products/electrolux_electrolux-inverter-10-kg-ewf1043r7sc.png,Còn hàng
Máy giặt,LG,LG Inverter 19 Kg T2519SX5G,11390000,/images/products/lg_lg-inverter-19-kg-t2519sx5g.jpg,Còn hàng
Máy giặt,Samsung,Samsung Inverter 17 Kg WA40F17E7CSV,8990000,/images/products/samsung_samsung-inverter-17-kg-wa40f17e7csv.jpg,Còn hàng
Máy giặt,Electrolux,Electrolux Inverter 13 Kg EWF1343P5WC,15490000,/images/products/electrolux_electrolux-inverter-13-kg-ewf1343p5wc.png,Còn hàng
Máy giặt,Toshiba,Toshiba Inverter 13 Kg AW-DM1400LV(MK),9190000,/images/products/toshiba_toshiba-inverter-13-kg-aw-dm1400lvmk.jpg,Còn hàng
Máy giặt,Electrolux,Electrolux Inverter 11 Kg EWF1142R9SC,19990000,/images/products/electrolux_electrolux-inverter-11-kg-ewf1142r9sc.png,Còn hàng
Máy giặt,Electrolux,Electrolux Inverter Giặt 9 Kg - Sấy 6 Kg EWW9024P3WC,11990000,/images/products/electrolux_electrolux-inverter-giặt-9-kg-sấy-6-kg-eww9024p3wc.png,Còn hàng
Máy giặt,Sharp,Sharp Inverter 9 Kg ES-FM90CB-SB,6990000,/images/products/sharp_sharp-inverter-9-kg-es-fm90cb-sb.jpg,Còn hàng
Máy giặt,Aqua,Aqua Inverter 12 Kg AWM12-BSR1K(BU),9890000,/images/products/aqua_aqua-inverter-12-kg-awm12-bsr1kbu.jpg,Còn hàng
Máy giặt,LG,LG Inverter 25 Kg T2725SX5G,15990000,/images/products/lg_lg-inverter-25-kg-t2725sx5g.jpg,Còn hàng
Máy giặt,Tháp,Tháp giặt sấy LG Inverter Giặt 14 Kg - Sấy 10 Kg WT1410NHEG,42490000,/images/products/tháp_tháp-giặt-sấy-lg-inverter-giặt-14-kg-sấy-10-kg-wt1410nheg.jpg,Còn hàng
Máy giặt,Toshiba,Toshiba Inverter Giặt 10.5 Kg - Sấy 7 Kg TWD-T21BU115UWV(MG),12190000,/images/products/toshiba_toshiba-inverter-giặt-105-kg-sấy-7-kg-twd-t21bu115uwvmg.jpg,Còn hàng
Máy giặt,Electrolux,Electrolux Inverter Giặt 13 kg - Sấy 9 kg EWW1343P5SC,19490000,/images/products/electrolux_electrolux-inverter-giặt-13-kg-sấy-9-kg-eww1343p5sc.png,Còn hàng
Máy giặt,LG,LG Inverter 22 Kg T2522AX7G,16790000,/images/products/lg_lg-inverter-22-kg-t2522ax7g.jpg,Còn hàng
Máy giặt,Panasonic,Panasonic Inverter 18 Kg NA-FD180W3BV,19400000,/images/products/panasonic_panasonic-inverter-18-kg-na-fd180w3bv.jpg,Còn hàng
Máy giặt,Tủ,Tủ chăm sóc quần áo thông minh LG Inverter SC5GMR80H,42190000,/images/products/tủ_tủ-chăm-sóc-quần-áo-thông-minh-lg-inverter-sc5gmr80h.jpg,Còn hàng
Máy giặt,Tháp,Tháp giặt sấy Haier Inverter Giặt 14 Kg - Sấy 13 Kg HWD140-BD14LCU1L(GN),34990000,/images/products/tháp_tháp-giặt-sấy-haier-inverter-giặt-14-kg-sấy-13-kg-hwd140-bd14lcu1lgn.jpg,Còn hàng
Máy giặt,Electrolux,Electrolux Inverter Giặt 10 Kg - Sấy 7 Kg EWW1023P5SC,13990000,/images/products/electrolux_electrolux-inverter-giặt-10-kg-sấy-7-kg-eww1023p5sc.png,Còn hàng
Máy giặt,Samsung,Samsung Inverter Giặt 10 Kg - Sấy 6 Kg WD10HG4U04BBSV,14590000,/images/products/samsung_samsung-inverter-giặt-10-kg-sấy-6-kg-wd10hg4u04bbsv.jpg,Còn hàng
Máy giặt,Tháp,Tháp giặt sấy LG Inverter Giặt 25 Kg - Sấy 17 Kg WT2517NHEG,50490000,/images/products/tháp_tháp-giặt-sấy-lg-inverter-giặt-25-kg-sấy-17-kg-wt2517nheg.jpg,Còn hàng
Máy giặt,Hisense,Hisense Inverter 10.5 Kg WF105M3,9810000,/images/products/hisense_hisense-inverter-105-kg-wf105m3.jpg,Còn hàng
Máy giặt,Samsung,Samsung Inverter 21 Kg WA80F21B9BSV,14690000,/images/products/samsung_samsung-inverter-21-kg-wa80f21b9bsv.jpg,Còn hàng
Máy giặt,Toshiba,Toshiba Inverter 11 Kg TW-T21B120UWV(MG),9690000,/images/products/toshiba_toshiba-inverter-11-kg-tw-t21b120uwvmg.jpg,Còn hàng
Máy giặt,Hitachi,Hitachi Inverter 9 Kg LTL 09MV00 GG,5990000,/images/products/hitachi_hitachi-inverter-9-kg-ltl-09mv00-gg.jpg,Còn hàng
Máy giặt,Samsung,Samsung Inverter Giặt 12 Kg - Sấy 7 Kg WD12DB7B85GBSV,18090000,/images/products/samsung_samsung-inverter-giặt-12-kg-sấy-7-kg-wd12db7b85gbsv.jpg,Còn hàng
Máy giặt,Tủ,Tủ chăm sóc quần áo thông minh LG Inverter SC5MNR4G,35190000,/images/products/tủ_tủ-chăm-sóc-quần-áo-thông-minh-lg-inverter-sc5mnr4g.jpg,Còn hàng
Máy giặt,Tháp,Tháp giặt sấy LG Inverter Giặt 14 Kg - Sấy 10 Kg WT1410NHB,41490000,/images/products/tháp_tháp-giặt-sấy-lg-inverter-giặt-14-kg-sấy-10-kg-wt1410nhb.jpg,Còn hàng
Máy giặt,Toshiba,Toshiba Inverter 10.5 Kg TW-T21BU115UWV(MG),8990000,/images/products/toshiba_toshiba-inverter-105-kg-tw-t21bu115uwvmg.jpg,Còn hàng
Máy giặt,Toshiba,Toshiba Inverter 10.5 Kg TW-T25BU115MWV(MG),10990000,/images/products/toshiba_toshiba-inverter-105-kg-tw-t25bu115mwvmg.jpg,Còn hàng
Máy giặt,Sharp,Sharp 12.5 Kg ES-TM125CN-BK,6490000,/images/products/sharp_sharp-125-kg-es-tm125cn-bk.jpg,Còn hàng
Máy giặt,Sharp,Sharp Inverter 11 Kg ES-TM110CD-DS,7290000,/images/products/sharp_sharp-inverter-11-kg-es-tm110cd-ds.jpg,Còn hàng
Máy giặt,Máy,Máy giặt LG Inverter 9 kg FB1209S5M,6990000,/images/products/máy_máy-giặt-lg-inverter-9-kg-fb1209s5m.jpg,Còn hàng
Máy giặt,LG,LG Inverter Giặt 17 Kg - Sấy 10 Kg F2517RNTG,20790000,/images/products/lg_lg-inverter-giặt-17-kg-sấy-10-kg-f2517rntg.jpg,Còn hàng
Máy giặt,Aqua,Aqua Inverter Giặt 12 Kg - Sấy 7 Kg AWD12-BD4377U1L(GN),16490000,/images/products/aqua_aqua-inverter-giặt-12-kg-sấy-7-kg-awd12-bd4377u1lgn.jpg,Còn hàng
Máy giặt,Hisense,Hisense 10.5 Kg WTJA1015UT,6370000,/images/products/hisense_hisense-105-kg-wtja1015ut.jpg,Còn hàng
Máy giặt,Electrolux,Electrolux Inverter 13 Kg EWF1343R7WC,20490000,/images/products/electrolux_electrolux-inverter-13-kg-ewf1343r7wc.png,Còn hàng
Máy giặt,Máy,Máy giặt Samsung Inverter 23 kg WA23A8377GV/SV,17360000,/images/products/máy_máy-giặt-samsung-inverter-23-kg-wa23a8377gvsv.jpg,Còn hàng
Máy giặt,Toshiba,Toshiba Inverter Giặt 10.5 Kg - Sấy 7 Kg TWD-T25BZU115MWV(MG),15190000,/images/products/toshiba_toshiba-inverter-giặt-105-kg-sấy-7-kg-twd-t25bzu115mwvmg.jpg,Còn hàng
Máy giặt,Electrolux,Electrolux Inverter Giặt 11 Kg - Sấy 7 Kg EWW1143R7SC,19490000,/images/products/electrolux_electrolux-inverter-giặt-11-kg-sấy-7-kg-eww1143r7sc.png,Còn hàng
Máy giặt,Electrolux,Electrolux Inverter Giặt 13 kg - Sấy 9 kg EWW1343R7WC,22490000,/images/products/electrolux_electrolux-inverter-giặt-13-kg-sấy-9-kg-eww1343r7wc.png,Còn hàng
Máy giặt,Hisense,Hisense Inverter 10.5 Kg WF105N1,7990000,/images/products/hisense_hisense-inverter-105-kg-wf105n1.jpg,Còn hàng
Máy giặt,Hisense,Hisense Inverter Giặt 10.5 Kg - Sấy 7 Kg WD105M3,13990000,/images/products/hisense_hisense-inverter-giặt-105-kg-sấy-7-kg-wd105m3.jpg,Còn hàng
Máy giặt,Samsung,Samsung Inverter 19 Kg WA80F19B9BSV,10890000,/images/products/samsung_samsung-inverter-19-kg-wa80f19b9bsv.jpg,Còn hàng
Máy giặt,Haier,Haier Inverter Giặt 24 Kg - Sấy 16 Kg HWD240-BD12LU1L(GN),50990000,/images/products/haier_haier-inverter-giặt-24-kg-sấy-16-kg-hwd240-bd12lu1lgn.jpg,Còn hàng
Máy giặt,Máy,Máy giặt Toshiba Inverter 10.5 kg TW-T37BZP115MWV(WT),20990000,/images/products/máy_máy-giặt-toshiba-inverter-105-kg-tw-t37bzp115mwvwt.jpg,Còn hàng
Máy giặt,Casper,Casper Inverter 10.5 Kg WF-D105VGR1,7290000,/images/products/casper_casper-inverter-105-kg-wf-d105vgr1.png,Còn hàng
Máy giặt,Panasonic,Panasonic Inverter 14.5 Kg NA-FD145V3BV,15190000,/images/products/panasonic_panasonic-inverter-145-kg-na-fd145v3bv.jpg,Còn hàng
Máy giặt,Panasonic,Panasonic Inverter 10.5 Kg NA-FD10AR1BV,9690000,/images/products/panasonic_panasonic-inverter-105-kg-na-fd10ar1bv.jpg,Còn hàng
Máy giặt,Toshiba,Toshiba Inverter 10.5 Kg TW-T25BZU115MWV(MG),11990000,/images/products/toshiba_toshiba-inverter-105-kg-tw-t25bzu115mwvmg.jpg,Còn hàng
Máy giặt,Tủ,Tủ chăm sóc quần áo thông minh LG Styler Inverter 5 móc SC5MBR80H,40390000,/images/products/tủ_tủ-chăm-sóc-quần-áo-thông-minh-lg-styler-inverter-5-móc-sc5mbr80h.jpg,Còn hàng
Máy giặt,Hisense,Hisense Inverter Giặt 10.5 Kg - Sấy 7 Kg WD105R5,19630000,/images/products/hisense_hisense-inverter-giặt-105-kg-sấy-7-kg-wd105r5.jpg,Còn hàng
Máy giặt,Panasonic,Panasonic Inverter 13 Kg NA-26CVX1AVT,27290000,/images/products/panasonic_panasonic-inverter-13-kg-na-26cvx1avt.jpg,Còn hàng
Máy giặt,Sharp,Sharp Inverter 11 Kg ES-FM110CB-SB,7990000,/images/products/sharp_sharp-inverter-11-kg-es-fm110cb-sb.jpg,Còn hàng
Máy giặt,Toshiba,Toshiba Inverter 9.5 Kg TW-T23BU105UWV(MG),9190000,/images/products/toshiba_toshiba-inverter-95-kg-tw-t23bu105uwvmg.jpg,Còn hàng
Máy giặt,Tủ,Tủ chăm sóc quần áo thông minh Samsung Bespoke AirDresser 5 móc DF24CB9900CRSV,49190000,/images/products/tủ_tủ-chăm-sóc-quần-áo-thông-minh-samsung-bespoke-airdresser-5-móc-df24cb9900crsv.jpg,Còn hàng
Máy giặt,Hisense,Hisense Inverter 15 Kg WT150F50,11280000,/images/products/hisense_hisense-inverter-15-kg-wt150f50.jpg,Còn hàng
Máy giặt,Panasonic,Panasonic Inverter 12 Kg NA-24VDW1BVT,15290000,/images/products/panasonic_panasonic-inverter-12-kg-na-24vdw1bvt.jpg,Còn hàng
Máy giặt,Panasonic,Panasonic Inverter 10.5 Kg NA-FJ105X1BV,9490000,/images/products/panasonic_panasonic-inverter-105-kg-na-fj105x1bv.jpg,Còn hàng
Máy giặt,Panasonic,Panasonic Inverter 11.5 Kg NA-FJ115X1BV,10090000,/images/products/panasonic_panasonic-inverter-115-kg-na-fj115x1bv.jpg,Còn hàng
Máy giặt,Panasonic,Panasonic Inverter 10 Kg NA-20VDG1BVT,11190000,/images/products/panasonic_panasonic-inverter-10-kg-na-20vdg1bvt.jpg,Còn hàng
Máy giặt,Hisense,Hisense Inverter 10.5 Kg WF105R5,17660000,/images/products/hisense_hisense-inverter-105-kg-wf105r5.jpg,Còn hàng
Máy giặt,Panasonic,Panasonic Inverter 11.5 Kg NA-FD115W3BV,15290000,/images/products/panasonic_panasonic-inverter-115-kg-na-fd115w3bv.jpg,Còn hàng
Máy giặt,Sharp,Sharp Inverter 13 Kg ES-TM130CD-DS,11290000,/images/products/sharp_sharp-inverter-13-kg-es-tm130cd-ds.jpg,Còn hàng
Máy giặt,Toshiba,Toshiba Inverter 13 Kg TW-T37BZP140MWV(WT),23190000,/images/products/toshiba_toshiba-inverter-13-kg-tw-t37bzp140mwvwt.jpg,Còn hàng
Máy giặt,Toshiba,Toshiba Inverter 12 Kg AW-DK1300KV(MK),8690000,/images/products/toshiba_toshiba-inverter-12-kg-aw-dk1300kvmk.jpg,Còn hàng
Máy giặt,Electrolux,Electrolux Inverter 11 Kg EWF1124D3EC,11790000,/images/products/electrolux_electrolux-inverter-11-kg-ewf1124d3ec.png,Còn hàng
Máy giặt,Máy,Máy giặt công nghiệp LG Inverter 13 Kg CWG27MDQRS,28990000,/images/products/máy_máy-giặt-công-nghiệp-lg-inverter-13-kg-cwg27mdqrs.jpg,Còn hàng
Máy giặt,Panasonic,Panasonic Inverter 10 Kg NA-FJ100X1DV,8990000,/images/products/panasonic_panasonic-inverter-10-kg-na-fj100x1dv.jpg,Còn hàng
Máy giặt,Panasonic,Panasonic Inverter 11 Kg NA-22VDG1BVT,12190000,/images/products/panasonic_panasonic-inverter-11-kg-na-22vdg1bvt.jpg,Còn hàng
Máy giặt,Panasonic,Panasonic Inverter 12 Kg NA-24VDG1BVT,13290000,/images/products/panasonic_panasonic-inverter-12-kg-na-24vdg1bvt.jpg,Còn hàng
Máy giặt,Máy,Máy giặt Haier Inverter 11 kg HWM110-B2698B,8990000,/images/products/máy_máy-giặt-haier-inverter-11-kg-hwm110-b2698b.jpg,Còn hàng
Máy giặt,Panasonic,Panasonic Inverter 10 Kg NA-20VDR1BVT,12190000,/images/products/panasonic_panasonic-inverter-10-kg-na-20vdr1bvt.jpg,Còn hàng
Máy giặt,Panasonic,Panasonic Inverter 11 Kg NA-22VDR1BVT,13190000,/images/products/panasonic_panasonic-inverter-11-kg-na-22vdr1bvt.jpg,Còn hàng
Máy giặt,Máy,Máy giặt sấy Panasonic Inverter giặt 10 kg - sấy 7 kg NA-S20DG1BVT,14690000,/images/products/máy_máy-giặt-sấy-panasonic-inverter-giặt-10-kg-sấy-7-kg-na-s20dg1bvt.jpg,Còn hàng
Máy giặt,Haier,Haier Inverter 12 Kg HWM120-B2698B,9490000,/images/products/haier_haier-inverter-12-kg-hwm120-b2698b.jpg,Còn hàng
Máy giặt,Haier,Haier Inverter 13 Kg HWM130-B2698B,9990000,/images/products/haier_haier-inverter-13-kg-hwm130-b2698b.jpg,Còn hàng
Máy giặt,Haier,Haier Inverter 14 Kg HWM140-B2698B,10490000,/images/products/haier_haier-inverter-14-kg-hwm140-b2698b.jpg,Còn hàng
Máy giặt,Haier,Haier Inverter 15 Kg HWM150-B2698B,11590000,/images/products/haier_haier-inverter-15-kg-hwm150-b2698b.jpg,Còn hàng
Máy giặt,Haier,Haier Inverter 16 Kg HWM160-B2698B,12590000,/images/products/haier_haier-inverter-16-kg-hwm160-b2698b.jpg,Còn hàng
Máy giặt,Sharp,Sharp 9 Kg ES-TN91EN-DG,4790000,/images/products/sharp_sharp-9-kg-es-tn91en-dg.jpg,Còn hàng
Máy giặt,Sharp,Sharp 11 Kg ES-TN111EN-DG,5690000,/images/products/sharp_sharp-11-kg-es-tn111en-dg.jpg,Còn hàng
Máy giặt,Sharp,Sharp 12 Kg ES-TN121EN-DG,6190000,/images/products/sharp_sharp-12-kg-es-tn121en-dg.jpg,Còn hàng
Máy giặt,Bosch,Bosch Inverter 10 Kg WGG25401SG,12690000,/images/products/bosch_bosch-inverter-10-kg-wgg25401sg.jpg,Còn hàng
Máy giặt,Bosch,Bosch Inverter 10 Kg WGG25400SG,12190000,/images/products/bosch_bosch-inverter-10-kg-wgg25400sg.jpg,Còn hàng
Máy giặt,Bosch,Bosch Inverter 9 Kg WGG24401SG,11690000,/images/products/bosch_bosch-inverter-9-kg-wgg24401sg.jpg,Còn hàng
Máy giặt,Casper,Casper Inverter 10 Kg WT-E10NGR21,4590000,/images/products/casper_casper-inverter-10-kg-wt-e10ngr21.png,Còn hàng
Máy giặt,Xiaomi,Xiaomi Giặt 10.5 Kg - Sấy 7 Kg WD105MJA10VN,11490000,/images/products/xiaomi_xiaomi-giặt-105-kg-sấy-7-kg-wd105mja10vn.jpg,Còn hàng
Máy giặt,Xiaomi,Xiaomi 9 Kg WM090MJA08VN,8490000,/images/products/xiaomi_xiaomi-9-kg-wm090mja08vn.jpg,Còn hàng
Máy giặt,Xiaomi,Xiaomi 13 Kg Xiaomi TW130MJA08VN,7990000,/images/products/xiaomi_xiaomi-13-kg-xiaomi-tw130mja08vn.jpg,Còn hàng
Điều hòa,Nagakawa,Nagakawa Inverter 1 HP NIS-C09R2T62,5290000,/images/products/nagakawa_nagakawa-inverter-1-hp-nis-c09r2t62.png,Còn hàng
Điều hòa,Midea,Midea Inverter 1 HP MAFA-09CDN8,5290000,/images/products/midea_midea-inverter-1-hp-mafa-09cdn8.png,Còn hàng
Điều hòa,Samsung,Samsung Inverter 1.5 HP AR40H12D0ATNSV,8190000,/images/products/samsung_samsung-inverter-15-hp-ar40h12d0atnsv.png,Còn hàng
Điều hòa,Sunhouse,Sunhouse Inverter 1 HP SHR-AW09IC650,6290000,/images/products/sunhouse_sunhouse-inverter-1-hp-shr-aw09ic650.jpg,Còn hàng
Điều hòa,Panasonic,Panasonic Inverter 1 HP CU/CS-PU9AKH-8,12290000,/images/products/panasonic_panasonic-inverter-1-hp-cucs-pu9akh-8.png,Còn hàng
Điều hòa,Samsung,Samsung Inverter 1 HP AR40H09D0ATNSV,6690000,/images/products/samsung_samsung-inverter-1-hp-ar40h09d0atnsv.png,Còn hàng
Điều hòa,LG,LG Inverter 1 HP IFC09M1,6990000,/images/products/lg_lg-inverter-1-hp-ifc09m1.png,Còn hàng
Điều hòa,Panasonic,Panasonic Inverter 1.5 HP CU/CS-PU12AKH-8,15190000,/images/products/panasonic_panasonic-inverter-15-hp-cucs-pu12akh-8.png,Còn hàng
Điều hòa,Daikin,Daikin Inverter 1 HP ATKB25YVMV,11090000,/images/products/daikin_daikin-inverter-1-hp-atkb25yvmv.jpg,Còn hàng
Điều hòa,Gree,Gree Inverter 1 HP BD9CI,7690000,/images/products/gree_gree-inverter-1-hp-bd9ci.jpg,Còn hàng
Điều hòa,Nagakawa,Nagakawa Inverter 1 HP NIS-C09R2T28,7690000,/images/products/nagakawa_nagakawa-inverter-1-hp-nis-c09r2t28.jpg,Còn hàng
Điều hòa,Aqua,Aqua Inverter 1 HP AQA-RV10QA3,7290000,/images/products/aqua_aqua-inverter-1-hp-aqa-rv10qa3.jpg,Còn hàng
Điều hòa,Nagakawa,Nagakawa Inverter 1.5 HP NIS-C12R2T28,6290000,/images/products/nagakawa_nagakawa-inverter-15-hp-nis-c12r2t28.png,Còn hàng
Điều hòa,Haier,Haier Inverter 1 HP HR-10VSA,10490000,/images/products/haier_haier-inverter-1-hp-hr-10vsa.jpg,Còn hàng
Điều hòa,Toshiba,Toshiba Inverter 1.5 HP RAS-H13Z2KCVG-V,11490000,/images/products/toshiba_toshiba-inverter-15-hp-ras-h13z2kcvg-v.jpg,Còn hàng
Điều hòa,Daikin,Daikin Inverter 1.5 HP ATKB35YVMV,14190000,/images/products/daikin_daikin-inverter-15-hp-atkb35yvmv.png,Còn hàng
Điều hòa,Daikin,Daikin Inverter 1 HP ATKF25ZVMV,11690000,/images/products/daikin_daikin-inverter-1-hp-atkf25zvmv.jpg,Còn hàng
Điều hòa,Sharp,Sharp Inverter 1 HP AH-X10DEW,7590000,/images/products/sharp_sharp-inverter-1-hp-ah-x10dew.jpg,Còn hàng
Điều hòa,Daikin,Daikin Inverter 1 HP ATKB25ZVMV,10990000,/images/products/daikin_daikin-inverter-1-hp-atkb25zvmv.jpg,Còn hàng
Điều hòa,Panasonic,Panasonic Inverter 1 HP CU/CS-U9BKH-8,14190000,/images/products/panasonic_panasonic-inverter-1-hp-cucs-u9bkh-8.jpg,Còn hàng
Điều hòa,LG,LG Inverter 1 HP IEC09M2,8990000,/images/products/lg_lg-inverter-1-hp-iec09m2.png,Còn hàng
Điều hòa,Aqua,Aqua Inverter 1 HP AQA-RV10QA5,7890000,/images/products/aqua_aqua-inverter-1-hp-aqa-rv10qa5.jpg,Còn hàng
Điều hòa,Sunhouse,Sunhouse Inverter 1.5 HP SHR-AW12IC650,7790000,/images/products/sunhouse_sunhouse-inverter-15-hp-shr-aw12ic650.jpg,Còn hàng
Điều hòa,Nagakawa,Nagakawa Inverter 1.5 HP NIS-C12R2T62,6290000,/images/products/nagakawa_nagakawa-inverter-15-hp-nis-c12r2t62.png,Còn hàng
Điều hòa,Casper,Casper Inverter 1 HP JC-09IU36X,5990000,/images/products/casper_casper-inverter-1-hp-jc-09iu36x.jpg,Còn hàng
Điều hòa,LG,LG Inverter 1.5 HP IFC12M1,7990000,/images/products/lg_lg-inverter-15-hp-ifc12m1.jpg,Còn hàng
Điều hòa,Casper,Casper Inverter 1 HP QC-09IU36A,7490000,/images/products/casper_casper-inverter-1-hp-qc-09iu36a.jpg,Còn hàng
Điều hòa,Hisense,Hisense Inverter 1 HP AS-10TR4RLRCA00,6790000,/images/products/hisense_hisense-inverter-1-hp-as-10tr4rlrca00.jpg,Còn hàng
Điều hòa,LG,LG Inverter 1 HP IDC09M2,11620000,/images/products/lg_lg-inverter-1-hp-idc09m2.jpg,Còn hàng
Điều hòa,Comfee,Comfee Inverter 1 HP CFS-10VDM,6390000,/images/products/comfee_comfee-inverter-1-hp-cfs-10vdm.png,Còn hàng
Điều hòa,Daikin,Daikin Inverter 1.5 HP ATKF35ZVMV,14290000,/images/products/daikin_daikin-inverter-15-hp-atkf35zvmv.jpg,Còn hàng
Điều hòa,Aqua,Aqua Inverter 1.5 HP AQA-RV13QA5,9390000,/images/products/aqua_aqua-inverter-15-hp-aqa-rv13qa5.jpg,Còn hàng
Điều hòa,LG,LG Inverter 1.5 HP IDC12M2,14190000,/images/products/lg_lg-inverter-15-hp-idc12m2.jpg,Còn hàng
Điều hòa,Casper,Casper Inverter 1.5 HP JC-12IU36X,6990000,/images/products/casper_casper-inverter-15-hp-jc-12iu36x.jpg,Còn hàng
Điều hòa,Aqua,Aqua Inverter 1.5 HP AQA-RV13QA3,8390000,/images/products/aqua_aqua-inverter-15-hp-aqa-rv13qa3.png,Còn hàng
Điều hòa,Panasonic,Panasonic Inverter 1.5 HP CU/CS-U12BKH-8,17090000,/images/products/panasonic_panasonic-inverter-15-hp-cucs-u12bkh-8.jpg,Còn hàng
Điều hòa,Funiki,Funiki Inverter 1 HP HIC09TMM-6,5990000,/images/products/funiki_funiki-inverter-1-hp-hic09tmm-6.jpg,Còn hàng
Điều hòa,Toshiba,Toshiba Inverter 1 HP RAS-H10P2KCVG-V,9290000,/images/products/toshiba_toshiba-inverter-1-hp-ras-h10p2kcvg-v.png,Còn hàng
Điều hòa,LG,LG Inverter 1.5 HP IEC12M2,11890000,/images/products/lg_lg-inverter-15-hp-iec12m2.jpg,Còn hàng
Điều hòa,Nagakawa,Nagakawa Inverter 2 HP NIS-C18R2T62,10490000,/images/products/nagakawa_nagakawa-inverter-2-hp-nis-c18r2t62.jpg,Còn hàng
Điều hòa,Toshiba,Toshiba Inverter 1.5 HP RAS-H13P2KCVG-V,11690000,/images/products/toshiba_toshiba-inverter-15-hp-ras-h13p2kcvg-v.png,Còn hàng
Điều hòa,Daikin,Daikin Inverter 2 HP FTKB50ZVMV,18990000,/images/products/daikin_daikin-inverter-2-hp-ftkb50zvmv.jpg,Còn hàng
Điều hòa,Hisense,Hisense Inverter 1.5 HP AS-12TR4RGRCA01,7690000,/images/products/hisense_hisense-inverter-15-hp-as-12tr4rgrca01.jpg,Còn hàng
Điều hòa,Aqua,Aqua Inverter 2 HP AQA-RV18QE,12990000,/images/products/aqua_aqua-inverter-2-hp-aqa-rv18qe.jpg,Còn hàng
Điều hòa,Casper,Casper Inverter 1.5 HP QC-12IU36A,7990000,/images/products/casper_casper-inverter-15-hp-qc-12iu36a.jpg,Còn hàng
Điều hòa,Comfee,Comfee Inverter 1.5 HP CFS-13VDM,7390000,/images/products/comfee_comfee-inverter-15-hp-cfs-13vdm.jpg,Còn hàng
Điều hòa,Haier,Haier Inverter 1.5 HP HR-13VQI,11490000,/images/products/haier_haier-inverter-15-hp-hr-13vqi.jpg,Còn hàng
Điều hòa,Daikin,Daikin Inverter 1.5 HP ATKB35ZVMV,13490000,/images/products/daikin_daikin-inverter-15-hp-atkb35zvmv.jpg,Còn hàng
Điều hòa,Casper,Casper Inverter 2 HP GC-18IS33,12390000,/images/products/casper_casper-inverter-2-hp-gc-18is33.jpg,Còn hàng
Điều hòa,Nagakawa,Nagakawa Inverter 2.5 HP NIS-C24R2T62,12990000,/images/products/nagakawa_nagakawa-inverter-25-hp-nis-c24r2t62.jpg,Còn hàng
Điều hòa,Panasonic,Panasonic Inverter 1 HP CU/CS-YZ9AKH-8,13490000,/images/products/panasonic_panasonic-inverter-1-hp-cucs-yz9akh-8.jpg,Còn hàng
Điều hòa,Haier,Haier Inverter 1 HP HR-10VQI,9390000,/images/products/haier_haier-inverter-1-hp-hr-10vqi.png,Còn hàng
Điều hòa,Daikin,Daikin Inverter 1 HP FTKM25AVMV,13590000,/images/products/daikin_daikin-inverter-1-hp-ftkm25avmv.jpg,Còn hàng
Điều hòa,Sunhouse,Sunhouse Inverter 2 HP SHR-AW18IC650,11790000,/images/products/sunhouse_sunhouse-inverter-2-hp-shr-aw18ic650.jpg,Còn hàng
Điều hòa,Panasonic,Panasonic Inverter 1 HP CU/CS-XU9BKH-8,14490000,/images/products/panasonic_panasonic-inverter-1-hp-cucs-xu9bkh-8.jpg,Còn hàng
Điều hòa,Panasonic,Panasonic Inverter 1 HP CU/CS-PU9CKH-8D,12190000,/images/products/panasonic_panasonic-inverter-1-hp-cucs-pu9ckh-8d.jpg,Còn hàng
Điều hòa,Daikin,Daikin Inverter 1 HP FTKY25ZVMV,12790000,/images/products/daikin_daikin-inverter-1-hp-ftky25zvmv.jpg,Còn hàng
Điều hòa,Panasonic,Panasonic Inverter 1.5 HP CU/CS-XU12BKH-8,17990000,/images/products/panasonic_panasonic-inverter-15-hp-cucs-xu12bkh-8.jpg,Còn hàng
Điều hòa,Daikin,Daikin Inverter 1.5 HP FTKM35AVMV,16990000,/images/products/daikin_daikin-inverter-15-hp-ftkm35avmv.jpg,Còn hàng
Điều hòa,Comfee,Comfee Inverter 1.5 HP CFS-13VGX,7390000,/images/products/comfee_comfee-inverter-15-hp-cfs-13vgx.jpg,Còn hàng
Điều hòa,Haier,Haier Inverter 1.5 HP HR-13VSA,12490000,/images/products/haier_haier-inverter-15-hp-hr-13vsa.jpg,Còn hàng
Điều hòa,Daikin,Daikin Inverter 1 HP FTHF25XVMV,12290000,/images/products/daikin_daikin-inverter-1-hp-fthf25xvmv.jpg,Còn hàng
Điều hòa,Hisense,Hisense Inverter 2 HP AS-18TR4RWSCA00,9890000,/images/products/hisense_hisense-inverter-2-hp-as-18tr4rwsca00.jpg,Còn hàng
Điều hòa,Panasonic,Panasonic Inverter 1.5 HP CU/CS-YZ12AKH-8,16290000,/images/products/panasonic_panasonic-inverter-15-hp-cucs-yz12akh-8.jpg,Còn hàng
Điều hòa,Funiki,Funiki Inverter 1.5 HP HIC12TMM-6,7490000,/images/products/funiki_funiki-inverter-15-hp-hic12tmm-6.jpg,Còn hàng
Điều hòa,Casper,Casper Inverter 2.5 HP GC-24IS35,15890000,/images/products/casper_casper-inverter-25-hp-gc-24is35.jpg,Còn hàng
Điều hòa,Panasonic,Panasonic Inverter 2 HP CU/CS-PU18AKH-8,21590000,/images/products/panasonic_panasonic-inverter-2-hp-cucs-pu18akh-8.jpg,Còn hàng
Điều hòa,Daikin,Daikin Inverter 1.5 HP FTKY35ZVMV,15890000,/images/products/daikin_daikin-inverter-15-hp-ftky35zvmv.jpg,Còn hàng
Điều hòa,Daikin,Daikin Inverter 2.5 HP FTKB60ZVMV,25590000,/images/products/daikin_daikin-inverter-25-hp-ftkb60zvmv.jpg,Còn hàng
Điều hòa,Panasonic,Panasonic Inverter 1.5 HP CU/CS-PU12CKH-8D,14890000,/images/products/panasonic_panasonic-inverter-15-hp-cucs-pu12ckh-8d.jpg,Còn hàng
Điều hòa,Comfee,Comfee Inverter 2 HP CFS-18VDM,11390000,/images/products/comfee_comfee-inverter-2-hp-cfs-18vdm.jpg,Còn hàng
Điều hòa,Samsung,Samsung Inverter 1 HP AR50H10D1BHNSV,8590000,/images/products/samsung_samsung-inverter-1-hp-ar50h10d1bhnsv.jpg,Còn hàng
Điều hòa,Panasonic,Panasonic Inverter 2 HP CU/CS-U18BKH-8,24690000,/images/products/panasonic_panasonic-inverter-2-hp-cucs-u18bkh-8.jpg,Còn hàng
Điều hòa,Casper,Casper Inverter 1 HP QH-09IU36A,8290000,/images/products/casper_casper-inverter-1-hp-qh-09iu36a.jpg,Còn hàng
Điều hòa,Sharp,Sharp Inverter 1.5 HP AH-X13DEW,8790000,/images/products/sharp_sharp-inverter-15-hp-ah-x13dew.jpg,Còn hàng
Điều hòa,AUX,AUX Inverter 1.5 HP AW13CAA4DI-3VN,5990000,/images/products/aux_aux-inverter-15-hp-aw13caa4di-3vn.jpg,Còn hàng
Điều hòa,Kangaroo,Kangaroo Inverter 1 HP KG9ACI,5990000,/images/products/kangaroo_kangaroo-inverter-1-hp-kg9aci.jpg,Còn hàng
Điều hòa,Panasonic,Panasonic Inverter 2.5 HP CU/CS-PU24CKH-8D,29490000,/images/products/panasonic_panasonic-inverter-25-hp-cucs-pu24ckh-8d.jpg,Còn hàng
Điều hòa,LG,LG Inverter 1 HP IDH09M1,13190000,/images/products/lg_lg-inverter-1-hp-idh09m1.jpg,Còn hàng
Điều hòa,Panasonic,Panasonic Inverter 2 HP CU/CS-PU18CKH-8D,22290000,/images/products/panasonic_panasonic-inverter-2-hp-cucs-pu18ckh-8d.jpg,Còn hàng
Điều hòa,Haier,Haier Inverter 1.5 HP HR-13VSP,13490000,/images/products/haier_haier-inverter-15-hp-hr-13vsp.jpg,Còn hàng
Điều hòa,Toshiba,Toshiba Inverter 2 HP RAS-H18P2KCVG-V,17390000,/images/products/toshiba_toshiba-inverter-2-hp-ras-h18p2kcvg-v.jpg,Còn hàng
Điều hòa,Daikin,Daikin Inverter 1.5 HP FTHF35XVMV,15590000,/images/products/daikin_daikin-inverter-15-hp-fthf35xvmv.jpg,Còn hàng
Điều hòa,Kangaroo,Kangaroo Inverter 1.5 HP KG12ACI,6990000,/images/products/kangaroo_kangaroo-inverter-15-hp-kg12aci.jpg,Còn hàng
Điều hòa,Gree,Gree Inverter 1.5 HP BD12CI,9390000,/images/products/gree_gree-inverter-15-hp-bd12ci.jpg,Còn hàng
Điều hòa,Nagakawa,Nagakawa Inverter 2 HP NIS-C18R2T28,10490000,/images/products/nagakawa_nagakawa-inverter-2-hp-nis-c18r2t28.png,Còn hàng
Điều hòa,Samsung,Samsung Inverter 1 HP Wind-Free AR10CYFAAWKNSV,9930000,/images/products/samsung_samsung-inverter-1-hp-wind-free-ar10cyfaawknsv.jpg,Còn hàng
Điều hòa,Funiki,Funiki Inverter 2 HP HIC18TMM-6,13190000,/images/products/funiki_funiki-inverter-2-hp-hic18tmm-6.jpg,Còn hàng
Điều hòa,Samsung,Samsung Inverter 1.5 HP AR50H13D1BHNSV,9690000,/images/products/samsung_samsung-inverter-15-hp-ar50h13d1bhnsv.jpg,Còn hàng
Điều hòa,Casper,Casper Inverter 1.5 HP QH-12IU36A,9690000,/images/products/casper_casper-inverter-15-hp-qh-12iu36a.jpg,Còn hàng
Điều hòa,Haier,Haier Inverter 2 HP HR-18VQI,17990000,/images/products/haier_haier-inverter-2-hp-hr-18vqi.jpg,Còn hàng
Điều hòa,LG,LG Inverter 2 HP IEC18M2,18890000,/images/products/lg_lg-inverter-2-hp-iec18m2.jpg,Còn hàng
Điều hòa,Aqua,Aqua Inverter 1 HP AQA-RUV10RB5,8790000,/images/products/aqua_aqua-inverter-1-hp-aqa-ruv10rb5.jpg,Còn hàng
Điều hòa,LG,LG Inverter 2.5 HP IFC24M1,20790000,/images/products/lg_lg-inverter-25-hp-ifc24m1.jpg,Còn hàng
Điều hòa,Haier,Haier Inverter 1 HP HR-10VSP,11490000,/images/products/haier_haier-inverter-1-hp-hr-10vsp.jpg,Còn hàng
Điều hòa,Toshiba,Toshiba Inverter 1 HP RAS-H10F2KCVSG-V,10890000,/images/products/toshiba_toshiba-inverter-1-hp-ras-h10f2kcvsg-v.jpg,Còn hàng
Điều hòa,Aqua,Aqua Inverter 1.5 HP AQA-RUV13RB5,10090000,/images/products/aqua_aqua-inverter-15-hp-aqa-ruv13rb5.jpg,Còn hàng
Điều hòa,Daikin,Daikin Inverter 1.5 HP ATHF35XVMV,14490000,/images/products/daikin_daikin-inverter-15-hp-athf35xvmv.jpg,Còn hàng
Điều hòa,Aqua,Aqua Inverter 1 HP AQA-RV10EA,7490000,/images/products/aqua_aqua-inverter-1-hp-aqa-rv10ea.jpg,Còn hàng
Điều hòa,Samsung,Samsung Inverter 1.5 HP Wind-Free AR13CYFAAWKNSV,11820000,/images/products/samsung_samsung-inverter-15-hp-wind-free-ar13cyfaawknsv.jpg,Còn hàng
Điều hòa,Panasonic,Panasonic Inverter 2 HP CU/CS-XU18BKH-8,26890000,/images/products/panasonic_panasonic-inverter-2-hp-cucs-xu18bkh-8.jpg,Còn hàng
Điều hòa,Sharp,Sharp Inverter 1 HP AH-XP10DSW,8550000,/images/products/sharp_sharp-inverter-1-hp-ah-xp10dsw.jpg,Còn hàng
Điều hòa,Funiki,Funiki Inverter 2.5 HP HIC24TMM-6,14990000,/images/products/funiki_funiki-inverter-25-hp-hic24tmm-6.jpg,Còn hàng
Điều hòa,Sharp,Sharp Inverter 2 HP AH-X18DEW,14390000,/images/products/sharp_sharp-inverter-2-hp-ah-x18dew.jpg,Còn hàng
Điều hòa,Midea,Midea Inverter 1 HP MSAGA-10CRDN8,6690000,/images/products/midea_midea-inverter-1-hp-msaga-10crdn8.jpg,Còn hàng
Điều hòa,Toshiba,Toshiba Inverter 1 HP RAS-H10Z1KCVG-V,9790000,/images/products/toshiba_toshiba-inverter-1-hp-ras-h10z1kcvg-v.jpg,Còn hàng
Điều hòa,LG,LG Inverter 1.5 HP IDH12M1,16190000,/images/products/lg_lg-inverter-15-hp-idh12m1.jpg,Còn hàng
Điều hòa,Panasonic,Panasonic Inverter 2.5 HP CU/CS-U24BKH-8,33290000,/images/products/panasonic_panasonic-inverter-25-hp-cucs-u24bkh-8.jpg,Còn hàng
Điều hòa,Daikin,Daikin Inverter 2 HP FTHF50VAVMV,23390000,/images/products/daikin_daikin-inverter-2-hp-fthf50vavmv.jpg,Còn hàng
Điều hòa,Daikin,Daikin Inverter 3 HP FTKY71ZVMV,36690000,/images/products/daikin_daikin-inverter-3-hp-ftky71zvmv.jpg,Còn hàng
Điều hòa,Gree,Gree Inverter 2 HP BD18CI,16190000,/images/products/gree_gree-inverter-2-hp-bd18ci.jpg,Còn hàng
Điều hòa,Samsung,Samsung Inverter 1 HP Wind-Free AR10CYECAWKNSV,11320000,/images/products/samsung_samsung-inverter-1-hp-wind-free-ar10cyecawknsv.jpg,Còn hàng
Điều hòa,Toshiba,Toshiba Inverter 2 HP RAS-H18S5KCV2G-V,17490000,/images/products/toshiba_toshiba-inverter-2-hp-ras-h18s5kcv2g-v.jpg,Còn hàng
Điều hòa,Panasonic,Panasonic Inverter 2 HP CU/CS-YZ18AKH-8,24890000,/images/products/panasonic_panasonic-inverter-2-hp-cucs-yz18akh-8.jpg,Còn hàng
Điều hòa,TCL,TCL Inverter 2.5 HP TBI-24CSD/TPHI,15290000,/images/products/tcl_tcl-inverter-25-hp-tbi-24csdtphi.jpg,Còn hàng
Điều hòa,Samsung,Samsung Inverter 2 HP Wind-Free AR70H18D1CWNSV,21290000,/images/products/samsung_samsung-inverter-2-hp-wind-free-ar70h18d1cwnsv.jpg,Còn hàng
Điều hòa,LG,LG Inverter 2.5 HP IEC24M2,25290000,/images/products/lg_lg-inverter-25-hp-iec24m2.jpg,Còn hàng
Điều hòa,Hisense,Hisense Inverter 1.5 HP AS-12TR4RLRCA00,6990000,/images/products/hisense_hisense-inverter-15-hp-as-12tr4rlrca00.jpg,Còn hàng
Điều hòa,Gree,Gree Inverter 1 HP BD9HI,9790000,/images/products/gree_gree-inverter-1-hp-bd9hi.jpg,Còn hàng
Điều hòa,Gree,Gree Inverter 1.5 HP BD12HI,12990000,/images/products/gree_gree-inverter-15-hp-bd12hi.jpg,Còn hàng
Điều hòa,Aqua,Aqua Inverter 1.5 HP AQA-RUV13VS,11290000,/images/products/aqua_aqua-inverter-15-hp-aqa-ruv13vs.jpg,Còn hàng
Điều hòa,LG,LG Inverter 5 HP ZPNQ48GT3A1 (3 Pha),49690000,/images/products/lg_lg-inverter-5-hp-zpnq48gt3a1-3-pha.jpg,Còn hàng
Điều hòa,Daikin,Daikin Inverter 2 HP FTKY50WVMV,24990000,/images/products/daikin_daikin-inverter-2-hp-ftky50wvmv.jpg,Còn hàng
Điều hòa,Funiki,Funiki Inverter 2 HP HIC18TMU.ST3,12690000,/images/products/funiki_funiki-inverter-2-hp-hic18tmust3.jpg,Còn hàng
Điều hòa,Casper,Casper Inverter 2.5 HP GH-24IS33,19690000,/images/products/casper_casper-inverter-25-hp-gh-24is33.jpg,Còn hàng
Điều hòa,Panasonic,Panasonic Inverter 2.5 HP CU/CS-XU24BKH-8,37390000,/images/products/panasonic_panasonic-inverter-25-hp-cucs-xu24bkh-8.jpg,Còn hàng
Điều hòa,Hisense,Hisense Inverter 1.5 HP AS-12TR4RGUUA00,9290000,/images/products/hisense_hisense-inverter-15-hp-as-12tr4rguua00.jpg,Còn hàng
Điều hòa,Samsung,Samsung Inverter 1 HP Wind-Free AR70H10D1BWNSV,11290000,/images/products/samsung_samsung-inverter-1-hp-wind-free-ar70h10d1bwnsv.jpg,Còn hàng
Điều hòa,Casper,Casper Inverter 4 HP CC-36IS36,33640000,/images/products/casper_casper-inverter-4-hp-cc-36is36.jpg,Còn hàng
Điều hòa,TCL,TCL Inverter 1 HP TAC-BR10CSV/TB,7490000,/images/products/tcl_tcl-inverter-1-hp-tac-br10csvtb.jpg,Còn hàng
Điều hòa,TCL,TCL Inverter 1.5 HP TAC-BR13CSV/TB,8490000,/images/products/tcl_tcl-inverter-15-hp-tac-br13csvtb.jpg,Còn hàng
Điều hòa,Sharp,Sharp Inverter 1.5 HP AH-XP13DSW,9790000,/images/products/sharp_sharp-inverter-15-hp-ah-xp13dsw.jpg,Còn hàng
Điều hòa,Kangaroo,Kangaroo Inverter 2 HP KG18ACI,10990000,/images/products/kangaroo_kangaroo-inverter-2-hp-kg18aci.jpg,Còn hàng
Điều hòa,Daikin,Daikin Inverter 1 HP FTKZ25VVMV,16690000,/images/products/daikin_daikin-inverter-1-hp-ftkz25vvmv.jpg,Còn hàng
Điều hòa,Casper,Casper Inverter 1 HP XH-09IF35,10690000,/images/products/casper_casper-inverter-1-hp-xh-09if35.jpg,Còn hàng
Điều hòa,Sharp,Sharp Inverter 1 HP AH-XP10CMW,9490000,/images/products/sharp_sharp-inverter-1-hp-ah-xp10cmw.jpg,Còn hàng
Điều hòa,AUX,AUX Inverter 1 HP AW10CAA4DI-3VN,5690000,/images/products/aux_aux-inverter-1-hp-aw10caa4di-3vn.jpg,Còn hàng
Điều hòa,Samsung,Samsung Inverter 1.5 HP Wind-Free AR70H13D1BWNSV,13490000,/images/products/samsung_samsung-inverter-15-hp-wind-free-ar70h13d1bwnsv.jpg,Còn hàng
Điều hòa,Casper,Casper Inverter 2.5 HP CC-24IS36,22840000,/images/products/casper_casper-inverter-25-hp-cc-24is36.jpg,Còn hàng
Điều hòa,LG,LG Inverter 3 HP ZTNQ30GNLA1,35240000,/images/products/lg_lg-inverter-3-hp-ztnq30gnla1.jpg,Còn hàng
Điều hòa,Daikin,Daikin Inverter 1.5 HP FTKZ35VVMV,20090000,/images/products/daikin_daikin-inverter-15-hp-ftkz35vvmv.jpg,Còn hàng
Điều hòa,Daikin,Daikin Inverter 2 HP FTKZ50VVMV,30590000,/images/products/daikin_daikin-inverter-2-hp-ftkz50vvmv.jpg,Còn hàng
Điều hòa,LG,LG Inverter 1 HP IPC09M1,16590000,/images/products/lg_lg-inverter-1-hp-ipc09m1.jpg,Còn hàng
Điều hòa,Aqua,Aqua Inverter 1 HP AQA-RUV10TA,9590000,/images/products/aqua_aqua-inverter-1-hp-aqa-ruv10ta.jpg,Còn hàng
Điều hòa,Panasonic,Panasonic Inverter 1.5 HP CU/CS-AU12BKH-8,20490000,/images/products/panasonic_panasonic-inverter-15-hp-cucs-au12bkh-8.jpg,Còn hàng
Điều hòa,Nagakawa,Nagakawa 5.5 HP NP-C50R1K58 (3 pha),33640000,/images/products/nagakawa_nagakawa-55-hp-np-c50r1k58-3-pha.jpg,Còn hàng
Điều hòa,LG,LG Inverter 3 HP ZPNQ30GT3A1,36790000,/images/products/lg_lg-inverter-3-hp-zpnq30gt3a1.jpg,Còn hàng
Điều hòa,Comfee,Comfee Inverter 1 HP CFS-10VCB1,8690000,/images/products/comfee_comfee-inverter-1-hp-cfs-10vcb1.jpg,Còn hàng
Điều hòa,Aqua,Aqua Inverter 1 HP AQA-RUV10VS,9990000,/images/products/aqua_aqua-inverter-1-hp-aqa-ruv10vs.jpg,Còn hàng
Điều hòa,LG,LG Inverter 2.5 HP ZTNQ24GTLA0,35640000,/images/products/lg_lg-inverter-25-hp-ztnq24gtla0.jpg,Còn hàng
Điều hòa,Aqua,Aqua Inverter 1 HP AQA-RV10QA2,6590000,/images/products/aqua_aqua-inverter-1-hp-aqa-rv10qa2.jpg,Còn hàng
Điều hòa,Daikin,Daikin Inverter 2.5 HP FTHF60VAVMV,33390000,/images/products/daikin_daikin-inverter-25-hp-fthf60vavmv.jpg,Còn hàng
Điều hòa,Daikin,Daikin Inverter 3 HP FTHF71VAVMV,37290000,/images/products/daikin_daikin-inverter-3-hp-fthf71vavmv.jpg,Còn hàng
Điều hòa,LG,LG Inverter 1.5 HP IPC12M1,19990000,/images/products/lg_lg-inverter-15-hp-ipc12m1.jpg,Còn hàng
Điều hòa,Gree,Gree Inverter 2 HP BD18HI,18490000,/images/products/gree_gree-inverter-2-hp-bd18hi.jpg,Còn hàng
Điều hòa,Samsung,Samsung Inverter 1 HP AR80H10DAAWNSV,11490000,/images/products/samsung_samsung-inverter-1-hp-ar80h10daawnsv.jpg,Còn hàng
Điều hòa,Nagakawa,Nagakawa Inverter 5.5 HP NIT-C50R2U35 (3 pha),35650000,/images/products/nagakawa_nagakawa-inverter-55-hp-nit-c50r2u35-3-pha.jpg,Còn hàng
Điều hòa,Casper,Casper Inverter 5 HP CC-48IS36 (3 pha),39940000,/images/products/casper_casper-inverter-5-hp-cc-48is36-3-pha.jpg,Còn hàng
Điều hòa,Panasonic,Panasonic Inverter 3 HP CU/CS-NZ24CF1H-8H,41290000,/images/products/panasonic_panasonic-inverter-3-hp-cucs-nz24cf1h-8h.jpg,Còn hàng
Điều hòa,Livotec,Livotec Inverter 1 HP DHV09J,5490000,/images/products/livotec_livotec-inverter-1-hp-dhv09j.jpg,Còn hàng
Điều hòa,LG,LG Inverter 4 HP ZPNQ36GT3A1,46090000,/images/products/lg_lg-inverter-4-hp-zpnq36gt3a1.jpg,Còn hàng
Điều hòa,LG,LG Inverter 5 HP ZPNQ48GT3A1,49690000,/images/products/lg_lg-inverter-5-hp-zpnq48gt3a1.jpg,Còn hàng
Điều hòa,Hisense,Hisense Inverter 1 HP AS-10TR4RGUUA00,8190000,/images/products/hisense_hisense-inverter-1-hp-as-10tr4rguua00.jpg,Còn hàng
Điều hòa,LG,LG Inverter 2.5 HP ZTNQ24GPLA1,30540000,/images/products/lg_lg-inverter-25-hp-ztnq24gpla1.jpg,Còn hàng
Điều hòa,LG,LG Inverter 2.5 HP AMNQ24GSKB0 (Dàn lạnh),9490000,/images/products/lg_lg-inverter-25-hp-amnq24gskb0-dàn-lạnh.jpg,Còn hàng
Điều hòa,Nagakawa,Nagakawa 2 HP NT-C18R1T20,14140000,/images/products/nagakawa_nagakawa-2-hp-nt-c18r1t20.jpg,Còn hàng
Điều hòa,LG,LG Inverter 2 HP ZTNQ18GTLA0,31640000,/images/products/lg_lg-inverter-2-hp-ztnq18gtla0.jpg,Còn hàng
Điều hòa,LG,LG Inverter 1.5 HP V13WIN1,11690000,/images/products/lg_lg-inverter-15-hp-v13win1.jpg,Còn hàng
Điều hòa,Sharp,Sharp Inverter 1 HP AH-XP10CHW,11810000,/images/products/sharp_sharp-inverter-1-hp-ah-xp10chw.jpg,Còn hàng
Điều hòa,Aqua,Aqua Inverter 1 HP AQA-RUV10RB3,7990000,/images/products/aqua_aqua-inverter-1-hp-aqa-ruv10rb3.jpg,Còn hàng
Điều hòa,Panasonic,Panasonic Inverter 1.5 HP CU/CS-XZ12BKH-8,19290000,/images/products/panasonic_panasonic-inverter-15-hp-cucs-xz12bkh-8.jpg,Còn hàng
Điều hòa,Nagakawa,Nagakawa Inverter 2 HP NIT-C18R2U35,15540000,/images/products/nagakawa_nagakawa-inverter-2-hp-nit-c18r2u35.jpg,Còn hàng
Điều hòa,Nagakawa,Nagakawa Inverter 4 HP NIT-C36R2U35 (3 pha),32650000,/images/products/nagakawa_nagakawa-inverter-4-hp-nit-c36r2u35-3-pha.jpg,Còn hàng
Điều hòa,Casper,Casper Inverter 2 HP CC-18IS36,19440000,/images/products/casper_casper-inverter-2-hp-cc-18is36.jpg,Còn hàng
Điều hòa,TCL,TCL Inverter 2 HP TBI-18CSD/TPHI,11990000,/images/products/tcl_tcl-inverter-2-hp-tbi-18csdtphi.jpg,Còn hàng
Điều hòa,Livotec,Livotec Inverter 1.5 HP DHV12J,6290000,/images/products/livotec_livotec-inverter-15-hp-dhv12j.jpg,Còn hàng
Điều hòa,LG,LG Inverter 4 HP ZPNQ36GT3A1 (3 Pha),46090000,/images/products/lg_lg-inverter-4-hp-zpnq36gt3a1-3-pha.jpg,Còn hàng
Điều hòa,LG,LG Inverter 4 HP ZTNQ36GNLA1,41890000,/images/products/lg_lg-inverter-4-hp-ztnq36gnla1.jpg,Còn hàng
Điều hòa,LG,LG Inverter 4 HP ZTNQ36GNLA1 (3 Pha),41890000,/images/products/lg_lg-inverter-4-hp-ztnq36gnla1-3-pha.jpg,Còn hàng
Điều hòa,LG,LG Inverter 5 HP ZTNQ48GMLA1 (3 Pha),47440000,/images/products/lg_lg-inverter-5-hp-ztnq48gmla1-3-pha.jpg,Còn hàng
Điều hòa,LG,LG Inverter 2.5 HP ZTNQ24GTLA1,30740000,/images/products/lg_lg-inverter-25-hp-ztnq24gtla1.jpg,Còn hàng
Điều hòa,LG,LG Inverter 1 HP AMNQ09GSJB0 (Dàn lạnh),7190000,/images/products/lg_lg-inverter-1-hp-amnq09gsjb0-dàn-lạnh.jpg,Còn hàng
Điều hòa,LG,LG Inverter 1.5 HP AMNQ12GSJB0 (Dàn lạnh),8390000,/images/products/lg_lg-inverter-15-hp-amnq12gsjb0-dàn-lạnh.jpg,Còn hàng
Điều hòa,LG,LG Inverter 2 HP AMNQ18GSKB0 (Dàn lạnh),9390000,/images/products/lg_lg-inverter-2-hp-amnq18gskb0-dàn-lạnh.jpg,Còn hàng
Điều hòa,LG,LG Inverter 1 HP AMNQ09GTUA0/PT-UAHW0,10390000,/images/products/lg_lg-inverter-1-hp-amnq09gtua0pt-uahw0.png,Còn hàng
Điều hòa,Panasonic,Panasonic Inverter 2 HP S-1821PU3H/U-21PR1H5,34290000,/images/products/panasonic_panasonic-inverter-2-hp-s-1821pu3hu-21pr1h5.jpg,Còn hàng
Điều hòa,Panasonic,Panasonic Inverter 3 HP S-2430PU3H / U-30PR1H5,39590000,/images/products/panasonic_panasonic-inverter-3-hp-s-2430pu3h-u-30pr1h5.jpg,Còn hàng
Điều hòa,Panasonic,Panasonic Inverter 4.5 HP S-3448PU3H / U-43PR1H5,50190000,/images/products/panasonic_panasonic-inverter-45-hp-s-3448pu3h-u-43pr1h5.jpg,Còn hàng
Điều hòa,Panasonic,Panasonic Inverter 5 HP S-3448PU3H/U-48PR1H5,53790000,/images/products/panasonic_panasonic-inverter-5-hp-s-3448pu3hu-48pr1h5.jpg,Còn hàng
Điều hòa,Panasonic,Panasonic Inverter 5 HP S-3448PU3H / U-48PR1H8,53790000,/images/products/panasonic_panasonic-inverter-5-hp-s-3448pu3h-u-48pr1h8.jpg,Còn hàng
Điều hòa,Panasonic,Panasonic Inverter 2.5 HP S-2430PU3H/U-24PR1H5,38290000,/images/products/panasonic_panasonic-inverter-25-hp-s-2430pu3hu-24pr1h5.jpg,Còn hàng
Điều hòa,Nagakawa,Nagakawa 4 HP NT-C36R1T20 (3 Pha),31150000,/images/products/nagakawa_nagakawa-4-hp-nt-c36r1t20-3-pha.jpg,Còn hàng
Điều hòa,Nagakawa,Nagakawa 5 HP NT-C50R1T20 (3 Pha),33650000,/images/products/nagakawa_nagakawa-5-hp-nt-c50r1t20-3-pha.jpg,Còn hàng
Điều hòa,AUX,AUX Inverter 2 HP AW18CDA4DI-5VN,15890000,/images/products/aux_aux-inverter-2-hp-aw18cda4di-5vn.jpg,Còn hàng
Điều hòa,AUX,AUX Inverter 2.5 HP AW24CDA4DI-5VN,19390000,/images/products/aux_aux-inverter-25-hp-aw24cda4di-5vn.jpg,Còn hàng
Điều hòa,LG,LG Inverter 2 HP Z2UQ18GFD0 (Dàn nóng),19290000,/images/products/lg_lg-inverter-2-hp-z2uq18gfd0-dàn-nóng.jpg,Còn hàng
Điều hòa,LG,LG Inverter 2.5 HP Z3UQ24GFD0 (Dàn nóng),22390000,/images/products/lg_lg-inverter-25-hp-z3uq24gfd0-dàn-nóng.jpg,Còn hàng
Điều hòa,LG,LG Inverter 3 HP Z3UQ30GFD0 (Dàn nóng),27090000,/images/products/lg_lg-inverter-3-hp-z3uq30gfd0-dàn-nóng.jpg,Còn hàng
Điều hòa,LG,LG Inverter 4 HP Z3UQ30GFD0 (Dàn nóng),34690000,/images/products/lg_lg-inverter-4-hp-z3uq30gfd0-dàn-nóng.jpg,Còn hàng
Điều hòa,LG,LG Inverter 4.5 HP Z4UQ42GFD0 (Dàn nóng),44290000,/images/products/lg_lg-inverter-45-hp-z4uq42gfd0-dàn-nóng.jpg,Còn hàng
Điều hòa,LG,LG Inverter 4.5 HP Z4UQ42GFD0 (Dàn nóng),44290000,/images/products/lg_lg-inverter-45-hp-z4uq42gfd0-dàn-nóng.jpg,Còn hàng
Điều hòa,LG,LG Inverter 5 HP Z5UQ48GFD0 (Dàn nóng),51190000,/images/products/lg_lg-inverter-5-hp-z5uq48gfd0-dàn-nóng.jpg,Còn hàng
Điều hòa,Samsung,Samsung Inverter 1.5 HP AR80H13DAAWNSV,13690000,/images/products/samsung_samsung-inverter-15-hp-ar80h13daawnsv.jpg,Còn hàng
Điều hòa,Samsung,Samsung Inverter 2 HP AR80H18DAAWNSV,20990000,/images/products/samsung_samsung-inverter-2-hp-ar80h18daawnsv.jpg,Còn hàng
Điều hòa,Samsung,Samsung Inverter 2.5 HP Wind-Free AR70H24D1CWNSV,29790000,/images/products/samsung_samsung-inverter-25-hp-wind-free-ar70h24d1cwnsv.jpg,Còn hàng
Điều hòa,Nagakawa,Nagakawa 11 HP NP-C100R1T36,74490000,/images/products/nagakawa_nagakawa-11-hp-np-c100r1t36.jpg,Còn hàng
Điều hòa,Gree,Gree 3.5 HP GVC30AMXH-K6NNC7B,0,/images/products/gree_gree-35-hp-gvc30amxh-k6nnc7b.jpg,Hết hàng
Điều hòa,Gree,Gree 5 HP GVC42ALXH-M6NNC7B,0,/images/products/gree_gree-5-hp-gvc42alxh-m6nnc7b.jpg,Hết hàng
Điều hòa,Gree,Gree Inverter 2.5 HP GCC24S6I-GMC24S6I,0,/images/products/gree_gree-inverter-25-hp-gcc24s6i-gmc24s6i.jpg,Hết hàng
Điều hòa,Gree,Gree Inverter 4 HP GCC36S6IA-GMC36S6IA,0,/images/products/gree_gree-inverter-4-hp-gcc36s6ia-gmc36s6ia.jpg,Hết hàng
Điều hòa,Gree,Gree Inverter 5 HP GCC42S6I-GMC42S6I,0,/images/products/gree_gree-inverter-5-hp-gcc42s6i-gmc42s6i.jpg,Hết hàng
Điều hòa,Panasonic,Panasonic Inverter 3 HP CU/CS-NZ24CF1H-8N,41790000,/images/products/panasonic_panasonic-inverter-3-hp-cucs-nz24cf1h-8n.jpg,Còn hàng
Điều hòa,Gree,Gree Inverter 2 HP GCC18S6IA GMC18S6IA,0,/images/products/gree_gree-inverter-2-hp-gcc18s6ia-gmc18s6ia.jpg,Hết hàng
Điều hòa,Xiaomi,Xiaomi Inverter 1 HP,0,/images/products/xiaomi_xiaomi-inverter-1-hp.jpg,Hết hàng
Điều hòa,Xiaomi,Xiaomi Inverter 1.5 HP,0,/images/products/xiaomi_xiaomi-inverter-15-hp.jpg,Hết hàng
Điều hòa,Aqua,Aqua Inverter 1.5 HP AQA-RV13EA,9290000,/images/products/aqua_aqua-inverter-15-hp-aqa-rv13ea.jpg,Còn hàng
Điều hòa,LG,LG Inverter 2 HP ZTNQ18GPLA1,27090000,/images/products/lg_lg-inverter-2-hp-ztnq18gpla1.jpg,Còn hàng
Điều hòa,LG,LG Inverter 5 HP ZTNQ48GMLA1,47440000,/images/products/lg_lg-inverter-5-hp-ztnq48gmla1.jpg,Còn hàng
Điều hòa,LG,LG Inverter 6 HP ZTNQ60GMLA1 (3 Pha),69440000,/images/products/lg_lg-inverter-6-hp-ztnq60gmla1-3-pha.jpg,Còn hàng
Điều hòa,LG,LG Inverter 1.5 HP ZTNQ12GULA1,19540000,/images/products/lg_lg-inverter-15-hp-ztnq12gula1.jpg,Còn hàng
Điều hòa,LG,LG Inverter 4 HP ZTNQ36GYLA1,51040000,/images/products/lg_lg-inverter-4-hp-ztnq36gyla1.jpg,Còn hàng
Điều hòa,LG,LG Inverter 5 HP ZTNQ48GYLA1,51290000,/images/products/lg_lg-inverter-5-hp-ztnq48gyla1.jpg,Còn hàng
Điều hòa,Panasonic,Panasonic Inverter 4.5 HP S-3448PU3H/U-43PR1H8,49290000,/images/products/panasonic_panasonic-inverter-45-hp-s-3448pu3hu-43pr1h8.jpg,Còn hàng
Điều hòa,Aqua,Aqua Inverter 2.5 HP Điều hòa AQUA Inverter 2.5 HP AQA-RV24QE,17990000,/images/products/aqua_aqua-inverter-25-hp-điều-hòa-aqua-inverter-25-hp-aqa-rv24qe.jpg,Còn hàng
Máy lọc nước,Máy,Máy lọc nước RO Sunhouse UltraPure SHA8896L,6250000,/images/products/máy_máy-lọc-nước-ro-sunhouse-ultrapure-sha8896l.jpg,Còn hàng
Máy lọc nước,Máy,Máy lọc nước RO Hòa Phát HPN666,7490000,/images/products/máy_máy-lọc-nước-ro-hòa-phát-hpn666.jpg,Còn hàng
Máy lọc nước,Máy,Máy lọc nước RO Hòa Phát HPN639,8490000,/images/products/máy_máy-lọc-nước-ro-hòa-phát-hpn639.jpg,Còn hàng
Máy lọc nước,Máy,Máy lọc nước RO Sunhouse UltraX SHA76601S,9750000,/images/products/máy_máy-lọc-nước-ro-sunhouse-ultrax-sha76601s.jpg,Còn hàng
Máy lọc nước,Máy,Máy lọc nước RO Sunhouse UltraX SHA76656LA,10990000,/images/products/máy_máy-lọc-nước-ro-sunhouse-ultrax-sha76656la.jpg,Còn hàng
Máy lọc nước,Máy,Máy lọc nước RO Karofi KAD-X58,8990000,/images/products/máy_máy-lọc-nước-ro-karofi-kad-x58.jpg,Còn hàng
Máy lọc nước,Máy,Máy lọc nước RO Kangaroo KG12S3H3,11590000,/images/products/máy_máy-lọc-nước-ro-kangaroo-kg12s3h3.jpg,Còn hàng
Máy lọc nước,Máy,Máy lọc nước RO Kangaroo Sumire KG12A8,12290000,/images/products/máy_máy-lọc-nước-ro-kangaroo-sumire-kg12a8.jpg,Còn hàng
Máy lọc nước,Máy,Máy lọc nước RO Karofi KAD-X59,13950000,/images/products/máy_máy-lọc-nước-ro-karofi-kad-x59.jpg,Còn hàng
Máy lọc nước,Máy,Máy lọc nước RO Kangaroo KGHC11A4,14590000,/images/products/máy_máy-lọc-nước-ro-kangaroo-kghc11a4.jpg,Còn hàng
Máy lọc nước,Máy,Máy lọc nước RO Kangaroo Sumire KGHC12A3,19990000,/images/products/máy_máy-lọc-nước-ro-kangaroo-sumire-kghc12a3.jpg,Còn hàng
Máy lọc nước,Máy,Máy lọc nước RO Karofi KAE-S688,20590000,/images/products/máy_máy-lọc-nước-ro-karofi-kae-s688.jpg,Còn hàng
Máy lọc nước,Máy,Máy lọc nước RO Sunhouse UltraPURE SHA76623KL,8990000,/images/products/máy_máy-lọc-nước-ro-sunhouse-ultrapure-sha76623kl.jpg,Còn hàng
Máy lọc nước,Máy,Máy lọc nước RO Karofi KAQ-X18,5990000,/images/products/máy_máy-lọc-nước-ro-karofi-kaq-x18.jpg,Còn hàng
Máy lọc nước,Máy,Máy lọc nước RO Kangaroo KG11A3,10090000,/images/products/máy_máy-lọc-nước-ro-kangaroo-kg11a3.jpg,Còn hàng
Máy lọc nước,Máy,Máy lọc nước RO Sunhouse UltraPURE SHA76222KL,7840000,/images/products/máy_máy-lọc-nước-ro-sunhouse-ultrapure-sha76222kl.jpg,Còn hàng
Máy lọc nước,Máy,Máy lọc nước RO Kangaroo KG11A2,8790000,/images/products/máy_máy-lọc-nước-ro-kangaroo-kg11a2.jpg,Còn hàng
Máy lọc nước,Máy,Máy lọc nước RO Kangaroo KG11A1,5990000,/images/products/máy_máy-lọc-nước-ro-kangaroo-kg11a1.jpg,Còn hàng
Máy lọc nước,Máy,Máy lọc nước RO Toshiba TWP-WA3SVN(K),9690000,/images/products/máy_máy-lọc-nước-ro-toshiba-twp-wa3svnk.jpg,Còn hàng
Máy lọc nước,Máy,Máy lọc nước RO Toshiba TWP-WA2SVN(K),7480000,/images/products/máy_máy-lọc-nước-ro-toshiba-twp-wa2svnk.jpg,Còn hàng
Máy lọc nước,Máy,Máy lọc nước RO Kangaroo KG10A17,7990000,/images/products/máy_máy-lọc-nước-ro-kangaroo-kg10a17.jpg,Còn hàng
Máy lọc nước,Máy,Máy lọc nước RO Hòa Phát HPR526,4660000,/images/products/máy_máy-lọc-nước-ro-hòa-phát-hpr526.jpg,Còn hàng
Máy lọc nước,Máy,Máy lọc nước RO Kangaroo KG12S1H1,6290000,/images/products/máy_máy-lọc-nước-ro-kangaroo-kg12s1h1.jpg,Còn hàng
Máy lọc nước,Máy,Máy lọc nước RO Karofi KAD-X68,14850000,/images/products/máy_máy-lọc-nước-ro-karofi-kad-x68.jpg,Còn hàng
Máy lọc nước,Máy,Máy lọc nước RO Mutosi MP-S1011,6240000,/images/products/máy_máy-lọc-nước-ro-mutosi-mp-s1011.jpg,Còn hàng
Máy lọc nước,Máy,Máy lọc nước RO Livotec 638,7540000,/images/products/máy_máy-lọc-nước-ro-livotec-638.jpg,Còn hàng
Máy lọc nước,Máy,Máy lọc nước RO Toshiba TWP-NA1SVN(K),5150000,/images/products/máy_máy-lọc-nước-ro-toshiba-twp-na1svnk.jpg,Còn hàng
Máy lọc nước,Máy,Máy lọc nước RO Sunhouse SHA8866K,4350000,/images/products/máy_máy-lọc-nước-ro-sunhouse-sha8866k.jpg,Còn hàng
Máy lọc nước,Máy,Máy lọc nước RO Sunhouse UltraPURE SHA8800KL,5390000,/images/products/máy_máy-lọc-nước-ro-sunhouse-ultrapure-sha8800kl.jpg,Còn hàng
Máy lọc nước,Máy,Máy lọc nước RO Hòa Phát HPN669,8790000,/images/products/máy_máy-lọc-nước-ro-hòa-phát-hpn669.jpg,Còn hàng
Máy lọc nước,Máy,Máy lọc nước RO Kangaroo KGRP10,4390000,/images/products/máy_máy-lọc-nước-ro-kangaroo-kgrp10.jpg,Còn hàng
Máy lọc nước,Máy,Máy lọc nước RO Kangaroo KG11K5-H1G,4990000,/images/products/máy_máy-lọc-nước-ro-kangaroo-kg11k5-h1g.jpg,Còn hàng
Máy lọc nước,Máy,Máy lọc nước RO Karofi KAQ-US08,6550000,/images/products/máy_máy-lọc-nước-ro-karofi-kaq-us08.jpg,Còn hàng
Máy lọc nước,Máy,Máy lọc nước RO Sunhouse SHA8201KV,4250000,/images/products/máy_máy-lọc-nước-ro-sunhouse-sha8201kv.jpg,Còn hàng
Máy lọc nước,Máy,Máy lọc nước RO Karofi KAH-X29,8340000,/images/products/máy_máy-lọc-nước-ro-karofi-kah-x29.jpg,Còn hàng
Máy lọc nước,Máy,Máy lọc nước RO Sunhouse SHA8356U,5050000,/images/products/máy_máy-lọc-nước-ro-sunhouse-sha8356u.jpg,Còn hàng
Máy lọc nước,Máy,Máy lọc nước RO Karofi KAQ-U98 Pro,8440000,/images/products/máy_máy-lọc-nước-ro-karofi-kaq-u98-pro.jpg,Còn hàng
Máy lọc nước,Máy,Máy lọc nước RO Mutosi MP-S128H,7540000,/images/products/máy_máy-lọc-nước-ro-mutosi-mp-s128h.jpg,Còn hàng
Máy lọc nước,Máy,Máy lọc nước RO Toshiba TWP-N2396SVN(W),5450000,/images/products/máy_máy-lọc-nước-ro-toshiba-twp-n2396svnw.jpg,Còn hàng
Máy lọc nước,Máy,Máy lọc nước RO Karofi KAQ-X26S,10840000,/images/products/máy_máy-lọc-nước-ro-karofi-kaq-x26s.jpg,Còn hàng
Máy lọc nước,Máy,Máy lọc nước RO Toshiba TWP-W2396SVN(M),7940000,/images/products/máy_máy-lọc-nước-ro-toshiba-twp-w2396svnm.jpg,Còn hàng
Máy lọc nước,Máy,Máy lọc nước RO Kangaroo KG12S2H4,8690000,/images/products/máy_máy-lọc-nước-ro-kangaroo-kg12s2h4.jpg,Còn hàng
Máy lọc nước,Máy,Máy lọc nước RO Kangaroo Sumire KG12A6,8490000,/images/products/máy_máy-lọc-nước-ro-kangaroo-sumire-kg12a6.jpg,Còn hàng
Máy lọc nước,Máy,Máy lọc nước RO Karofi KAD-X69,17350000,/images/products/máy_máy-lọc-nước-ro-karofi-kad-x69.jpg,Còn hàng
Máy lọc nước,Máy,Máy lọc nước RO Livotec 828,8340000,/images/products/máy_máy-lọc-nước-ro-livotec-828.jpg,Còn hàng
Máy lọc nước,Máy,Máy lọc nước RO Kangaroo Sumire KG12HA,7750000,/images/products/máy_máy-lọc-nước-ro-kangaroo-sumire-kg12ha.jpg,Còn hàng
Máy lọc nước,Máy,Máy lọc nước RO Sunhouse UltraX SHA76668SH,16590000,/images/products/máy_máy-lọc-nước-ro-sunhouse-ultrax-sha76668sh.jpg,Còn hàng
Máy lọc nước,Máy,Máy lọc nước RO Kangaroo KG10A13,7990000,/images/products/máy_máy-lọc-nước-ro-kangaroo-kg10a13.jpg,Còn hàng
Máy lọc nước,Máy,Máy lọc nước RO Sunhouse UltraPURE SHA8810K,4750000,/images/products/máy_máy-lọc-nước-ro-sunhouse-ultrapure-sha8810k.jpg,Còn hàng
Máy lọc nước,Máy,Máy lọc nước RO Karofi Platinum S6,21690000,/images/products/máy_máy-lọc-nước-ro-karofi-platinum-s6.jpg,Còn hàng
Máy lọc nước,Máy,Máy lọc nước RO Sunhouse UltraX SHA76258LA,9340000,/images/products/máy_máy-lọc-nước-ro-sunhouse-ultrax-sha76258la.jpg,Còn hàng
Máy lọc nước,Máy,Máy lọc nước RO Sanaky SNK-S3HK85,6450000,/images/products/máy_máy-lọc-nước-ro-sanaky-snk-s3hk85.jpg,Còn hàng
Máy lọc nước,Máy,Máy lọc nước RO Livotec 635,6450000,/images/products/máy_máy-lọc-nước-ro-livotec-635.jpg,Còn hàng
Máy lọc nước,Máy,Máy lọc nước RO Sanaky SNK-S1HK68,4350000,/images/products/máy_máy-lọc-nước-ro-sanaky-snk-s1hk68.jpg,Còn hàng
Máy lọc nước,Máy,Máy lọc nước RO Toshiba TWP-IW2469SVN(K),14250000,/images/products/máy_máy-lọc-nước-ro-toshiba-twp-iw2469svnk.jpg,Còn hàng
Máy lọc nước,Máy,Máy lọc nước RO Mutosi MP-N911,9840000,/images/products/máy_máy-lọc-nước-ro-mutosi-mp-n911.jpg,Còn hàng
Máy lọc nước,Máy,Máy lọc nước RO Karofi KAQ-X26,6490000,/images/products/máy_máy-lọc-nước-ro-karofi-kaq-x26.jpg,Còn hàng
Máy lọc nước,Máy,Máy lọc nước RO Mutosi MP-S129H,10000000,/images/products/máy_máy-lọc-nước-ro-mutosi-mp-s129h.jpg,Còn hàng
Máy lọc nước,Máy,Máy lọc nước RO Toshiba TWP-W2398SVN(M),10440000,/images/products/máy_máy-lọc-nước-ro-toshiba-twp-w2398svnm.jpg,Còn hàng
Máy lọc nước,Máy,Máy lọc nước RO Kangaroo Sumire KGHC12A2,17890000,/images/products/máy_máy-lọc-nước-ro-kangaroo-sumire-kghc12a2.jpg,Còn hàng
Máy lọc nước,Máy,Máy lọc nước RO Mutosi MP-U28H,5390000,/images/products/máy_máy-lọc-nước-ro-mutosi-mp-u28h.jpg,Còn hàng
Máy lọc nước,Máy,Máy lọc nước RO Kangaroo Sumire KGEP12A1,14390000,/images/products/máy_máy-lọc-nước-ro-kangaroo-sumire-kgep12a1.jpg,Còn hàng
Máy lọc nước,Máy,Máy lọc nước RO Kangaroo KG10A18,7290000,/images/products/máy_máy-lọc-nước-ro-kangaroo-kg10a18.jpg,Còn hàng
Máy lọc nước,Máy,Máy lọc nước RO Sunhouse UltraX SHA76658SH,14650000,/images/products/máy_máy-lọc-nước-ro-sunhouse-ultrax-sha76658sh.jpg,Còn hàng
Máy lọc nước,Máy,Máy lọc nước RO Mutosi MP-1101,4450000,/images/products/máy_máy-lọc-nước-ro-mutosi-mp-1101.jpg,Còn hàng
Máy lọc nước,Máy,Máy lọc nước RO Sunhouse UltraX SHA76688SH,17600000,/images/products/máy_máy-lọc-nước-ro-sunhouse-ultrax-sha76688sh.jpg,Còn hàng
Máy lọc nước,Máy,Máy lọc nước RO Karofi KAE-S66,16050000,/images/products/máy_máy-lọc-nước-ro-karofi-kae-s66.jpg,Còn hàng
Máy lọc nước,Máy,Máy lọc nước RO AOSmith S400,11240000,/images/products/máy_máy-lọc-nước-ro-aosmith-s400.jpg,Còn hàng
Máy lọc nước,Máy,Máy lọc nước RO Mutosi MP-P88N,18200000,/images/products/máy_máy-lọc-nước-ro-mutosi-mp-p88n.jpg,Còn hàng
Máy lọc nước,Máy,Máy lọc nước RO Mutosi MP-S129,8470000,/images/products/máy_máy-lọc-nước-ro-mutosi-mp-s129.jpg,Còn hàng
Máy lọc nước,Máy,Máy lọc nước RO Livotec 608,5290000,/images/products/máy_máy-lọc-nước-ro-livotec-608.jpg,Còn hàng
Máy lọc nước,Máy,Máy lọc nước RO Mutosi MP-S126,5340000,/images/products/máy_máy-lọc-nước-ro-mutosi-mp-s126.jpg,Còn hàng
Máy lọc nước,Máy,Máy lọc nước RO AOSmith E3,11950000,/images/products/máy_máy-lọc-nước-ro-aosmith-e3.jpg,Còn hàng
Máy lọc nước,Máy,Máy lọc nước RO Livotec 636,5990000,/images/products/máy_máy-lọc-nước-ro-livotec-636.jpg,Còn hàng
Máy lọc nước,Máy,Máy lọc nước RO Mutosi MP-P89K,9990000,/images/products/máy_máy-lọc-nước-ro-mutosi-mp-p89k.jpg,Còn hàng
Máy lọc nước,Máy,Máy lọc nước RO Sanaky SNK-TV3HK88,8640000,/images/products/máy_máy-lọc-nước-ro-sanaky-snk-tv3hk88.jpg,Còn hàng
Máy lọc nước,Máy,Máy lọc nước Panasonic TK-AS700,53200000,/images/products/máy_máy-lọc-nước-panasonic-tk-as700.jpg,Còn hàng
Máy lọc nước,Máy,Máy lọc nước RO Korihome WPK-965,16150000,/images/products/máy_máy-lọc-nước-ro-korihome-wpk-965.jpg,Còn hàng
Máy lọc nước,Máy,Máy lọc nước RO Hòa Phát HPA885,14390000,/images/products/máy_máy-lọc-nước-ro-hòa-phát-hpa885.jpg,Còn hàng
Máy lọc nước,Máy,Máy lọc nước RO Karofi Platinum S2,14690000,/images/products/máy_máy-lọc-nước-ro-karofi-platinum-s2.jpg,Còn hàng
Máy lọc nước,Máy,Máy lọc nước RO Kangaroo Sumire KG12NA,5590000,/images/products/máy_máy-lọc-nước-ro-kangaroo-sumire-kg12na.jpg,Còn hàng
Máy lọc nước,Máy,Máy lọc nước RO Toshiba TWP-W2399SVN(M),15050000,/images/products/máy_máy-lọc-nước-ro-toshiba-twp-w2399svnm.jpg,Còn hàng
Máy lọc nước,Máy,Máy lọc nước RO Karofi KAE-S695,30490000,/images/products/máy_máy-lọc-nước-ro-karofi-kae-s695.jpg,Còn hàng
Máy lọc nước,Máy,Máy lọc nước RO Livotec 818,6240000,/images/products/máy_máy-lọc-nước-ro-livotec-818.jpg,Còn hàng
Máy lọc nước,Máy,Máy lọc nước Panasonic TK-AS500-ZVN,24200000,/images/products/máy_máy-lọc-nước-panasonic-tk-as500-zvn.jpg,Còn hàng
Máy lọc nước,Máy,Máy chuyển đổi nước RO Mutosi MD-199H,4310000,/images/products/máy_máy-chuyển-đổi-nước-ro-mutosi-md-199h.jpg,Còn hàng
Máy lọc nước,Máy,Máy lọc nước RO AOSmith R400E,12250000,/images/products/máy_máy-lọc-nước-ro-aosmith-r400e.jpg,Còn hàng
Máy lọc nước,Máy,Máy lọc nước RO AOSmith ECO-AOC75PUR,13350000,/images/products/máy_máy-lọc-nước-ro-aosmith-eco-aoc75pur.jpg,Còn hàng
Máy lọc nước,Máy,Máy lọc nước RO Korihome WPK-962,14850000,/images/products/máy_máy-lọc-nước-ro-korihome-wpk-962.jpg,Còn hàng
Máy lọc nước,Máy,Máy lọc nước RO Sanaky SNK-US1HK16,3750000,/images/products/máy_máy-lọc-nước-ro-sanaky-snk-us1hk16.jpg,Còn hàng
Máy lọc nước,Máy,Máy lọc nước RO Korihome WPK-915,14850000,/images/products/máy_máy-lọc-nước-ro-korihome-wpk-915.jpg,Còn hàng
Máy lọc nước,Máy,Máy lọc nước RO Korihome WPK-903,10290000,/images/products/máy_máy-lọc-nước-ro-korihome-wpk-903.jpg,Còn hàng
Máy lọc nước,Máy,Máy lọc nước Fuji Smart i9,80360000,/images/products/máy_máy-lọc-nước-fuji-smart-i9.jpg,Còn hàng
Máy lọc nước,Máy,Máy lọc nước RO Hòa Phát HWU1A 1022,4950000,/images/products/máy_máy-lọc-nước-ro-hòa-phát-hwu1a-1022.jpg,Còn hàng
Máy lọc nước,Máy,Máy lọc nước RO Kangaroo KG400HD,9790000,/images/products/máy_máy-lọc-nước-ro-kangaroo-kg400hd.jpg,Còn hàng
Máy lọc nước,Máy,Máy lọc nước Panasonic TK-AS45,21850000,/images/products/máy_máy-lọc-nước-panasonic-tk-as45.jpg,Còn hàng
Máy lọc nước,Máy,Máy lọc nước ROBOT IonPrince 37X,13850000,/images/products/máy_máy-lọc-nước-robot-ionprince-37x.jpg,Còn hàng
Máy lọc nước,Máy,Máy lọc nước RO Hòa Phát HPU488,3150000,/images/products/máy_máy-lọc-nước-ro-hòa-phát-hpu488.jpg,Còn hàng
Máy lọc nước,Máy,Máy lọc nước RO Sanaky SNK-TV2HK40,7080000,/images/products/máy_máy-lọc-nước-ro-sanaky-snk-tv2hk40.jpg,Còn hàng
Máy lọc nước,Máy,Máy lọc nước RO AOSmith E2,10840000,/images/products/máy_máy-lọc-nước-ro-aosmith-e2.jpg,Còn hàng
Máy lọc nước,Máy,Máy lọc nước ROBOT IonSmart 510X,20150000,/images/products/máy_máy-lọc-nước-robot-ionsmart-510x.jpg,Còn hàng
Máy lọc nước,Máy,Máy lọc nước Kangen LeveLuk SD501,86400000,/images/products/máy_máy-lọc-nước-kangen-leveluk-sd501.jpg,Còn hàng
Máy lọc nước,Máy,Máy lọc nước ROBOT IonPrince 59X,15950000,/images/products/máy_máy-lọc-nước-robot-ionprince-59x.jpg,Còn hàng
Máy lọc nước,Máy,Máy lọc nước ROBOT IonSmart 38X,17550000,/images/products/máy_máy-lọc-nước-robot-ionsmart-38x.jpg,Còn hàng
Máy lọc nước,Máy,Máy lọc nước RO Kangaroo KG10A12,5990000,/images/products/máy_máy-lọc-nước-ro-kangaroo-kg10a12.jpg,Còn hàng
Máy lọc nước,Máy,Máy lọc nước Panasonic TK-AB50,47200000,/images/products/máy_máy-lọc-nước-panasonic-tk-ab50.jpg,Còn hàng
Máy lọc nước,Máy,Máy lọc nước RO ROBOT HydroMega-9X,5550000,/images/products/máy_máy-lọc-nước-ro-robot-hydromega-9x.jpg,Còn hàng
Máy lọc nước,Máy,Máy lọc nước RO Hòa Phát HPT725,12750000,/images/products/máy_máy-lọc-nước-ro-hòa-phát-hpt725.jpg,Còn hàng
Máy lọc nước,Máy,Máy lọc nước RO AOSmith C2,4890000,/images/products/máy_máy-lọc-nước-ro-aosmith-c2.jpg,Còn hàng
Máy lọc nước,Máy,Máy lọc nước Kangen LeveLuk K8,113040000,/images/products/máy_máy-lọc-nước-kangen-leveluk-k8.jpg,Còn hàng
Máy lọc nước,Máy,Máy lọc nước RO ROBOT SPRING-X10GUR,4750000,/images/products/máy_máy-lọc-nước-ro-robot-spring-x10gur.jpg,Còn hàng
Máy lọc nước,Máy,Máy lọc nước ROBOT IonQueen 912X,33050000,/images/products/máy_máy-lọc-nước-robot-ionqueen-912x.png,Còn hàng
Máy lọc nước,Máy,Máy lọc nước ROBOT IonPrince 79X,20650000,/images/products/máy_máy-lọc-nước-robot-ionprince-79x.jpg,Còn hàng
Máy lọc nước,Máy,Máy lọc nước ROBOT IonPrince 910X,25850000,/images/products/máy_máy-lọc-nước-robot-ionprince-910x.jpg,Còn hàng
Máy lọc nước,Máy,Máy lọc nước ROBOT IonQueen 511X,23250000,/images/products/máy_máy-lọc-nước-robot-ionqueen-511x.png,Còn hàng
Máy lọc nước,Máy,Máy lọc nước ROBOT IonQueen 711X,28450000,/images/products/máy_máy-lọc-nước-robot-ionqueen-711x.jpg,Còn hàng
Máy lọc nước,Máy,Máy lọc nước ROBOT IonQueen 1113X,39350000,/images/products/máy_máy-lọc-nước-robot-ionqueen-1113x.jpg,Còn hàng
Máy lọc nước,Máy,Máy lọc nước RO Karofi KAD-N91,13990000,/images/products/máy_máy-lọc-nước-ro-karofi-kad-n91.jpg,Còn hàng
Máy lọc nước,Máy,Máy lọc nước RO Sanaky Inverter VH102HP3,7490000,/images/products/máy_máy-lọc-nước-ro-sanaky-inverter-vh102hp3.jpg,Còn hàng
Máy lọc nước,Máy,Máy lọc nước RO Stiebel Eltron Glacier,11490000,/images/products/máy_máy-lọc-nước-ro-stiebel-eltron-glacier.jpg,Còn hàng
Máy lọc nước,Máy,Máy lọc nước RO ROBOT HydroMegaPlus-9X,7240000,/images/products/máy_máy-lọc-nước-ro-robot-hydromegaplus-9x.jpg,Còn hàng
Máy lọc nước,Máy,Máy lọc nước RO ROBOT HydroElite-9X,9090000,/images/products/máy_máy-lọc-nước-ro-robot-hydroelite-9x.jpg,Còn hàng
Máy lọc nước,Máy,Máy lọc nước ROBOT IonKing 511X,26350000,/images/products/máy_máy-lọc-nước-robot-ionking-511x.jpg,Còn hàng
Máy lọc nước,Máy,Máy lọc nước ROBOT IonKing 912X,36250000,/images/products/máy_máy-lọc-nước-robot-ionking-912x.jpg,Còn hàng
Máy lọc nước,Máy,Máy lọc nước ROBOT IonStar 3X,10640000,/images/products/máy_máy-lọc-nước-robot-ionstar-3x.jpg,Còn hàng
Máy lọc nước,Máy,Máy lọc nước ROBOT IonStar 5X,13950000,/images/products/máy_máy-lọc-nước-robot-ionstar-5x.jpg,Còn hàng
Máy lọc nước,Máy,Máy lọc nước ROBOT IonStar 9X,21150000,/images/products/máy_máy-lọc-nước-robot-ionstar-9x.jpg,Còn hàng
Máy lọc nước,Máy,Máy lọc nước ROBOT IonStar 11X,25350000,/images/products/máy_máy-lọc-nước-robot-ionstar-11x.jpg,Còn hàng
Máy lọc nước,Máy,Máy lọc nước RO Hòa Phát HPA855,9090000,/images/products/máy_máy-lọc-nước-ro-hòa-phát-hpa855.jpg,Còn hàng
Máy lọc nước,Máy,Máy lọc nước RO Hòa Phát HPA886,13790000,/images/products/máy_máy-lọc-nước-ro-hòa-phát-hpa886.jpg,Còn hàng
Máy lọc nước,Máy,Máy lọc nước RO Hòa Phát HPA856,10790000,/images/products/máy_máy-lọc-nước-ro-hòa-phát-hpa856.jpg,Còn hàng
Máy lọc nước,Máy,Máy lọc nước Philips ADD6912BL/90,16990000,/images/products/máy_máy-lọc-nước-philips-add6912bl90.jpg,Còn hàng
Máy lọc nước,Máy,Máy lọc nước RO Sanaky SNK-US1H18,4750000,/images/products/máy_máy-lọc-nước-ro-sanaky-snk-us1h18.jpg,Còn hàng
Máy lọc nước,Máy,Máy lọc nước RO Sanaky SNK-OR22,11240000,/images/products/máy_máy-lọc-nước-ro-sanaky-snk-or22.jpg,Còn hàng
Máy lọc nước,Máy,Máy lọc nước RO AOSmith LUX-AOU800HOT,21150000,/images/products/máy_máy-lọc-nước-ro-aosmith-lux-aou800hot.jpg,Còn hàng
Máy lọc nước,Máy,Máy lọc nước RO AOSmith C1,3920000,/images/products/máy_máy-lọc-nước-ro-aosmith-c1.png,Còn hàng
Máy lọc nước,Máy,Máy lọc nước RO Kangaroo KG100HU,4990000,/images/products/máy_máy-lọc-nước-ro-kangaroo-kg100hu.png,Còn hàng
Máy lọc nước,Máy,Máy lọc nước RO Philips AUT2015/74,7990000,/images/products/máy_máy-lọc-nước-ro-philips-aut201574.jpg,Còn hàng
Máy lọc nước,Máy,Máy lọc nước IonFarms Alpha-1700,37290000,/images/products/máy_máy-lọc-nước-ionfarms-alpha-1700.jpg,Còn hàng
Máy lọc nước,Máy,Máy lọc nước ROBOT IonKing 711X,31190000,/images/products/máy_máy-lọc-nước-robot-ionking-711x.jpg,Còn hàng
Máy lọc nước,Máy,Máy lọc nước RO Sanaky SNK-TV3IK98,13640000,/images/products/máy_máy-lọc-nước-ro-sanaky-snk-tv3ik98.jpg,Còn hàng
Máy lọc nước,Máy,Máy lọc nước RO Rossi RA-75D,5190000,/images/products/máy_máy-lọc-nước-ro-rossi-ra-75d.jpg,Còn hàng
Máy lọc nước,Máy,Máy lọc nước RO Rossi RA-X96D,8390000,/images/products/máy_máy-lọc-nước-ro-rossi-ra-x96d.jpg,Còn hàng
Máy lọc nước,Máy,Máy lọc nước RO Rossi RS-25U,4290000,/images/products/máy_máy-lọc-nước-ro-rossi-rs-25u.jpg,Còn hàng
Máy lọc nước,Máy,Máy lọc nước Fuji Smart OnsenSui,29900000,/images/products/máy_máy-lọc-nước-fuji-smart-onsensui.jpg,Còn hàng
Máy lọc nước,Máy,Máy lọc nước Fuji Smart Petto 99,82000000,/images/products/máy_máy-lọc-nước-fuji-smart-petto-99.jpg,Còn hàng
Máy lọc nước,Máy,Máy lọc nước Fuji Smart JP900 Pro,110000000,/images/products/máy_máy-lọc-nước-fuji-smart-jp900-pro.jpg,Còn hàng
Máy lọc nước,Máy,Máy lọc nước RO Philips ADD8911/74,6790000,/images/products/máy_máy-lọc-nước-ro-philips-add891174.jpg,Còn hàng
Máy lọc nước,Máy,Máy lọc nước RO Philips ADD8912/74,10990000,/images/products/máy_máy-lọc-nước-ro-philips-add891274.jpg,Còn hàng
Máy lọc nước,Máy,Máy lọc nước RO Philips ADD8913/74,11490000,/images/products/máy_máy-lọc-nước-ro-philips-add891374.jpg,Còn hàng
Máy lọc nước,Máy,Máy lọc nước RO nóng nguội lạnh Philips ADD8922/74 10 lõi,12990000,/images/products/máy_máy-lọc-nước-ro-nóng-nguội-lạnh-philips-add892274-10-lõi.jpg,Còn hàng
Máy lọc nước,Máy,Máy lọc nước RO Philips ADD6922CG/97,32990000,/images/products/máy_máy-lọc-nước-ro-philips-add6922cg97.jpg,Còn hàng
Nồi cơm điện,Nồi,Nồi cơm nắp gài Nagakawa 1.2 lít NRC3812,720000,/images/products/nồi_nồi-cơm-nắp-gài-nagakawa-12-lít-nrc3812.jpg,Còn hàng
Nồi cơm điện,Nồi,Nồi cơm điện cao tần Kangaroo 1.8 lít KG18RIH2,1190000,/images/products/nồi_nồi-cơm-điện-cao-tần-kangaroo-18-lít-kg18rih2.jpg,Còn hàng
Nồi cơm điện,Nồi,Nồi cơm nắp gài Nagakawa 1.8 lít NRC3836,1090000,/images/products/nồi_nồi-cơm-nắp-gài-nagakawa-18-lít-nrc3836.jpg,Còn hàng
Nồi cơm điện,Nồi,Nồi cơm điện tử Bear 1 lít DFB-C30D1,1790000,/images/products/nồi_nồi-cơm-điện-tử-bear-1-lít-dfb-c30d1.jpg,Còn hàng
Nồi cơm điện,Nồi,Nồi cơm điện cao tần Kangaroo 1.2 lít KGR12IH1,990000,/images/products/nồi_nồi-cơm-điện-cao-tần-kangaroo-12-lít-kgr12ih1.jpg,Còn hàng
Nồi cơm điện,Nồi,Nồi cơm điện tử Sharp 1.8 lít KS-COM194EV-RD,2290000,/images/products/nồi_nồi-cơm-điện-tử-sharp-18-lít-ks-com194ev-rd.jpg,Còn hàng
Nồi cơm điện,Nồi,Nồi cơm điện cao tần Sharp 1 lít KS-IH10IX-WH,2890000,/images/products/nồi_nồi-cơm-điện-cao-tần-sharp-1-lít-ks-ih10ix-wh.jpg,Còn hàng
Nồi cơm điện,Nồi,Nồi cơm điện tử Tefal 1.8 lít RK776B68,2500000,/images/products/nồi_nồi-cơm-điện-tử-tefal-18-lít-rk776b68.jpg,Còn hàng
Nồi cơm điện,Nồi,Nồi cơm điện tử Cuckoo 1 lít CR-0631F,2590000,/images/products/nồi_nồi-cơm-điện-tử-cuckoo-1-lít-cr-0631f.jpg,Còn hàng
Nồi cơm điện,Nồi,Nồi cơm điện cao tần Sunhouse 1.8 lít SHD8957,2590000,/images/products/nồi_nồi-cơm-điện-cao-tần-sunhouse-18-lít-shd8957.jpg,Còn hàng
Nồi cơm điện,Nồi,Nồi cơm điện cao tần Kangaroo 1.8 lít KGR18IH3,1190000,/images/products/nồi_nồi-cơm-điện-cao-tần-kangaroo-18-lít-kgr18ih3.jpg,Còn hàng
Nồi cơm điện,Nồi,Nồi cơm điện tử Cuckoo 1.8 lít CR-1020F,2190000,/images/products/nồi_nồi-cơm-điện-tử-cuckoo-18-lít-cr-1020f.jpg,Còn hàng
Nồi cơm điện,Nồi,Nồi cơm điện tử BlueStone 1.8 lít RCB-5938,1690000,/images/products/nồi_nồi-cơm-điện-tử-bluestone-18-lít-rcb-5938.jpg,Còn hàng
Nồi cơm điện,Nồi,Nồi cơm nắp gài Sunhouse 1.2 lít SHD8217W,680000,/images/products/nồi_nồi-cơm-nắp-gài-sunhouse-12-lít-shd8217w.jpg,Còn hàng
Nồi cơm điện,Nồi,Nồi cơm nắp gài Sunhouse 1.8 lít SHD8603,540000,/images/products/nồi_nồi-cơm-nắp-gài-sunhouse-18-lít-shd8603.jpg,Còn hàng
Nồi cơm điện,Nồi,Nồi cơm điện tử Philips 1.8 lít HD4717/30,1780000,/images/products/nồi_nồi-cơm-điện-tử-philips-18-lít-hd471730.jpg,Còn hàng
Nồi cơm điện,Nồi,Nồi cơm điện tử Sunhouse 1.8 lít SHD8911,1490000,/images/products/nồi_nồi-cơm-điện-tử-sunhouse-18-lít-shd8911.jpg,Còn hàng
Nồi cơm điện,Nồi,Nồi cơm điện tử Toshiba 1.8 lít RC-18NMFVN(WT),3490000,/images/products/nồi_nồi-cơm-điện-tử-toshiba-18-lít-rc-18nmfvnwt.jpg,Còn hàng
Nồi cơm điện,Nồi,Nồi cơm nắp rời Toshiba 1.8 lít RC-18MH2PV(F),690000,/images/products/nồi_nồi-cơm-nắp-rời-toshiba-18-lít-rc-18mh2pvf.jpg,Còn hàng
Nồi cơm điện,Nồi,Nồi cơm nắp gài Sharp 1.8 lít KS-18TJV,690000,/images/products/nồi_nồi-cơm-nắp-gài-sharp-18-lít-ks-18tjv.jpg,Còn hàng
Nồi cơm điện,Nồi,Nồi cơm điện tử Sharp 1.8 lít KS-COM183MV-WH,1690000,/images/products/nồi_nồi-cơm-điện-tử-sharp-18-lít-ks-com183mv-wh.jpg,Còn hàng
Nồi cơm điện,Nồi,Nồi cơm điện cao tần Toshiba 1.8 lít RC-18IX1PV,3490000,/images/products/nồi_nồi-cơm-điện-cao-tần-toshiba-18-lít-rc-18ix1pv.jpg,Còn hàng
Nồi cơm điện,Nồi,Nồi cơm điện tử Toshiba 1 lít RC-10NMFVN(WT),3090000,/images/products/nồi_nồi-cơm-điện-tử-toshiba-1-lít-rc-10nmfvnwt.jpg,Còn hàng
Nồi cơm điện,Nồi,Nồi cơm nắp rời Sharp 5 lít KSH-D55V,2790000,/images/products/nồi_nồi-cơm-nắp-rời-sharp-5-lít-ksh-d55v.jpg,Còn hàng
Nồi cơm điện,Nồi,Nồi cơm nắp gài Livotec 1.8 lít LRC-6218B,1390000,/images/products/nồi_nồi-cơm-nắp-gài-livotec-18-lít-lrc-6218b.jpg,Còn hàng
Nồi cơm điện,Nồi,Nồi cơm nắp gài BlueStone 1.8 lít RCB-5520,850000,/images/products/nồi_nồi-cơm-nắp-gài-bluestone-18-lít-rcb-5520.jpg,Còn hàng
Nồi cơm điện,Nồi,Nồi cơm nắp rời Sharp 1.8 lít KSH-F188V-GB,990000,/images/products/nồi_nồi-cơm-nắp-rời-sharp-18-lít-ksh-f188v-gb.jpg,Còn hàng
Nồi cơm điện,Nồi,Nồi cơm điện tử Tefal 0.72 lít RK5354Y0,1790000,/images/products/nồi_nồi-cơm-điện-tử-tefal-072-lít-rk5354y0.jpg,Còn hàng
Nồi cơm điện,Nồi,Nồi cơm điện tử áp suất Joyoung 1.8 lít JHPC-5100,1590000,/images/products/nồi_nồi-cơm-điện-tử-áp-suất-joyoung-18-lít-jhpc-5100.jpg,Còn hàng
Nồi cơm điện,Nồi,Nồi cơm áp suất cao tần Cuckoo 1.8 lít CRP-LHTR1009F/WHSIVNCV,11990000,/images/products/nồi_nồi-cơm-áp-suất-cao-tần-cuckoo-18-lít-crp-lhtr1009fwhsivncv.jpg,Còn hàng
Nồi cơm điện,Nồi,Nồi cơm nắp gài Sunhouse 1.8 lít SHD8600DMX,590000,/images/products/nồi_nồi-cơm-nắp-gài-sunhouse-18-lít-shd8600dmx.jpg,Còn hàng
Nồi cơm điện,Nồi,Nồi cơm nắp gài Delites 1.8 lít NCG1805,590000,/images/products/nồi_nồi-cơm-nắp-gài-delites-18-lít-ncg1805.jpg,Còn hàng
Nồi cơm điện,Nồi,Nồi cơm nắp gài Kangaroo 1.2 lít KGRC12M3,790000,/images/products/nồi_nồi-cơm-nắp-gài-kangaroo-12-lít-kgrc12m3.jpg,Còn hàng
Nồi cơm điện,Nồi,Nồi cơm nắp gài Toshiba 1 lít RC-10JH1TVN(N),790000,/images/products/nồi_nồi-cơm-nắp-gài-toshiba-1-lít-rc-10jh1tvnn.jpg,Còn hàng
Nồi cơm điện,Nồi,Nồi cơm nắp gài Toshiba 1.8 lít RC-18JH1TVN(N),890000,/images/products/nồi_nồi-cơm-nắp-gài-toshiba-18-lít-rc-18jh1tvnn.jpg,Còn hàng
Nồi cơm điện,Nồi,Nồi cơm điện tử Toshiba 1.8 lít RC-18DH2PV(W),2190000,/images/products/nồi_nồi-cơm-điện-tử-toshiba-18-lít-rc-18dh2pvw.jpg,Còn hàng
Nồi cơm điện,Nồi,Nồi cơm nắp gài Toshiba 1 lít RC-10JH2PV(B),680000,/images/products/nồi_nồi-cơm-nắp-gài-toshiba-1-lít-rc-10jh2pvb.jpg,Còn hàng
Nồi cơm điện,Nồi,Nồi cơm nắp gài Sunhouse 1 lít SHD8208C,699000,/images/products/nồi_nồi-cơm-nắp-gài-sunhouse-1-lít-shd8208c.jpg,Còn hàng
Nồi cơm điện,Nồi,Nồi cơm nắp gài Sunhouse 1.8 lít SHD8665B,1390000,/images/products/nồi_nồi-cơm-nắp-gài-sunhouse-18-lít-shd8665b.jpg,Còn hàng
Nồi cơm điện,Nồi,Nồi cơm nắp rời Delites 1.5 lít NCR1502,490000,/images/products/nồi_nồi-cơm-nắp-rời-delites-15-lít-ncr1502.jpg,Còn hàng
Nồi cơm điện,Nồi,Nồi cơm nắp rời Toshiba 1.8 lít RC-18MH1PV(F),690000,/images/products/nồi_nồi-cơm-nắp-rời-toshiba-18-lít-rc-18mh1pvf.jpg,Còn hàng
Nồi cơm điện,Nồi,Nồi cơm nắp rời Sharp 2.2 lít KSH-D22V,990000,/images/products/nồi_nồi-cơm-nắp-rời-sharp-22-lít-ksh-d22v.jpg,Còn hàng
Nồi cơm điện,Nồi,Nồi cơm điện tử Toshiba 1.8 lít RC-18DR2PV(K),2990000,/images/products/nồi_nồi-cơm-điện-tử-toshiba-18-lít-rc-18dr2pvk.jpg,Còn hàng
Nồi cơm điện,Nồi,Nồi cơm nắp gài Toshiba 1.8 lít RC-18JH2PV(B),820000,/images/products/nồi_nồi-cơm-nắp-gài-toshiba-18-lít-rc-18jh2pvb.jpg,Còn hàng
Nồi cơm điện,Nồi,Nồi cơm nắp gài Kangaroo 0.8 lít KGRC08M3,790000,/images/products/nồi_nồi-cơm-nắp-gài-kangaroo-08-lít-kgrc08m3.jpg,Còn hàng
Nồi cơm điện,Nồi,Nồi cơm nắp gài Kangaroo 1.8 lít KGRC18M8,790000,/images/products/nồi_nồi-cơm-nắp-gài-kangaroo-18-lít-kgrc18m8.jpg,Còn hàng
Nồi cơm điện,Nồi,Nồi cơm điện cao tần Toshiba 1.5 lít RC-15IP1UVN(K),3590000,/images/products/nồi_nồi-cơm-điện-cao-tần-toshiba-15-lít-rc-15ip1uvnk.png,Còn hàng
Nồi cơm điện,Nồi,Nồi cơm nắp gài BlueStone 1.2 lít RCB-5512,750000,/images/products/nồi_nồi-cơm-nắp-gài-bluestone-12-lít-rcb-5512.jpg,Còn hàng
Nồi cơm điện,Nồi,Nồi cơm nắp gài Sunhouse 1.8 lít SHD8607W,690000,/images/products/nồi_nồi-cơm-nắp-gài-sunhouse-18-lít-shd8607w.jpg,Còn hàng
Nồi cơm điện,Nồi,Nồi cơm nắp gài Sunhouse 3 lít SHD8309,1290000,/images/products/nồi_nồi-cơm-nắp-gài-sunhouse-3-lít-shd8309.jpg,Còn hàng
Nồi cơm điện,Nồi,Nồi cơm điện tử Sharp 1.8 lít KS-COM194EV-BK,2290000,/images/products/nồi_nồi-cơm-điện-tử-sharp-18-lít-ks-com194ev-bk.png,Còn hàng
Nồi cơm điện,Nồi,Nồi cơm nắp gài Kangaroo 2.2 lít KGRC22M5G,1390000,/images/products/nồi_nồi-cơm-nắp-gài-kangaroo-22-lít-kgrc22m5g.jpg,Còn hàng
Nồi cơm điện,Nồi,Nồi cơm nắp gài Sunhouse 1.8 lít SHD8611N,890000,/images/products/nồi_nồi-cơm-nắp-gài-sunhouse-18-lít-shd8611n.jpg,Còn hàng
Nồi cơm điện,Nồi,Nồi cơm nắp gài Panasonic 1.8 lít SR-MVN18LRAX,1210000,/images/products/nồi_nồi-cơm-nắp-gài-panasonic-18-lít-sr-mvn18lrax.jpg,Còn hàng
Nồi cơm điện,Nồi,Nồi cơm điện tử Kangaroo 1.5 lít KG15RCE2,1290000,/images/products/nồi_nồi-cơm-điện-tử-kangaroo-15-lít-kg15rce2.jpg,Còn hàng
Nồi cơm điện,Nồi,Nồi cơm nắp gài Sunhouse 1.2 lít SHD8267,840000,/images/products/nồi_nồi-cơm-nắp-gài-sunhouse-12-lít-shd8267.jpg,Còn hàng
Nồi cơm điện,Nồi,Nồi cơm nắp gài Sunhouse 1.2 lít SHD8265B,1190000,/images/products/nồi_nồi-cơm-nắp-gài-sunhouse-12-lít-shd8265b.jpg,Còn hàng
Nồi cơm điện,Nồi,Nồi cơm điện tử Toshiba 1.8 lít RC-18DR4TVN(H),3790000,/images/products/nồi_nồi-cơm-điện-tử-toshiba-18-lít-rc-18dr4tvnh.png,Còn hàng
Nồi cơm điện,Nồi,Nồi cơm nắp gài Toshiba 1.8 lít RC-18JRUVN(W),1050000,/images/products/nồi_nồi-cơm-nắp-gài-toshiba-18-lít-rc-18jruvnw.jpg,Còn hàng
Nồi cơm điện,Nồi,Nồi cơm điện tử Sharp 1.8 lít KS-COM191EV-WH,1890000,/images/products/nồi_nồi-cơm-điện-tử-sharp-18-lít-ks-com191ev-wh.jpg,Còn hàng
Nồi cơm điện,Nồi,Nồi cơm nắp gài Kangaroo 3 lít KGRC30M5G,1590000,/images/products/nồi_nồi-cơm-nắp-gài-kangaroo-3-lít-kgrc30m5g.jpg,Còn hàng
Nồi cơm điện,Nồi,Nồi cơm nắp gài Sharp 1.8 lít KS-NR191STV,1610000,/images/products/nồi_nồi-cơm-nắp-gài-sharp-18-lít-ks-nr191stv.jpg,Còn hàng
Nồi cơm điện,Nồi,Nồi cơm nắp rời Sharp 1.5 lít KSH-D15V,790000,/images/products/nồi_nồi-cơm-nắp-rời-sharp-15-lít-ksh-d15v.jpg,Còn hàng
Nồi cơm điện,Nồi,Nồi cơm điện tử Toshiba 1 lít RC-10DR5UVN(H),2490000,/images/products/nồi_nồi-cơm-điện-tử-toshiba-1-lít-rc-10dr5uvnh.png,Còn hàng
Nồi cơm điện,Nồi,Nồi cơm nắp rời Toshiba 2.8 lít RC-28MH1PV(G),890000,/images/products/nồi_nồi-cơm-nắp-rời-toshiba-28-lít-rc-28mh1pvg.jpg,Còn hàng
Nồi cơm điện,Nồi,Nồi cơm nắp gài Nagakawa 1.8 lít NRC3823,890000,/images/products/nồi_nồi-cơm-nắp-gài-nagakawa-18-lít-nrc3823.jpg,Còn hàng
Nồi cơm điện,Nồi,Nồi cơm nắp gài Sunhouse 1.8 lít SHD8606,990000,/images/products/nồi_nồi-cơm-nắp-gài-sunhouse-18-lít-shd8606.jpg,Còn hàng
Nồi cơm điện,Nồi,Nồi cơm nắp gài Sunhouse 1.8 lít SHD8663G,1290000,/images/products/nồi_nồi-cơm-nắp-gài-sunhouse-18-lít-shd8663g.jpg,Còn hàng
Nồi cơm điện,Nồi,Nồi cơm nắp rời Sharp 2.8 lít KSH-D28V,1250000,/images/products/nồi_nồi-cơm-nắp-rời-sharp-28-lít-ksh-d28v.jpg,Còn hàng
Nồi cơm điện,Nồi,Nồi cơm điện tử Tefal 0.7 lít RK515168,1590000,/images/products/nồi_nồi-cơm-điện-tử-tefal-07-lít-rk515168.png,Còn hàng
Nồi cơm điện,Nồi,Nồi cơm nắp gài Panasonic 1 lít SR-MVN10LRAX,1030000,/images/products/nồi_nồi-cơm-nắp-gài-panasonic-1-lít-sr-mvn10lrax.jpg,Còn hàng
Nồi cơm điện,Nồi,Nồi cơm nắp gài Cuckoo 3.06 lít CR-1755/KBBKCRVN,1990000,/images/products/nồi_nồi-cơm-nắp-gài-cuckoo-306-lít-cr-1755kbbkcrvn.jpg,Còn hàng
Nồi cơm điện,Nồi,Nồi cơm điện tử Toshiba 1.8 lít RC-18DR5UVN(H),3190000,/images/products/nồi_nồi-cơm-điện-tử-toshiba-18-lít-rc-18dr5uvnh.png,Còn hàng
Nồi cơm điện,Nồi,Nồi cơm nắp rời Sharp 1.8 lít KSH-D19V,990000,/images/products/nồi_nồi-cơm-nắp-rời-sharp-18-lít-ksh-d19v.jpg,Còn hàng
Nồi cơm điện,Nồi,Nồi cơm nắp gài Sharp 1.8 lít KS-N182ETV,1390000,/images/products/nồi_nồi-cơm-nắp-gài-sharp-18-lít-ks-n182etv.jpg,Còn hàng
Nồi cơm điện,Nồi,Nồi cơm nắp gài Toshiba 1 lít RC-10JRUVN(W),890000,/images/products/nồi_nồi-cơm-nắp-gài-toshiba-1-lít-rc-10jruvnw.jpg,Còn hàng
Nồi cơm điện,Nồi,Nồi cơm nắp gài Cuckoo 1.8 lít CR-1001V/RDWHCRVNCV,790000,/images/products/nồi_nồi-cơm-nắp-gài-cuckoo-18-lít-cr-1001vrdwhcrvncv.jpg,Còn hàng
Nồi cơm điện,Nồi,Nồi cơm nắp gài Panasonic 1.8 lít SR-MVN18FRAX,1210000,/images/products/nồi_nồi-cơm-nắp-gài-panasonic-18-lít-sr-mvn18frax.jpg,Còn hàng
Nồi cơm điện,Nồi,Nồi cơm nắp gài Tefal 0.7 lít RK224168,900000,/images/products/nồi_nồi-cơm-nắp-gài-tefal-07-lít-rk224168.png,Còn hàng
Nồi cơm điện,Nồi,Nồi cơm nắp gài Cuckoo 1.08 lít CR-0671,990000,/images/products/nồi_nồi-cơm-nắp-gài-cuckoo-108-lít-cr-0671.jpg,Còn hàng
Nồi cơm điện,Nồi,Nồi cơm nắp gài Sunhouse 3 lít SHD8305,1250000,/images/products/nồi_nồi-cơm-nắp-gài-sunhouse-3-lít-shd8305.jpg,Còn hàng
Nồi cơm điện,Nồi,Nồi cơm điện cao tần Kangaroo 1.5 lít KGRC15IH3G,2290000,/images/products/nồi_nồi-cơm-điện-cao-tần-kangaroo-15-lít-kgrc15ih3g.png,Còn hàng
Nồi cơm điện,Nồi,Nồi cơm điện tử Sharp 1.8 lít KS-TH18E2O-RS,2890000,/images/products/nồi_nồi-cơm-điện-tử-sharp-18-lít-ks-th18e2o-rs.png,Còn hàng
Nồi cơm điện,Nồi,Nồi cơm nắp gài Cuckoo 2 lít CR-1122,2370000,/images/products/nồi_nồi-cơm-nắp-gài-cuckoo-2-lít-cr-1122.jpg,Còn hàng
Nồi cơm điện,Nồi,Nồi cơm nắp gài Sharp 1.8 lít KS-PR20ETV-WH,1490000,/images/products/nồi_nồi-cơm-nắp-gài-sharp-18-lít-ks-pr20etv-wh.jpg,Còn hàng
Nồi cơm điện,Nồi,Nồi cơm nắp gài Kangaroo 2.2 lít KG572,1300000,/images/products/nồi_nồi-cơm-nắp-gài-kangaroo-22-lít-kg572.jpg,Còn hàng
Nồi cơm điện,Nồi,Nồi cơm nắp gài Sunhouse 1.8 lít SHD8630,1090000,/images/products/nồi_nồi-cơm-nắp-gài-sunhouse-18-lít-shd8630.jpg,Còn hàng
Nồi cơm điện,Nồi,Nồi cơm nắp gài BlueStone 2.8 lít RCB-5538,1410000,/images/products/nồi_nồi-cơm-nắp-gài-bluestone-28-lít-rcb-5538.jpg,Còn hàng
Nồi cơm điện,Nồi,Nồi cơm nắp rời Sunhouse 1.2 lít SHD8105,520000,/images/products/nồi_nồi-cơm-nắp-rời-sunhouse-12-lít-shd8105.jpg,Còn hàng
Nồi cơm điện,Nồi,Nồi cơm nắp gài Sharp 1.8 lít KS-N191ETV,1290000,/images/products/nồi_nồi-cơm-nắp-gài-sharp-18-lít-ks-n191etv.jpg,Còn hàng
Nồi cơm điện,Nồi,Nồi cơm nắp gài Sharp 1.8 lít KS-PR19ETV-GR,1590000,/images/products/nồi_nồi-cơm-nắp-gài-sharp-18-lít-ks-pr19etv-gr.jpg,Còn hàng
Nồi cơm điện,Nồi,Nồi cơm nắp gài Cuckoo 1.8 lít CR-1096,1190000,/images/products/nồi_nồi-cơm-nắp-gài-cuckoo-18-lít-cr-1096.jpg,Còn hàng
Nồi cơm điện,Nồi,Nồi cơm nắp gài Sunhouse 1.8 lít SHD8632,1190000,/images/products/nồi_nồi-cơm-nắp-gài-sunhouse-18-lít-shd8632.jpg,Còn hàng
Nồi cơm điện,Nồi,Nồi cơm nắp rời Sunhouse 5.6 lít SHD8156,1690000,/images/products/nồi_nồi-cơm-nắp-rời-sunhouse-56-lít-shd8156.jpg,Còn hàng
Nồi cơm điện,Nồi,Nồi cơm điện tử Cuckoo 1.8 lít CR-1060F,1590000,/images/products/nồi_nồi-cơm-điện-tử-cuckoo-18-lít-cr-1060f.jpg,Còn hàng
Nồi cơm điện,Nồi,Nồi cơm điện cao tần Tefal 1.8 lít RK819868,3390000,/images/products/nồi_nồi-cơm-điện-cao-tần-tefal-18-lít-rk819868.jpg,Còn hàng
Nồi cơm điện,Nồi,Nồi cơm điện tử Tefal 1.8 lít RK737868,2289000,/images/products/nồi_nồi-cơm-điện-tử-tefal-18-lít-rk737868.png,Còn hàng
Nồi cơm điện,Nồi,Nồi cơm nắp gài Sharp 2.2 lít KS-R231STV,1790000,/images/products/nồi_nồi-cơm-nắp-gài-sharp-22-lít-ks-r231stv.jpg,Còn hàng
Nồi cơm điện,Nồi,Nồi cơm nắp gài Sharp 1.8 lít KS-PR18ETV-VA,1490000,/images/products/nồi_nồi-cơm-nắp-gài-sharp-18-lít-ks-pr18etv-va.jpg,Còn hàng
Nồi cơm điện,Nồi,Nồi cơm nắp gài Philips 1.8 lít HD3008/30,920000,/images/products/nồi_nồi-cơm-nắp-gài-philips-18-lít-hd300830.jpg,Còn hàng
Nồi cơm điện,Nồi,Nồi cơm nắp gài Cuckoo 2.52 lít CR-1415,1879000,/images/products/nồi_nồi-cơm-nắp-gài-cuckoo-252-lít-cr-1415.jpg,Còn hàng
Nồi cơm điện,Nồi,Nồi cơm điện tử Panasonic 1.8 lít SR-DK184WRA,2700000,/images/products/nồi_nồi-cơm-điện-tử-panasonic-18-lít-sr-dk184wra.jpg,Còn hàng
Nồi cơm điện,Nồi,Nồi cơm điện cao tần Sunhouse 1.5 lít SHD8827,2690000,/images/products/nồi_nồi-cơm-điện-cao-tần-sunhouse-15-lít-shd8827.jpg,Còn hàng
Nồi cơm điện,Nồi,Nồi cơm nắp gài Panasonic 1 lít SR-MVN10FRAX,1030000,/images/products/nồi_nồi-cơm-nắp-gài-panasonic-1-lít-sr-mvn10frax.jpg,Còn hàng
Nồi cơm điện,Nồi,Nồi cơm nắp gài Philips 1.8 lít HD3213/31,1520000,/images/products/nồi_nồi-cơm-nắp-gài-philips-18-lít-hd321331.jpg,Còn hàng
Nồi cơm điện,Nồi,Nồi cơm nắp rời Sunhouse 1.8 lít SHD8125,620000,/images/products/nồi_nồi-cơm-nắp-rời-sunhouse-18-lít-shd8125.jpg,Còn hàng
Nồi cơm điện,Nồi,Nồi cơm điện tử Kangaroo 1.8 lít KGRC18D3G,1990000,/images/products/nồi_nồi-cơm-điện-tử-kangaroo-18-lít-kgrc18d3g.jpg,Còn hàng
Nồi cơm điện,Nồi,Nồi cơm nắp rời Sharp 6.5 lít KSH-H65V-SL,2450000,/images/products/nồi_nồi-cơm-nắp-rời-sharp-65-lít-ksh-h65v-sl.jpg,Còn hàng
Nồi cơm điện,Nồi,Nồi cơm nắp gài Kangaroo 1.2 lít KG822,1390000,/images/products/nồi_nồi-cơm-nắp-gài-kangaroo-12-lít-kg822.jpg,Còn hàng
Nồi cơm điện,Nồi,Nồi cơm nắp rời Sharp 9 lít KSH-H90V-SL,3320000,/images/products/nồi_nồi-cơm-nắp-rời-sharp-9-lít-ksh-h90v-sl.jpg,Còn hàng
Nồi cơm điện,Nồi,Nồi cơm điện tử Toshiba 1.8 lít RC-18DR5UVN(W),2990000,/images/products/nồi_nồi-cơm-điện-tử-toshiba-18-lít-rc-18dr5uvnw.png,Còn hàng
Nồi cơm điện,Nồi,Nồi cơm nắp gài Philips 1.8 lít HD3212/32,1300000,/images/products/nồi_nồi-cơm-nắp-gài-philips-18-lít-hd321232.jpg,Còn hàng
Nồi cơm điện,Nồi,Nồi cơm nắp rời BlueStone 1.8 lít CRB-5419,890000,/images/products/nồi_nồi-cơm-nắp-rời-bluestone-18-lít-crb-5419.jpg,Còn hàng
Nồi cơm điện,Nồi,Nồi cơm điện tử Sunhouse 1.8 lít SHD8903,1790000,/images/products/nồi_nồi-cơm-điện-tử-sunhouse-18-lít-shd8903.jpg,Còn hàng
Nồi cơm điện,Nồi,Nồi cơm điện tử Sharp 1 lít KS-COM1031MV-RS,2190000,/images/products/nồi_nồi-cơm-điện-tử-sharp-1-lít-ks-com1031mv-rs.png,Còn hàng
Nồi cơm điện,Nồi,Nồi cơm điện tử Sunhouse 1.5 lít SHD8823,1790000,/images/products/nồi_nồi-cơm-điện-tử-sunhouse-15-lít-shd8823.jpg,Còn hàng
Nồi cơm điện,Nồi,Nồi cơm điện cao tần Toshiba 1.8 lít RC-18RH(CG)VN,6090000,/images/products/nồi_nồi-cơm-điện-cao-tần-toshiba-18-lít-rc-18rhcgvn.jpg,Còn hàng
Nồi cơm điện,Nồi,Nồi cơm điện cao tần Tefal 1.8 lít RK818A68,3129000,/images/products/nồi_nồi-cơm-điện-cao-tần-tefal-18-lít-rk818a68.jpg,Còn hàng
Nồi cơm điện,Nồi,Nồi cơm điện tử BlueStone 1.5 lít RCB-5935,1290000,/images/products/nồi_nồi-cơm-điện-tử-bluestone-15-lít-rcb-5935.jpg,Còn hàng
Nồi cơm điện,Nồi,Nồi cơm điện cao tần Sharp 1.8 lít KS-IH191V-BK,3320000,/images/products/nồi_nồi-cơm-điện-cao-tần-sharp-18-lít-ks-ih191v-bk.jpg,Còn hàng
Nồi cơm điện,Nồi,Nồi cơm nắp gài Cuckoo 6.3 lít CR-3555/BKSTVNCRCV,3560000,/images/products/nồi_nồi-cơm-nắp-gài-cuckoo-63-lít-cr-3555bkstvncrcv.jpg,Còn hàng
Nồi cơm điện,Nồi,Nồi cơm điện cao tần Sunhouse 1.8 lít SHD8959,3090000,/images/products/nồi_nồi-cơm-điện-cao-tần-sunhouse-18-lít-shd8959.jpg,Còn hàng
Nồi cơm điện,Nồi,Nồi cơm điện cao tần Toshiba 1 lít RC-10IP1PV,3870000,/images/products/nồi_nồi-cơm-điện-cao-tần-toshiba-1-lít-rc-10ip1pv.jpg,Còn hàng
Nồi cơm điện,Nồi,Nồi cơm điện tử Tefal 1.8 lít RK7711Y0,2090000,/images/products/nồi_nồi-cơm-điện-tử-tefal-18-lít-rk7711y0.jpg,Còn hàng
Nồi cơm điện,Nồi,Nồi cơm điện tử Bear 1 lít RC-4H30U,1890000,/images/products/nồi_nồi-cơm-điện-tử-bear-1-lít-rc-4h30u.jpg,Còn hàng
Nồi cơm điện,Nồi,Nồi cơm điện cao tần Sharp 1.8 lít KS-IH18IX-WH,3790000,/images/products/nồi_nồi-cơm-điện-cao-tần-sharp-18-lít-ks-ih18ix-wh.png,Còn hàng
Nồi cơm điện,Nồi,Nồi cơm điện cao tần Sharp 1.8 lít KS-IH191V-GL,3180000,/images/products/nồi_nồi-cơm-điện-cao-tần-sharp-18-lít-ks-ih191v-gl.jpg,Còn hàng
Nồi cơm điện,Nồi,Nồi cơm nắp rời Sharp 10 lít KSH-D1010V,4390000,/images/products/nồi_nồi-cơm-nắp-rời-sharp-10-lít-ksh-d1010v.jpg,Còn hàng
Nồi cơm điện,Nồi,Nồi cơm điện tử Panasonic 1.8 lít SR-DL184WRA,2360000,/images/products/nồi_nồi-cơm-điện-tử-panasonic-18-lít-sr-dl184wra.jpg,Còn hàng
Nồi cơm điện,Nồi,Nồi cơm điện tử Toshiba 1.8 lít RC-18DR4TVN(W),3590000,/images/products/nồi_nồi-cơm-điện-tử-toshiba-18-lít-rc-18dr4tvnw.png,Còn hàng
Nồi cơm điện,Nồi,Nồi cơm điện tử Nagakawa 1.8 lít NER5556,1090000,/images/products/nồi_nồi-cơm-điện-tử-nagakawa-18-lít-ner5556.jpg,Còn hàng
Nồi cơm điện,Nồi,Nồi cơm nắp rời Sharp 7.8 lít KSH-H78V-SL,3030000,/images/products/nồi_nồi-cơm-nắp-rời-sharp-78-lít-ksh-h78v-sl.jpg,Còn hàng
Nồi cơm điện,Nồi,Nồi cơm nắp gài Sharp 1.8 lít KS-183TJV-CR,820000,/images/products/nồi_nồi-cơm-nắp-gài-sharp-18-lít-ks-183tjv-cr.jpg,Còn hàng
Nồi cơm điện,Nồi,Nồi cơm nắp gài Sharp 2.2 lít KS-223TJV-CH,850000,/images/products/nồi_nồi-cơm-nắp-gài-sharp-22-lít-ks-223tjv-ch.jpg,Còn hàng
Nồi cơm điện,Nồi,Nồi cơm điện cao tần Kangaroo 1.8 lít KG599N,3390000,/images/products/nồi_nồi-cơm-điện-cao-tần-kangaroo-18-lít-kg599n.jpg,Còn hàng
Nồi cơm điện,Nồi,Nồi cơm điện tử Sunhouse 1 lít SHD8802,1290000,/images/products/nồi_nồi-cơm-điện-tử-sunhouse-1-lít-shd8802.png,Còn hàng
Nồi cơm điện,Nồi,Nồi cơm nắp rời BlueStone 2.8 lít CRB-5429,1190000,/images/products/nồi_nồi-cơm-nắp-rời-bluestone-28-lít-crb-5429.jpg,Còn hàng
Nồi cơm điện,Nồi,Nồi cơm nắp gài Sharp 1.8 lít KS-183TJV-CH,820000,/images/products/nồi_nồi-cơm-nắp-gài-sharp-18-lít-ks-183tjv-ch.jpg,Còn hàng
Nồi cơm điện,Nồi,Nồi cơm điện tử Tefal 0.72 lít RK535AY0,1790000,/images/products/nồi_nồi-cơm-điện-tử-tefal-072-lít-rk535ay0.jpg,Còn hàng
Nồi cơm điện,Nồi,Nồi cơm điện tử Tiger 1.8 lít JBV-S18W,3990000,/images/products/nồi_nồi-cơm-điện-tử-tiger-18-lít-jbv-s18w.png,Còn hàng
Nồi cơm điện,Nồi,Nồi cơm điện tử Livotec 1.8 lít LRC-E8118M,1690000,/images/products/nồi_nồi-cơm-điện-tử-livotec-18-lít-lrc-e8118m.jpg,Còn hàng
Nồi cơm điện,Nồi,Nồi cơm áp suất cao tần Cuckoo 1.8 lít CRP-HUS1000F,6990000,/images/products/nồi_nồi-cơm-áp-suất-cao-tần-cuckoo-18-lít-crp-hus1000f.jpg,Còn hàng
Nồi cơm điện,Nồi,Nồi cơm nắp gài Cuckoo 0.5 lít CR-0331,1950000,/images/products/nồi_nồi-cơm-nắp-gài-cuckoo-05-lít-cr-0331.jpg,Còn hàng
Nồi cơm điện,Nồi,Nồi cơm điện cao tần Kangaroo 1.5 lít KG15RIH1,2590000,/images/products/nồi_nồi-cơm-điện-cao-tần-kangaroo-15-lít-kg15rih1.jpg,Còn hàng
Nồi cơm điện,Nồi,Nồi cơm điện tử Philips 1.8 lít HD4814/31,2180000,/images/products/nồi_nồi-cơm-điện-tử-philips-18-lít-hd481431.jpg,Còn hàng
Nồi cơm điện,Nồi,Nồi cơm điện tử Panasonic 1.8 lít SR-DM184KRA,3290000,/images/products/nồi_nồi-cơm-điện-tử-panasonic-18-lít-sr-dm184kra.jpg,Còn hàng
Nồi cơm điện,Nồi,Nồi cơm nắp rời Tefal 1.8 lít RK1071Y0,1490000,/images/products/nồi_nồi-cơm-nắp-rời-tefal-18-lít-rk1071y0.jpg,Còn hàng
Nồi cơm điện,Nồi,Nồi cơm nắp gài BlueStone 1.8 lít RCB-5525,890000,/images/products/nồi_nồi-cơm-nắp-gài-bluestone-18-lít-rcb-5525.jpg,Còn hàng
Nồi cơm điện,Nồi,Nồi cơm điện cao tần Panasonic 1.5 lít SR-HNS151WRA,5890000,/images/products/nồi_nồi-cơm-điện-cao-tần-panasonic-15-lít-sr-hns151wra.jpg,Còn hàng
Nồi cơm điện,Nồi,Nồi cơm điện tử Panasonic 1 lít SR-DK104WRA,2560000,/images/products/nồi_nồi-cơm-điện-tử-panasonic-1-lít-sr-dk104wra.jpg,Còn hàng
Nồi cơm điện,Nồi,Nồi cơm áp suất cao tần Cuckoo 1.8 lít CRP-LHBR1000F,9990000,/images/products/nồi_nồi-cơm-áp-suất-cao-tần-cuckoo-18-lít-crp-lhbr1000f.jpg,Còn hàng
Nồi cơm điện,Nồi,Nồi cơm điện tử BlueStone 1.5 lít RCB-5946,1790000,/images/products/nồi_nồi-cơm-điện-tử-bluestone-15-lít-rcb-5946.jpg,Còn hàng
Nồi cơm điện,Nồi,Nồi cơm điện tử Panasonic 1 lít SR-DL104WRA,2210000,/images/products/nồi_nồi-cơm-điện-tử-panasonic-1-lít-sr-dl104wra.jpg,Còn hàng
Nồi cơm điện,Nồi,Nồi cơm điện tử Tefal 1.8 lít RK1088Y0,1690000,/images/products/nồi_nồi-cơm-điện-tử-tefal-18-lít-rk1088y0.jpg,Còn hàng
Nồi cơm điện,Nồi,Nồi cơm điện tử Sunhouse 1.5 lít SHD8915,2050000,/images/products/nồi_nồi-cơm-điện-tử-sunhouse-15-lít-shd8915.jpg,Còn hàng
Nồi cơm điện,Nồi,Nồi cơm điện cao tần Panasonic 1.5 lít SR-HFT153KRA,3640000,/images/products/nồi_nồi-cơm-điện-cao-tần-panasonic-15-lít-sr-hft153kra.jpg,Còn hàng
Nồi cơm điện,Nồi,Nồi cơm điện tử áp suất Sharp 1.8 lít KS-TW181V-B,3790000,/images/products/nồi_nồi-cơm-điện-tử-áp-suất-sharp-18-lít-ks-tw181v-b.jpg,Còn hàng
Nồi cơm điện,Nồi,Nồi cơm điện tử Cuckoo 1.08 lít CR-0686FGP,2390000,/images/products/nồi_nồi-cơm-điện-tử-cuckoo-108-lít-cr-0686fgp.jpg,Còn hàng
Nồi cơm điện,Nồi,Nồi cơm điện tách đường Paveden 1.2 lít PR-3D12LSBE,1590000,/images/products/nồi_nồi-cơm-điện-tách-đường-paveden-12-lít-pr-3d12lsbe.jpg,Còn hàng
Nồi cơm điện,Nồi,Nồi cơm nắp rời Delites 1.8 lít RC-10W003,485000,/images/products/nồi_nồi-cơm-nắp-rời-delites-18-lít-rc-10w003.jpg,Còn hàng
Nồi cơm điện,Nồi,Nồi cơm nắp rời Sharp 7 lít KSH-D77V,3390000,/images/products/nồi_nồi-cơm-nắp-rời-sharp-7-lít-ksh-d77v.jpg,Còn hàng
Nồi cơm điện,Nồi,Nồi cơm điện cao tần Tefal 1.5 lít RK762168,3590000,/images/products/nồi_nồi-cơm-điện-cao-tần-tefal-15-lít-rk762168.jpg,Còn hàng
Nồi cơm điện,Nồi,Nồi cơm điện tử Panasonic 1 lít SR-DM104KRA,3150000,/images/products/nồi_nồi-cơm-điện-tử-panasonic-1-lít-sr-dm104kra.jpg,Còn hàng
Nồi cơm điện,Nồi,Nồi cơm nắp rời Gaabor 1.8 lít RC-40M01A,699000,/images/products/nồi_nồi-cơm-nắp-rời-gaabor-18-lít-rc-40m01a.jpg,Còn hàng
Nồi cơm điện,Nồi,Nồi cơm áp suất cao tần Cuckoo 1.08 lít CRP-LHBR0600F,8490000,/images/products/nồi_nồi-cơm-áp-suất-cao-tần-cuckoo-108-lít-crp-lhbr0600f.jpg,Còn hàng
Nồi cơm điện,Nồi,Nồi cơm điện cao tần Panasonic 1.5 lít SR-HN151KRA,4620000,/images/products/nồi_nồi-cơm-điện-cao-tần-panasonic-15-lít-sr-hn151kra.jpg,Còn hàng
Nồi cơm điện,Nồi,Nồi cơm áp suất cao tần Cuckoo 1.08 lít CRP-BHBC0600F,6490000,/images/products/nồi_nồi-cơm-áp-suất-cao-tần-cuckoo-108-lít-crp-bhbc0600f.jpg,Còn hàng
Nồi cơm điện,Nồi,Nồi cơm điện cao tần BlueStone 1.5 lít RCB-5988,2390000,/images/products/nồi_nồi-cơm-điện-cao-tần-bluestone-15-lít-rcb-5988.jpg,Còn hàng
Nồi cơm điện,Nồi,Nồi cơm điện tử Kangaroo 1.8 lít KG18DR12,2370000,/images/products/nồi_nồi-cơm-điện-tử-kangaroo-18-lít-kg18dr12.jpg,Còn hàng
Nồi cơm điện,Nồi,Nồi cơm điện tử áp suất Cuckoo 1.08 lít CRP-PK0600F/BKRDVN,3690000,/images/products/nồi_nồi-cơm-điện-tử-áp-suất-cuckoo-108-lít-crp-pk0600fbkrdvn.jpg,Còn hàng
Nồi cơm điện,Nồi,Nồi cơm điện tử Bear 1.5 lít RC-4H40A,1790000,/images/products/nồi_nồi-cơm-điện-tử-bear-15-lít-rc-4h40a.jpg,Còn hàng
Nồi cơm điện,Nồi,Nồi cơm điện cao tần Panasonic 1.5 lít SR-HFL153WRA,4910000,/images/products/nồi_nồi-cơm-điện-cao-tần-panasonic-15-lít-sr-hfl153wra.jpg,Còn hàng
Nồi cơm điện,Nồi,Nồi cơm điện tử Livotec 1.8 lít LRC-E8218W,2090000,/images/products/nồi_nồi-cơm-điện-tử-livotec-18-lít-lrc-e8218w.jpg,Còn hàng
Nồi cơm điện,Nồi,Nồi cơm áp suất cao tần Sharp 1.8 lít KS-XW181V-S,5790000,/images/products/nồi_nồi-cơm-áp-suất-cao-tần-sharp-18-lít-ks-xw181v-s.jpg,Còn hàng
Nồi cơm điện,Nồi,Nồi cơm điện tử Panasonic 1.8 lít SR-CL188WRAM,2590000,/images/products/nồi_nồi-cơm-điện-tử-panasonic-18-lít-sr-cl188wram.jpg,Còn hàng
Nồi cơm điện,Nồi,Nồi cơm điện cao tần Panasonic 1 lít SR-HFL103WRA,4420000,/images/products/nồi_nồi-cơm-điện-cao-tần-panasonic-1-lít-sr-hfl103wra.jpg,Còn hàng
Nồi cơm điện,Nồi,Nồi cơm điện tử Tefal 0.72 lít RK5352Y0,1390000,/images/products/nồi_nồi-cơm-điện-tử-tefal-072-lít-rk5352y0.jpg,Còn hàng
Nồi cơm điện,Nồi,Nồi cơm điện tử Tefal 0.72 lít RK535TY0,1390000,/images/products/nồi_nồi-cơm-điện-tử-tefal-072-lít-rk535ty0.jpg,Còn hàng
Nồi cơm điện,Nồi,Nồi cơm điện tử Joyoung 1.8 lít JNRC-502,3290000,/images/products/nồi_nồi-cơm-điện-tử-joyoung-18-lít-jnrc-502.jpg,Còn hàng
Nồi cơm điện,Nồi,Nồi cơm điện tử Lock&Lock 1.2 lít EJR346BLK,1442000,/images/products/nồi_nồi-cơm-điện-tử-locklock-12-lít-ejr346blk.png,Còn hàng
Nồi cơm điện,Nồi,Nồi cơm nắp rời Paveden 10 lít PRC-1030GR,1990000,/images/products/nồi_nồi-cơm-nắp-rời-paveden-10-lít-prc-1030gr.jpg,Còn hàng
Nồi cơm điện,Nồi,Nồi cơm điện tử Panasonic 1 lít SR-CL108WRA,2390000,/images/products/nồi_nồi-cơm-điện-tử-panasonic-1-lít-sr-cl108wra.jpg,Còn hàng
Nồi cơm điện,Nồi,Nồi cơm áp suất cao tần Cuckoo 1.08 lít CRP-LHTR0609F/WHSIVNCV,12380000,/images/products/nồi_nồi-cơm-áp-suất-cao-tần-cuckoo-108-lít-crp-lhtr0609fwhsivncv.jpg,Còn hàng
Nồi cơm điện,Nồi,Nồi cơm điện tử BlueStone 1.5 lít RCB-5949,2290000,/images/products/nồi_nồi-cơm-điện-tử-bluestone-15-lít-rcb-5949.jpg,Còn hàng
Nồi cơm điện,Nồi,Nồi cơm điện tử Panasonic 1 lít SR-CL108WRAM,2490000,/images/products/nồi_nồi-cơm-điện-tử-panasonic-1-lít-sr-cl108wram.jpg,Còn hàng
Nồi cơm điện,Nồi,Nồi cơm áp suất cao tần Toshiba 1.8 lít RC-18VXWVN(W),17290000,/images/products/nồi_nồi-cơm-áp-suất-cao-tần-toshiba-18-lít-rc-18vxwvnw.png,Còn hàng
Nồi cơm điện,Nồi,Nồi cơm điện tử áp suất Cuckoo 0.54 lít CRP-T0310FGW,4990000,/images/products/nồi_nồi-cơm-điện-tử-áp-suất-cuckoo-054-lít-crp-t0310fgw.jpg,Còn hàng
Nồi cơm điện,Nồi,Nồi cơm nắp gài Elmich 1.8 lít RCE-9128,2100000,/images/products/nồi_nồi-cơm-nắp-gài-elmich-18-lít-rce-9128.jpg,Còn hàng
Nồi cơm điện,Nồi,Nồi cơm điện tử Lock&Lock 1 lít EJR334IVY,1398000,/images/products/nồi_nồi-cơm-điện-tử-locklock-1-lít-ejr334ivy.png,Còn hàng
Nồi cơm điện,Nồi,Nồi cơm nắp gài Lock&Lock 1.5 lít EJR442IVY,895000,/images/products/nồi_nồi-cơm-nắp-gài-locklock-15-lít-ejr442ivy.jpg,Còn hàng
Nồi cơm điện,Nồi,Nồi cơm điện tử Unie 1.2 lít URC612,1690000,/images/products/nồi_nồi-cơm-điện-tử-unie-12-lít-urc612.jpg,Còn hàng
Nồi cơm điện,Nồi,Nồi cơm điện tử Unie 1.5 lít URC815,1790000,/images/products/nồi_nồi-cơm-điện-tử-unie-15-lít-urc815.jpg,Còn hàng
Nồi cơm điện,Nồi,Nồi cơm điện tử Paveden 1.8 lít PR-3D18BE,1890000,/images/products/nồi_nồi-cơm-điện-tử-paveden-18-lít-pr-3d18be.jpg,Còn hàng
Nồi cơm điện,Nồi,Nồi cơm điện tử FUJIHOME 1.2 lít RC12LS,990000,/images/products/nồi_nồi-cơm-điện-tử-fujihome-12-lít-rc12ls.jpg,Còn hàng
Nồi cơm điện,Nồi,Nồi cơm điện cao tần Philips 1.5 lít HD5210/82,3390000,/images/products/nồi_nồi-cơm-điện-cao-tần-philips-15-lít-hd521082.jpg,Còn hàng
Nồi cơm điện,Nồi,Nồi cơm điện cao tần Sunhouse 1.5 lít SHD8955,1990000,/images/products/nồi_nồi-cơm-điện-cao-tần-sunhouse-15-lít-shd8955.jpg,Còn hàng
Nồi cơm điện,Nồi,Nồi cơm nắp rời Paveden 5.6 lít PRC-619GR,1290000,/images/products/nồi_nồi-cơm-nắp-rời-paveden-56-lít-prc-619gr.jpg,Còn hàng
Nồi cơm điện,Nồi,Nồi cơm áp suất cao tần Cuckoo 1.08 lít CRP-LHTR0609F/BKSIVNCV,12380000,/images/products/nồi_nồi-cơm-áp-suất-cao-tần-cuckoo-108-lít-crp-lhtr0609fbksivncv.jpg,Còn hàng
Nồi cơm điện,Nồi,Nồi cơm áp suất cao tần Cuckoo 1.8 lít CRP-LHTR1009F/BKSIVNCV,9990000,/images/products/nồi_nồi-cơm-áp-suất-cao-tần-cuckoo-18-lít-crp-lhtr1009fbksivncv.jpg,Còn hàng
Nồi cơm điện,Nồi,Nồi cơm điện tử Aqua 1.5 lít AQS-RBC401R(N)-VN,1390000,/images/products/nồi_nồi-cơm-điện-tử-aqua-15-lít-aqs-rbc401rn-vn.jpg,Còn hàng
Nồi cơm điện,Nồi,Nồi cơm điện tử Lock&Lock 1.2 lít EJR384IVY,1835000,/images/products/nồi_nồi-cơm-điện-tử-locklock-12-lít-ejr384ivy.png,Còn hàng
Nồi cơm điện,Nồi,Nồi cơm nắp gài Gaabor 2.2 lít RC50M-BE01A,699000,/images/products/nồi_nồi-cơm-nắp-gài-gaabor-22-lít-rc50m-be01a.jpg,Còn hàng
Nồi cơm điện,Nồi,Nồi cơm nắp gài Lock&Lock 1.8 lít EJR462IVY,1312000,/images/products/nồi_nồi-cơm-nắp-gài-locklock-18-lít-ejr462ivy.jpg,Còn hàng
Nồi cơm điện,Nồi,Nồi cơm điện tử Lock&Lock 1 lít EJR376WHT,1301000,/images/products/nồi_nồi-cơm-điện-tử-locklock-1-lít-ejr376wht.jpg,Còn hàng
Nồi cơm điện,Nồi,Nồi cơm điện cao tần Tiger 0.54 lít JPF-A55W,8690000,/images/products/nồi_nồi-cơm-điện-cao-tần-tiger-054-lít-jpf-a55w.jpg,Còn hàng
Nồi cơm điện,Nồi,Nồi cơm điện cao tần Tiger 0.54 lít JPF-A55W,8690000,/images/products/nồi_nồi-cơm-điện-cao-tần-tiger-054-lít-jpf-a55w.jpg,Còn hàng
Nồi cơm điện,Nồi,Nồi cơm điện cao tần Tiger 1 lít JKT-F10W,8290000,/images/products/nồi_nồi-cơm-điện-cao-tần-tiger-1-lít-jkt-f10w.jpg,Còn hàng
Nồi cơm điện,Nồi,Nồi cơm áp suất cao tần Tiger 1.8 lít JPK-W18W,15990000,/images/products/nồi_nồi-cơm-áp-suất-cao-tần-tiger-18-lít-jpk-w18w.jpg,Còn hàng
Nồi cơm điện,Nồi,Nồi cơm điện tử Unie 1.8 lít URC818P,2390000,/images/products/nồi_nồi-cơm-điện-tử-unie-18-lít-urc818p.jpg,Còn hàng
Nồi cơm điện,Nồi,Nồi cơm điện tử FUJIHOME 1 lít RC10BLS,850000,/images/products/nồi_nồi-cơm-điện-tử-fujihome-1-lít-rc10bls.jpg,Còn hàng
Nồi cơm điện,Nồi,Nồi cơm điện tử Midea 1.8 lít MB-FS5017,1059836,/images/products/nồi_nồi-cơm-điện-tử-midea-18-lít-mb-fs5017.jpg,Còn hàng
Nồi cơm điện,Nồi,Nồi cơm nắp gài Midea 1.5 lít MR-CM1533,650000,/images/products/nồi_nồi-cơm-nắp-gài-midea-15-lít-mr-cm1533.jpg,Còn hàng
Nồi cơm điện,Nồi,Nồi cơm nắp gài Comfee 1 lít CR-CM1020(D),439364,/images/products/nồi_nồi-cơm-nắp-gài-comfee-1-lít-cr-cm1020d.jpg,Còn hàng
Nồi cơm điện,Nồi,Nồi cơm nắp gài Kangaroo 1.8 lít KG378H,903000,/images/products/nồi_nồi-cơm-nắp-gài-kangaroo-18-lít-kg378h.jpg,Còn hàng
Nồi cơm điện,Nồi,Nồi cơm điện tử Kangaroo 1.5 lít KG15DR10,2010000,/images/products/nồi_nồi-cơm-điện-tử-kangaroo-15-lít-kg15dr10.jpg,Còn hàng
Nồi cơm điện,Nồi,Nồi cơm nắp gài Crystal 2.2 lít NCG2201,1070000,/images/products/nồi_nồi-cơm-nắp-gài-crystal-22-lít-ncg2201.jpg,Còn hàng
Nồi cơm điện,Nồi,Nồi cơm điện cao tần Philips 1.5 lít HD4539/62,3240000,/images/products/nồi_nồi-cơm-điện-cao-tần-philips-15-lít-hd453962.jpg,Còn hàng
Nồi cơm điện,Nồi,Nồi cơm nắp gài BlueStone 1.8 lít RCB-5519,981000,/images/products/nồi_nồi-cơm-nắp-gài-bluestone-18-lít-rcb-5519.jpg,Còn hàng
Nồi cơm điện,Nồi,Nồi cơm áp suất cao tần Tiger 1 lít JPK-W10W,11909000,/images/products/nồi_nồi-cơm-áp-suất-cao-tần-tiger-1-lít-jpk-w10w.jpg,Còn hàng
Nồi cơm điện,Nồi,Nồi cơm điện cao tần Tiger 1.8 lít JPM-H18V,12990000,/images/products/nồi_nồi-cơm-điện-cao-tần-tiger-18-lít-jpm-h18v.jpg,Còn hàng
Nồi cơm điện,Nồi,Nồi cơm điện tử FUJIHOME 1.5 lít RC15W,1190000,/images/products/nồi_nồi-cơm-điện-tử-fujihome-15-lít-rc15w.jpg,Còn hàng
Nồi cơm điện,Nồi,Nồi cơm điện tử FUJIHOME 1.8 lít RC18G,1290000,/images/products/nồi_nồi-cơm-điện-tử-fujihome-18-lít-rc18g.jpg,Còn hàng
Nồi cơm điện,Nồi,Nồi cơm nắp gài Lock&Lock 1.8 lít,890000,/images/products/nồi_nồi-cơm-nắp-gài-locklock-18-lít.jpg,Còn hàng
Nồi cơm điện,Nồi,Nồi cơm điện tử Philips 1.8 lít HD4719/32,1720000,/images/products/nồi_nồi-cơm-điện-tử-philips-18-lít-hd471932.jpg,Còn hàng
Nồi cơm điện,Nồi,Nồi cơm nắp gài Philips 1.8 lít HD3008/32,690000,/images/products/nồi_nồi-cơm-nắp-gài-philips-18-lít-hd300832.jpg,Còn hàng
Nồi cơm điện,Nồi,Nồi cơm điện tử Philips 0.85 lít HD3170/66,1210000,/images/products/nồi_nồi-cơm-điện-tử-philips-085-lít-hd317066.jpg,Còn hàng
Nồi cơm điện,Nồi,Nồi cơm nắp gài BlueStone 1.2 lít RCB-5517,759000,/images/products/nồi_nồi-cơm-nắp-gài-bluestone-12-lít-rcb-5517.png,Còn hàng
Nồi cơm điện,Nồi,Nồi cơm nắp gài BlueStone 1.8 lít RCB-5527,879000,/images/products/nồi_nồi-cơm-nắp-gài-bluestone-18-lít-rcb-5527.jpg,Còn hàng
Nồi cơm điện,Nồi,Nồi cơm điện cao tần BlueStone 1.2 lít RCB-5981,1990000,/images/products/nồi_nồi-cơm-điện-cao-tần-bluestone-12-lít-rcb-5981.jpg,Còn hàng
Nồi cơm điện,Nồi,Nồi cơm nắp gài Sunhouse 0.8 lít SHD8200,529000,/images/products/nồi_nồi-cơm-nắp-gài-sunhouse-08-lít-shd8200.jpg,Còn hàng
Nồi cơm điện,Nồi,Nồi cơm nắp gài Sunhouse 1.8 lít SHD8611GR,750000,/images/products/nồi_nồi-cơm-nắp-gài-sunhouse-18-lít-shd8611gr.jpg,Còn hàng
Nồi cơm điện,Nồi,Nồi cơm điện tử Sunhouse 1.8 lít SHD8909B,1350000,/images/products/nồi_nồi-cơm-điện-tử-sunhouse-18-lít-shd8909b.jpg,Còn hàng
Nồi cơm điện,Nồi,Nồi cơm nắp gài Cuckoo 1.8 lít CR-1006/SIWHCRVNCV,890000,/images/products/nồi_nồi-cơm-nắp-gài-cuckoo-18-lít-cr-1006siwhcrvncv.jpg,Còn hàng
Nồi cơm điện,Nồi,Nồi cơm nắp gài Paveden 1.2 lít PR-1255SW,1190000,/images/products/nồi_nồi-cơm-nắp-gài-paveden-12-lít-pr-1255sw.jpg,Còn hàng
Nồi cơm điện,Nồi,Nồi cơm điện tử Tefal 1.8 lít RK7778Y0,2190000,/images/products/nồi_nồi-cơm-điện-tử-tefal-18-lít-rk7778y0.jpg,Còn hàng
Lò vi sóng,Lò,Lò vi sóng Toshiba MWP-MM20P(BK),1690000,/images/products/lò_lò-vi-sóng-toshiba-mwp-mm20pbk.jpg,Còn hàng
Lò vi sóng,Lò,Lò vi sóng Samsung MS23K3513AS/SV-N,2320000,/images/products/lò_lò-vi-sóng-samsung-ms23k3513assv-n.jpg,Còn hàng
Lò vi sóng,Lò,Lò vi sóng Sharp R-205VN(S),1590000,/images/products/lò_lò-vi-sóng-sharp-r-205vns.jpg,Còn hàng
Lò vi sóng,Lò,Lò vi sóng Sharp R-2029E-BK,1690000,/images/products/lò_lò-vi-sóng-sharp-r-2029e-bk.jpg,Còn hàng
Lò vi sóng,Lò,Lò vi sóng Toshiba MW3-MM25PE(BK),2490000,/images/products/lò_lò-vi-sóng-toshiba-mw3-mm25pebk.jpg,Còn hàng
Lò vi sóng,Lò,Lò vi sóng có nướng Sharp R-G302VN-S,2410000,/images/products/lò_lò-vi-sóng-có-nướng-sharp-r-g302vn-s.jpg,Còn hàng
Lò vi sóng,Lò,Lò vi sóng BlueStone MOB-7708B,1710000,/images/products/lò_lò-vi-sóng-bluestone-mob-7708b.jpg,Còn hàng
Lò vi sóng,Lò,Lò vi sóng Electrolux EMM20K22W,1990000,/images/products/lò_lò-vi-sóng-electrolux-emm20k22w.jpg,Còn hàng
Lò vi sóng,Lò,Lò vi sóng Toshiba MM-EM25PE(BM),2510000,/images/products/lò_lò-vi-sóng-toshiba-mm-em25pebm.jpg,Còn hàng
Lò vi sóng,Lò,Lò vi sóng có nướng Sharp R-G251TV-BK,2890000,/images/products/lò_lò-vi-sóng-có-nướng-sharp-r-g251tv-bk.jpg,Còn hàng
Lò vi sóng,Lò,Lò vi sóng có nướng Toshiba MW3-MG25PE(BK),2450000,/images/products/lò_lò-vi-sóng-có-nướng-toshiba-mw3-mg25pebk.jpg,Còn hàng
Lò vi sóng,Lò,Lò vi sóng Toshiba MM2-MM20PE(BM)VN,2190000,/images/products/lò_lò-vi-sóng-toshiba-mm2-mm20pebmvn.jpg,Còn hàng
Lò vi sóng,Lò,Lò vi sóng Samsung MS20A3010AL/SV,1690000,/images/products/lò_lò-vi-sóng-samsung-ms20a3010alsv.jpg,Còn hàng
Lò vi sóng,Lò,Lò vi sóng Toshiba ER-SM20(W1)VN,1790000,/images/products/lò_lò-vi-sóng-toshiba-er-sm20w1vn.jpg,Còn hàng
Lò vi sóng,Lò,Lò vi sóng Sharp R-211TV-BK,1990000,/images/products/lò_lò-vi-sóng-sharp-r-211tv-bk.jpg,Còn hàng
Lò vi sóng,Lò,Lò vi sóng Sharp R-2348V-BK,1990000,/images/products/lò_lò-vi-sóng-sharp-r-2348v-bk.jpg,Còn hàng
Lò vi sóng,Lò,Lò vi sóng Electrolux EMM23K22B,2190000,/images/products/lò_lò-vi-sóng-electrolux-emm23k22b.jpg,Còn hàng
Lò vi sóng,Lò,Lò vi sóng Toshiba MW3-EM26PE(BM)VN,2720000,/images/products/lò_lò-vi-sóng-toshiba-mw3-em26pebmvn.jpg,Còn hàng
Lò vi sóng,Lò,Lò vi sóng Sharp R-2343FB-BK,3290000,/images/products/lò_lò-vi-sóng-sharp-r-2343fb-bk.jpg,Còn hàng
Lò vi sóng,Lò,Lò vi sóng có nướng Electrolux EMG20K22B,2190000,/images/products/lò_lò-vi-sóng-có-nướng-electrolux-emg20k22b.jpg,Còn hàng
Lò vi sóng,Lò,Lò vi sóng có nướng Electrolux EMG23K22B,2650000,/images/products/lò_lò-vi-sóng-có-nướng-electrolux-emg23k22b.jpg,Còn hàng
Lò vi sóng,Lò,Lò vi sóng có nướng Toshiba MM2-MG20PE(BM)VN,2490000,/images/products/lò_lò-vi-sóng-có-nướng-toshiba-mm2-mg20pebmvn.jpg,Còn hàng
Lò vi sóng,Lò,Lò vi sóng có nướng Sharp R-G2545FBC-BK,3990000,/images/products/lò_lò-vi-sóng-có-nướng-sharp-r-g2545fbc-bk.jpg,Còn hàng
Lò vi sóng,Lò,Lò vi sóng có nướng Electrolux EMG23D22B,2780000,/images/products/lò_lò-vi-sóng-có-nướng-electrolux-emg23d22b.jpg,Còn hàng
Lò vi sóng,Lò,Lò vi sóng BlueStone MOB-7733,2040000,/images/products/lò_lò-vi-sóng-bluestone-mob-7733.jpg,Còn hàng
Lò vi sóng,Lò,Lò vi sóng Toshiba MW3-MM25PE(SV),2490000,/images/products/lò_lò-vi-sóng-toshiba-mw3-mm25pesv.jpg,Còn hàng
Lò vi sóng,Lò,Lò vi sóng có nướng Toshiba MW3-AC27PE(BM)VN,4560000,/images/products/lò_lò-vi-sóng-có-nướng-toshiba-mw3-ac27pebmvn.jpg,Còn hàng
Lò vi sóng,Lò,Lò vi sóng có nướng Toshiba MW3-EG26PE(BM)VN,3150000,/images/products/lò_lò-vi-sóng-có-nướng-toshiba-mw3-eg26pebmvn.jpg,Còn hàng
Lò vi sóng,Lò,Lò vi sóng có nướng BlueStone MOB-7716,1930000,/images/products/lò_lò-vi-sóng-có-nướng-bluestone-mob-7716.jpg,Còn hàng
Lò vi sóng,Lò,Lò vi sóng có nướng Samsung MG23K3575AS/SV-N,3030000,/images/products/lò_lò-vi-sóng-có-nướng-samsung-mg23k3575assv-n.jpg,Còn hàng
Lò vi sóng,Lò,Lò vi sóng có nướng Toshiba ER-SGS34(S1)VN,3690000,/images/products/lò_lò-vi-sóng-có-nướng-toshiba-er-sgs34s1vn.jpg,Còn hàng
Lò vi sóng,Lò,Lò vi sóng LG MS2032GAS,2790000,/images/products/lò_lò-vi-sóng-lg-ms2032gas.jpg,Còn hàng
Lò vi sóng,Lò,Lò vi sóng có nướng Panasonic NN-GT35NBYUE,3600000,/images/products/lò_lò-vi-sóng-có-nướng-panasonic-nn-gt35nbyue.jpg,Còn hàng
Lò vi sóng,Lò,Lò vi sóng LG MS3032JAS,3790000,/images/products/lò_lò-vi-sóng-lg-ms3032jas.jpg,Còn hàng
Lò vi sóng,Lò,Lò vi sóng LG MS2535GIK,3990000,/images/products/lò_lò-vi-sóng-lg-ms2535gik.jpg,Còn hàng
Lò vi sóng,Lò,Lò vi sóng Panasonic NN-SM33NBYUE,3220000,/images/products/lò_lò-vi-sóng-panasonic-nn-sm33nbyue.jpg,Còn hàng
Lò vi sóng,Lò,Lò vi sóng có nướng Panasonic NN-GM22QBYUE,3020000,/images/products/lò_lò-vi-sóng-có-nướng-panasonic-nn-gm22qbyue.jpg,Còn hàng
Lò vi sóng,Lò,Lò vi sóng có nướng Sharp R-G211TV-BK,2320000,/images/products/lò_lò-vi-sóng-có-nướng-sharp-r-g211tv-bk.jpg,Còn hàng
Lò vi sóng,Lò,Lò vi sóng có nướng Samsung MG30T5018CK/SV,3810000,/images/products/lò_lò-vi-sóng-có-nướng-samsung-mg30t5018cksv.jpg,Còn hàng
Lò vi sóng,Lò,Lò vi sóng có nướng Sharp R-C932XVN-BST,5720000,/images/products/lò_lò-vi-sóng-có-nướng-sharp-r-c932xvn-bst.jpg,Còn hàng
Lò vi sóng,Lò,Lò vi sóng Electrolux EMM23D22B,2510000,/images/products/lò_lò-vi-sóng-electrolux-emm23d22b.jpg,Còn hàng
Lò vi sóng,Lò,Lò vi sóng có nướng Sharp R-G371VN-W,1950000,/images/products/lò_lò-vi-sóng-có-nướng-sharp-r-g371vn-w.jpg,Còn hàng
Lò vi sóng,Lò,Lò vi sóng có nướng Electrolux EMS2027GX,1910000,/images/products/lò_lò-vi-sóng-có-nướng-electrolux-ems2027gx.jpg,Còn hàng
Lò vi sóng,Lò,Lò vi sóng có nướng BlueStone MOB-7741,2190000,/images/products/lò_lò-vi-sóng-có-nướng-bluestone-mob-7741.jpg,Còn hàng
Lò vi sóng,Lò,Lò vi sóng có nướng Panasonic NN-GM34NBYUE,3240000,/images/products/lò_lò-vi-sóng-có-nướng-panasonic-nn-gm34nbyue.jpg,Còn hàng
Lò vi sóng,Lò,Lò vi sóng Toshiba ER-SS23(W1)VN,1950000,/images/products/lò_lò-vi-sóng-toshiba-er-ss23w1vn.jpg,Còn hàng
Lò vi sóng,Lò,Lò vi sóng có nướng BlueStone MOB-7833,2580000,/images/products/lò_lò-vi-sóng-có-nướng-bluestone-mob-7833.jpg,Còn hàng
Lò vi sóng,Lò,Lò vi sóng có nướng Sharp AX-1700VN,17990000,/images/products/lò_lò-vi-sóng-có-nướng-sharp-ax-1700vn.jpg,Còn hàng
Lò vi sóng,Sharp,Sharp R-C825VN(ST),0,/images/products/sharp_sharp-r-c825vnst.jpg,Hết hàng
Lò vi sóng,Lò,Lò vi sóng có nướng Kocher KMEU-1025A,13900000,/images/products/lò_lò-vi-sóng-có-nướng-kocher-kmeu-1025a.jpg,Còn hàng
Lò vi sóng,Lò,Lò vi sóng có nướng Toshiba MX2-STR25SC(WH),14990000,/images/products/lò_lò-vi-sóng-có-nướng-toshiba-mx2-str25scwh.jpg,Còn hàng
Lò vi sóng,Lò,Lò vi sóng BlueStone MOB-7815,1999000,/images/products/lò_lò-vi-sóng-bluestone-mob-7815.jpg,Còn hàng
Nồi chiên không dầu,Nồi,Nồi chiên không dầu Kangaroo 5.2 lít KG55AF1A,1790000,/images/products/nồi_nồi-chiên-không-dầu-kangaroo-52-lít-kg55af1a.jpg,Còn hàng
Nồi chiên không dầu,Nồi,Nồi chiên không dầu Kangaroo 8 lít KGAF81MG,1590000,/images/products/nồi_nồi-chiên-không-dầu-kangaroo-8-lít-kgaf81mg.jpg,Còn hàng
Nồi chiên không dầu,Nồi,Nồi chiên không dầu Magic Eco 6 lít AC-161,790000,/images/products/nồi_nồi-chiên-không-dầu-magic-eco-6-lít-ac-161.jpg,Còn hàng
Nồi chiên không dầu,Nồi,Nồi chiên không dầu Mishio 7 lít MK373,1290000,/images/products/nồi_nồi-chiên-không-dầu-mishio-7-lít-mk373.jpg,Còn hàng
Nồi chiên không dầu,Nồi,Nồi chiên không dầu Sunhouse 6.5 lít SHD4030,1390000,/images/products/nồi_nồi-chiên-không-dầu-sunhouse-65-lít-shd4030.jpg,Còn hàng
Nồi chiên không dầu,Nồi,Nồi chiên không dầu Sunhouse 9 lít SHD4037,1990000,/images/products/nồi_nồi-chiên-không-dầu-sunhouse-9-lít-shd4037.jpg,Còn hàng
Nồi chiên không dầu,Nồi,Nồi chiên không dầu BlueStone 9 lít AFB-5886,2450000,/images/products/nồi_nồi-chiên-không-dầu-bluestone-9-lít-afb-5886.jpg,Còn hàng
Nồi chiên không dầu,Nồi,Nồi chiên không dầu Kangaroo 5 lít KG52AF1A,1050000,/images/products/nồi_nồi-chiên-không-dầu-kangaroo-5-lít-kg52af1a.jpg,Còn hàng
Nồi chiên không dầu,Nồi,Nồi chiên không dầu Sunhouse 6 lít SHD4062,1690000,/images/products/nồi_nồi-chiên-không-dầu-sunhouse-6-lít-shd4062.jpg,Còn hàng
Nồi chiên không dầu,Nồi,Nồi chiên không dầu Ferroli 7 lít FAF-7.0D,1490000,/images/products/nồi_nồi-chiên-không-dầu-ferroli-7-lít-faf-70d.jpg,Còn hàng
Nồi chiên không dầu,Nồi,Nồi chiên không dầu Rapido 9 lít RAF-9.0M,1690000,/images/products/nồi_nồi-chiên-không-dầu-rapido-9-lít-raf-90m.jpg,Còn hàng
Nồi chiên không dầu,Nồi,Nồi chiên không dầu BlueStone 6 lít AFB-5867,2900000,/images/products/nồi_nồi-chiên-không-dầu-bluestone-6-lít-afb-5867.jpg,Còn hàng
Nồi chiên không dầu,Nồi,Nồi chiên không dầu Tefal Window 6 lít EY821868,1390000,/images/products/nồi_nồi-chiên-không-dầu-tefal-window-6-lít-ey821868.jpg,Còn hàng
Nồi chiên không dầu,Lò,Lò chiên không dầu Kangaroo 12.5 lít KG12AF6A,2190000,/images/products/lò_lò-chiên-không-dầu-kangaroo-125-lít-kg12af6a.jpg,Còn hàng
Nồi chiên không dầu,Nồi,Nồi chiên không dầu Kangaroo 5.2 lít KG55AF1,2690000,/images/products/nồi_nồi-chiên-không-dầu-kangaroo-52-lít-kg55af1.jpg,Còn hàng
Nồi chiên không dầu,Nồi,Nồi chiên không dầu Sunhouse 9 lít SHD4035,2490000,/images/products/nồi_nồi-chiên-không-dầu-sunhouse-9-lít-shd4035.jpg,Còn hàng
Nồi chiên không dầu,Nồi,Nồi chiên không dầu Rapido RAF-8.0M 8 lít,1790000,/images/products/nồi_nồi-chiên-không-dầu-rapido-raf-80m-8-lít.jpg,Còn hàng
Nồi chiên không dầu,Nồi,Nồi chiên không dầu Rapido 7.5 lít RAF-7.5M3,1590000,/images/products/nồi_nồi-chiên-không-dầu-rapido-75-lít-raf-75m3.jpg,Còn hàng
Nồi chiên không dầu,Nồi,Nồi chiên không dầu Kangaroo 6.5 lít KGAF65M1G,1390000,/images/products/nồi_nồi-chiên-không-dầu-kangaroo-65-lít-kgaf65m1g.jpg,Còn hàng
Nồi chiên không dầu,Nồi,Nồi chiên không dầu Rapido 8 lít RAF-8.0M2,2250000,/images/products/nồi_nồi-chiên-không-dầu-rapido-8-lít-raf-80m2.jpg,Còn hàng
Nồi chiên không dầu,Nồi,Nồi chiên không dầu Rapido 7 lít RAF-7.0M4 2M,1690000,/images/products/nồi_nồi-chiên-không-dầu-rapido-7-lít-raf-70m4-2m.jpg,Còn hàng
Nồi chiên không dầu,Nồi,Nồi chiên không dầu Philips 6.2 lít NA130/00,1950000,/images/products/nồi_nồi-chiên-không-dầu-philips-62-lít-na13000.jpg,Còn hàng
Nồi chiên không dầu,Nồi,Nồi chiên không dầu Toshiba 7.4 lít AF-74CS2SRVN(B),3093000,/images/products/nồi_nồi-chiên-không-dầu-toshiba-74-lít-af-74cs2srvnb.jpg,Còn hàng
Nồi chiên không dầu,Nồi,Nồi chiên không dầu Toshiba 7.4 lít AF-74CP1URVN(H),3132000,/images/products/nồi_nồi-chiên-không-dầu-toshiba-74-lít-af-74cp1urvnh.jpg,Còn hàng
Nồi chiên không dầu,Nồi,Nồi chiên không dầu Sunhouse 8 lít SHD4033,2500000,/images/products/nồi_nồi-chiên-không-dầu-sunhouse-8-lít-shd4033.jpg,Còn hàng
Nồi chiên không dầu,Nồi,Nồi chiên không dầu Kangaroo 8 lít KGAF82DG,2290000,/images/products/nồi_nồi-chiên-không-dầu-kangaroo-8-lít-kgaf82dg.jpg,Còn hàng
Nồi chiên không dầu,Nồi,Nồi chiên không dầu Philips 6.2 lít NA231/00,2700000,/images/products/nồi_nồi-chiên-không-dầu-philips-62-lít-na23100.jpg,Còn hàng
Nồi chiên không dầu,Nồi,Nồi chiên không dầu Kangaroo 12 lít KGAF122DG,3150000,/images/products/nồi_nồi-chiên-không-dầu-kangaroo-12-lít-kgaf122dg.jpg,Còn hàng
Nồi chiên không dầu,Nồi,Nồi chiên không dầu Bear 6 lít AFR-165VY,1690000,/images/products/nồi_nồi-chiên-không-dầu-bear-6-lít-afr-165vy.jpg,Còn hàng
Nồi chiên không dầu,Nồi,Nồi chiên không dầu Bear 9 lít AFR-215BF,2590000,/images/products/nồi_nồi-chiên-không-dầu-bear-9-lít-afr-215bf.jpg,Còn hàng
Nồi chiên không dầu,Nồi,Nồi chiên không dầu Sunhouse Mama 6.5 lít SHD4092,1900000,/images/products/nồi_nồi-chiên-không-dầu-sunhouse-mama-65-lít-shd4092.jpg,Còn hàng
Nồi chiên không dầu,Nồi,Nồi chiên không dầu BlueStone 7 lít AFB-5856,1890000,/images/products/nồi_nồi-chiên-không-dầu-bluestone-7-lít-afb-5856.jpg,Còn hàng
Nồi chiên không dầu,Nồi,Nồi chiên không dầu Rapido 9 lít RAF-9.0D 2M,2350000,/images/products/nồi_nồi-chiên-không-dầu-rapido-9-lít-raf-90d-2m.jpg,Còn hàng
Nồi chiên không dầu,Nồi,Nồi chiên không dầu Kangaroo 10 lít KGAF102DG,2590000,/images/products/nồi_nồi-chiên-không-dầu-kangaroo-10-lít-kgaf102dg.jpg,Còn hàng
Nồi chiên không dầu,Nồi,Nồi chiên không dầu BlueStone 5.5 lít AFB-5878,1690000,/images/products/nồi_nồi-chiên-không-dầu-bluestone-55-lít-afb-5878.jpg,Còn hàng
Nồi chiên không dầu,Nồi,Nồi chiên không dầu Xiaomi Air Fryer Essential 6 lít BHR8588EU,1590000,/images/products/nồi_nồi-chiên-không-dầu-xiaomi-air-fryer-essential-6-lít-bhr8588eu.jpg,Còn hàng
Nồi chiên không dầu,Nồi,Nồi chiên không dầu Bear 6 lít AF-4H16K,1690000,/images/products/nồi_nồi-chiên-không-dầu-bear-6-lít-af-4h16k.jpg,Còn hàng
Nồi chiên không dầu,Lò,Lò chiên không dầu hơi nước BlueStone 24 lít AFB-5895,5990000,/images/products/lò_lò-chiên-không-dầu-hơi-nước-bluestone-24-lít-afb-5895.jpg,Còn hàng
Nồi chiên không dầu,Nồi,Nồi chiên không dầu AVA 9 lít ZG93MW,1700000,/images/products/nồi_nồi-chiên-không-dầu-ava-9-lít-zg93mw.jpg,Còn hàng
Nồi chiên không dầu,Nồi,Nồi chiên không dầu AVA 9 lít ZG94WG,2100000,/images/products/nồi_nồi-chiên-không-dầu-ava-9-lít-zg94wg.jpg,Còn hàng
Nồi chiên không dầu,Nồi,Nồi chiên không dầu Sharp 6.8 lít KF-AF68EPV-BK,2550000,/images/products/nồi_nồi-chiên-không-dầu-sharp-68-lít-kf-af68epv-bk.jpg,Còn hàng
Nồi chiên không dầu,Nồi,Nồi chiên không dầu Tefal 7.5 lít EY855D68,2890000,/images/products/nồi_nồi-chiên-không-dầu-tefal-75-lít-ey855d68.jpg,Còn hàng
Nồi chiên không dầu,Nồi,Nồi chiên không dầu Sharp 7 lít KF-AF70EV-BK,2890000,/images/products/nồi_nồi-chiên-không-dầu-sharp-7-lít-kf-af70ev-bk.jpg,Còn hàng
Nồi chiên không dầu,Lò,Lò chiên không dầu Toshiba 25 lít TL2-SAC25GZC(GR),4690000,/images/products/lò_lò-chiên-không-dầu-toshiba-25-lít-tl2-sac25gzcgr.jpg,Còn hàng
Nồi chiên không dầu,Nồi,Nồi chiên không dầu Philips 6.2 lít NA332/00,3190000,/images/products/nồi_nồi-chiên-không-dầu-philips-62-lít-na33200.jpg,Còn hàng
Nồi chiên không dầu,Nồi,Nồi chiên không dầu Philips 7.1 lít NA150/00,4190000,/images/products/nồi_nồi-chiên-không-dầu-philips-71-lít-na15000.jpg,Còn hàng
Nồi chiên không dầu,Nồi,Nồi chiên không dầu Magic Eco 6 lít AC-125,1190000,/images/products/nồi_nồi-chiên-không-dầu-magic-eco-6-lít-ac-125.jpg,Còn hàng
Nồi chiên không dầu,Nồi,Nồi chiên không dầu Ferroli 5 lít FAF-5.0M3,1090000,/images/products/nồi_nồi-chiên-không-dầu-ferroli-5-lít-faf-50m3.jpg,Còn hàng
Nồi chiên không dầu,Nồi,Nồi chiên không dầu Philips 7.2 lít NA543/00,6490000,/images/products/nồi_nồi-chiên-không-dầu-philips-72-lít-na54300.jpg,Còn hàng
Nồi chiên không dầu,Lò,Lò chiên không dầu Ferroli 12 lít FAF-12D,2190000,/images/products/lò_lò-chiên-không-dầu-ferroli-12-lít-faf-12d.jpg,Còn hàng
Nồi chiên không dầu,Nồi,Nồi chiên không dầu Bear 6 lít BAF-P63W1,1590000,/images/products/nồi_nồi-chiên-không-dầu-bear-6-lít-baf-p63w1.jpg,Còn hàng
Nồi chiên không dầu,Nồi,Nồi chiên không dầu Gaabor 8 lít AF-80M01A,1090000,/images/products/nồi_nồi-chiên-không-dầu-gaabor-8-lít-af-80m01a.jpg,Còn hàng
Nồi chiên không dầu,Nồi,Nồi chiên không dầu FUJIHOME 3.2 lít A3B,550000,/images/products/nồi_nồi-chiên-không-dầu-fujihome-32-lít-a3b.jpg,Còn hàng
Nồi chiên không dầu,Nồi,Nồi chiên không dầu Sharp 7 lít KF-AF70EV-ST,3090000,/images/products/nồi_nồi-chiên-không-dầu-sharp-7-lít-kf-af70ev-st.jpg,Còn hàng
Nồi chiên không dầu,Lò,Lò chiên không dầu Ferroli 12 lít FAF-12M,1690000,/images/products/lò_lò-chiên-không-dầu-ferroli-12-lít-faf-12m.jpg,Còn hàng
Nồi chiên không dầu,Nồi,Nồi chiên không dầu Gaabor 3.5 lít AF-35M01A,649000,/images/products/nồi_nồi-chiên-không-dầu-gaabor-35-lít-af-35m01a.jpg,Còn hàng
Nồi chiên không dầu,Nồi,Nồi chiên không dầu Gaabor 8 lít AF-80T01A,1490000,/images/products/nồi_nồi-chiên-không-dầu-gaabor-8-lít-af-80t01a.jpg,Còn hàng
Nồi chiên không dầu,Nồi,Nồi chiên không dầu Kangaroo 6.5 lít KG65AF,1490000,/images/products/nồi_nồi-chiên-không-dầu-kangaroo-65-lít-kg65af.jpg,Còn hàng
Nồi chiên không dầu,Lò,Lò chiên không dầu Hafele 11 lít HS-AF1102B (535.43.715),2590000,/images/products/lò_lò-chiên-không-dầu-hafele-11-lít-hs-af1102b-53543715.jpg,Còn hàng
Nồi chiên không dầu,Nồi,Nồi chiên không dầu AVA 4 lít AF358T,1050000,/images/products/nồi_nồi-chiên-không-dầu-ava-4-lít-af358t.jpg,Còn hàng
Nồi chiên không dầu,Nồi,Nồi chiên không dầu Cuckoo 4.7 lít CAF-F0410T,1890000,/images/products/nồi_nồi-chiên-không-dầu-cuckoo-47-lít-caf-f0410t.jpg,Còn hàng
Nồi chiên không dầu,Nồi,Nồi chiên không dầu Philips 9 lít NA352/00,3990000,/images/products/nồi_nồi-chiên-không-dầu-philips-9-lít-na35200.jpg,Còn hàng
Nồi chiên không dầu,Nồi,Nồi chiên không dầu Hafele 5 lít AF-T5A (535.43.712),2090000,/images/products/nồi_nồi-chiên-không-dầu-hafele-5-lít-af-t5a-53543712.jpg,Còn hàng
Nồi chiên không dầu,Nồi,Nồi chiên không dầu Electrolux 3 lít E6AF1-220K,1990000,/images/products/nồi_nồi-chiên-không-dầu-electrolux-3-lít-e6af1-220k.jpg,Còn hàng
Nồi chiên không dầu,Nồi,Nồi chiên không dầu Magic 6.5 lít A-805,2150000,/images/products/nồi_nồi-chiên-không-dầu-magic-65-lít-a-805.jpg,Còn hàng
Nồi chiên không dầu,Lò,Lò chiên không dầu Tefal 11 lít FW501815,5400000,/images/products/lò_lò-chiên-không-dầu-tefal-11-lít-fw501815.jpg,Còn hàng
Nồi chiên không dầu,Nồi,Nồi chiên không dầu Hafele 5.7 lít HS-AF502B (535.43.713),2000000,/images/products/nồi_nồi-chiên-không-dầu-hafele-57-lít-hs-af502b-53543713.jpg,Còn hàng
Nồi chiên không dầu,Lò,Lò chiên không dầu BlueStone 10 lít AFB-5888,3090000,/images/products/lò_lò-chiên-không-dầu-bluestone-10-lít-afb-5888.jpg,Còn hàng
Nồi chiên không dầu,Lò,Lò chiên không dầu Hawonkoo 18 lít AFH-180-GR,3790000,/images/products/lò_lò-chiên-không-dầu-hawonkoo-18-lít-afh-180-gr.jpg,Còn hàng
Nồi chiên không dầu,Nồi,Nồi chiên không dầu Sharp 6 lít KF-AF60EV-BK,2350000,/images/products/nồi_nồi-chiên-không-dầu-sharp-6-lít-kf-af60ev-bk.jpg,Còn hàng
Nồi chiên không dầu,Nồi,Nồi chiên không dầu Philips 5.6 lít HD9257/80,1990000,/images/products/nồi_nồi-chiên-không-dầu-philips-56-lít-hd925780.jpg,Còn hàng
Nồi chiên không dầu,Nồi,Nồi chiên không dầu Philips 10 lít NA462/70,6490000,/images/products/nồi_nồi-chiên-không-dầu-philips-10-lít-na46270.jpg,Còn hàng
Nồi chiên không dầu,Nồi,Nồi chiên không dầu Gaabor 5 lít AF-45M01A,1200000,/images/products/nồi_nồi-chiên-không-dầu-gaabor-5-lít-af-45m01a.jpg,Còn hàng
Nồi chiên không dầu,Nồi,Nồi chiên không dầu Paveden 16 lít PAF-1622,2490000,/images/products/nồi_nồi-chiên-không-dầu-paveden-16-lít-paf-1622.jpg,Còn hàng
Nồi chiên không dầu,Nồi,Nồi chiên không dầu Joyoung 6 lít JAF-612,1299000,/images/products/nồi_nồi-chiên-không-dầu-joyoung-6-lít-jaf-612.jpg,Còn hàng
Nồi chiên không dầu,Nồi,Nồi chiên không dầu Electrolux 5 lít E6AF1-520K,2790000,/images/products/nồi_nồi-chiên-không-dầu-electrolux-5-lít-e6af1-520k.jpg,Còn hàng
Nồi chiên không dầu,Nồi,Nồi chiên không dầu Tefal 4.2 lít EY201815,1990000,/images/products/nồi_nồi-chiên-không-dầu-tefal-42-lít-ey201815.jpg,Còn hàng
Nồi chiên không dầu,Nồi,Nồi chiên không dầu Rapido 6.5 lít RAF6.5M2,1790000,/images/products/nồi_nồi-chiên-không-dầu-rapido-65-lít-raf65m2.jpg,Còn hàng
Nồi chiên không dầu,Nồi,Nồi chiên không dầu kết hợp hấp Magic Eco 5 lít S05,3790000,/images/products/nồi_nồi-chiên-không-dầu-kết-hợp-hấp-magic-eco-5-lít-s05.jpg,Còn hàng
Nồi chiên không dầu,Lò,Lò chiên không dầu Rapido 12 lít RAF-12M1,1890000,/images/products/lò_lò-chiên-không-dầu-rapido-12-lít-raf-12m1.jpg,Còn hàng
Nồi chiên không dầu,Nồi,Nồi chiên không dầu FUJIHOME 10 lít A10DG,1590000,/images/products/nồi_nồi-chiên-không-dầu-fujihome-10-lít-a10dg.jpg,Còn hàng
Nồi chiên không dầu,Nồi,Nồi chiên không dầu FUJIHOME 4.5 lít A4EB,750000,/images/products/nồi_nồi-chiên-không-dầu-fujihome-45-lít-a4eb.jpg,Còn hàng
Nồi chiên không dầu,Nồi,Nồi chiên không dầu FUJIHOME 8 lít A8DG1NEW,1290000,/images/products/nồi_nồi-chiên-không-dầu-fujihome-8-lít-a8dg1new.jpg,Còn hàng
Nồi chiên không dầu,Nồi,Nồi chiên không dầu FUJIHOME 3.2 lít A3W,550000,/images/products/nồi_nồi-chiên-không-dầu-fujihome-32-lít-a3w.jpg,Còn hàng
Nồi chiên không dầu,Nồi,Nồi chiên không dầu Paveden 5 lít PAF-515BL,990000,/images/products/nồi_nồi-chiên-không-dầu-paveden-5-lít-paf-515bl.jpg,Còn hàng
Nồi chiên không dầu,Nồi,Nồi chiên không dầu Sunhouse 10 lít SHD4098,3090000,/images/products/nồi_nồi-chiên-không-dầu-sunhouse-10-lít-shd4098.jpg,Còn hàng
Nồi chiên không dầu,Nồi,Nồi chiên không dầu Paveden 11 lít PAF-1118,2190000,/images/products/nồi_nồi-chiên-không-dầu-paveden-11-lít-paf-1118.jpg,Còn hàng
Nồi chiên không dầu,Lò,Lò chiên không dầu kết hợp hấp Kalite 15 lít STEAM X,5655000,/images/products/lò_lò-chiên-không-dầu-kết-hợp-hấp-kalite-15-lít-steam-x.jpg,Còn hàng
Nồi chiên không dầu,Nồi,Nồi chiên không dầu Lock&Lock 5.2 lít EJF357BLK,2790000,/images/products/nồi_nồi-chiên-không-dầu-locklock-52-lít-ejf357blk.jpg,Còn hàng
Nồi chiên không dầu,Nồi,Nồi chiên không dầu Magic 4.4 lít A84,1620000,/images/products/nồi_nồi-chiên-không-dầu-magic-44-lít-a84.jpg,Còn hàng
Nồi chiên không dầu,Nồi,Nồi chiên không dầu AVA 5 lít AF40155D,1290000,/images/products/nồi_nồi-chiên-không-dầu-ava-5-lít-af40155d.jpg,Còn hàng
Nồi chiên không dầu,Nồi,Nồi chiên không dầu Magic Eco 5.5 lít AC-102,2890000,/images/products/nồi_nồi-chiên-không-dầu-magic-eco-55-lít-ac-102.jpg,Còn hàng
Nồi chiên không dầu,Lò,Lò chiên không dầu Hawonkoo 10 lít AFH-100,2390000,/images/products/lò_lò-chiên-không-dầu-hawonkoo-10-lít-afh-100.jpg,Còn hàng
Nồi chiên không dầu,Nồi,Nồi chiên không dầu AVA 5.5 lít 55K07A,1290000,/images/products/nồi_nồi-chiên-không-dầu-ava-55-lít-55k07a.jpg,Còn hàng
Nồi chiên không dầu,Nồi,Nồi chiên không dầu Cuckoo 5.5 lít CAF-G0510T,1890000,/images/products/nồi_nồi-chiên-không-dầu-cuckoo-55-lít-caf-g0510t.jpg,Còn hàng
Nồi chiên không dầu,Nồi,Nồi chiên không dầu Tefal 4.2 lít EY201D15,1990000,/images/products/nồi_nồi-chiên-không-dầu-tefal-42-lít-ey201d15.jpg,Còn hàng
Nồi chiên không dầu,Nồi,Nồi chiên không dầu Hafele 6.4 lít HS-AF601B (535.43.714),2250000,/images/products/nồi_nồi-chiên-không-dầu-hafele-64-lít-hs-af601b-53543714.jpg,Còn hàng
Nồi chiên không dầu,Nồi,Nồi chiên không dầu Lock&Lock 7.2 lít EJF296BLK,3100000,/images/products/nồi_nồi-chiên-không-dầu-locklock-72-lít-ejf296blk.jpg,Còn hàng
Nồi chiên không dầu,Nồi,Nồi chiên không dầu Lock&Lock 3.2 lít EJF161BLK,1824000,/images/products/nồi_nồi-chiên-không-dầu-locklock-32-lít-ejf161blk.png,Còn hàng
Nồi chiên không dầu,Nồi,Nồi chiên không dầu kết hợp áp suất Elmich 4 lít AFE-1808,4400000,/images/products/nồi_nồi-chiên-không-dầu-kết-hợp-áp-suất-elmich-4-lít-afe-1808.jpg,Còn hàng
Nồi chiên không dầu,Nồi,Nồi chiên không dầu FUJIHOME 12 lít A12DB,2250000,/images/products/nồi_nồi-chiên-không-dầu-fujihome-12-lít-a12db.jpg,Còn hàng
Nồi chiên không dầu,Lò,Lò chiên không dầu hết hợp hấp Kalite 20 lít Fusion Pro,7999000,/images/products/lò_lò-chiên-không-dầu-hết-hợp-hấp-kalite-20-lít-fusion-pro.jpg,Còn hàng
Nồi chiên không dầu,Nồi,Nồi chiên không dầu FUJIHOME 5.5 lít A5GG,950000,/images/products/nồi_nồi-chiên-không-dầu-fujihome-55-lít-a5gg.jpg,Còn hàng
Nồi chiên không dầu,Nồi,Nồi chiên không dầu Magic Eco 8 lít AC-162,1590000,/images/products/nồi_nồi-chiên-không-dầu-magic-eco-8-lít-ac-162.jpg,Còn hàng
Nồi chiên không dầu,Nồi,Nồi chiên không dầu Joyoung 6 lít JAF-579,1890000,/images/products/nồi_nồi-chiên-không-dầu-joyoung-6-lít-jaf-579.jpg,Còn hàng
Nồi chiên không dầu,Nồi,Nồi chiên không dầu Rapido RAF5.0M 5 lít,1669000,/images/products/nồi_nồi-chiên-không-dầu-rapido-raf50m-5-lít.jpg,Còn hàng
Nồi chiên không dầu,Nồi,Nồi chiên không dầu Hommy BF525 5.5 lít,1590000,/images/products/nồi_nồi-chiên-không-dầu-hommy-bf525-55-lít.jpg,Còn hàng
Nồi chiên không dầu,Nồi,Nồi chiên không dầu FUJIHOME 9 lít A9DH,1490000,/images/products/nồi_nồi-chiên-không-dầu-fujihome-9-lít-a9dh.jpg,Còn hàng
Nồi chiên không dầu,Nồi,Nồi chiên không dầu FUJIHOME 7 lít A7DH,1390000,/images/products/nồi_nồi-chiên-không-dầu-fujihome-7-lít-a7dh.jpg,Còn hàng
Nồi chiên không dầu,Nồi,Nồi chiên không dầu FUJIHOME 4.5 lít A4EW,790000,/images/products/nồi_nồi-chiên-không-dầu-fujihome-45-lít-a4ew.jpg,Còn hàng
Nồi chiên không dầu,Nồi,Nồi chiên không dầu Philips 4.2 lít NA120/00,1699000,/images/products/nồi_nồi-chiên-không-dầu-philips-42-lít-na12000.jpg,Còn hàng
Nồi chiên không dầu,Nồi,Nồi chiên không dầu Philips 4.2 lít NA220/00,2160000,/images/products/nồi_nồi-chiên-không-dầu-philips-42-lít-na22000.jpg,Còn hàng
Nồi chiên không dầu,Nồi,Nồi chiên không dầu Philips 6.2 lít NA230/00,2690000,/images/products/nồi_nồi-chiên-không-dầu-philips-62-lít-na23000.jpg,Còn hàng
Nồi chiên không dầu,Nồi,Nồi chiên không dầu Philips 7.2 lít NA342/00,4300000,/images/products/nồi_nồi-chiên-không-dầu-philips-72-lít-na34200.jpg,Còn hàng
Nồi chiên không dầu,Nồi,Nồi chiên không dầu Sunhouse 5 lít SHD4021,1200000,/images/products/nồi_nồi-chiên-không-dầu-sunhouse-5-lít-shd4021.jpg,Còn hàng
Nồi chiên không dầu,Nồi,Nồi chiên không dầu Sunhouse 6.5 lít SHD4032,1490000,/images/products/nồi_nồi-chiên-không-dầu-sunhouse-65-lít-shd4032.jpg,Còn hàng
Nồi chiên không dầu,Nồi,Nồi chiên không dầu Bosch 7.2 lít MAF671B0,3090000,/images/products/nồi_nồi-chiên-không-dầu-bosch-72-lít-maf671b0.jpg,Còn hàng
Nồi chiên không dầu,A6GG,A6GG 6.5L,1250000,/images/products/a6gg_a6gg-65l.jpg,Còn hàng
Nồi chiên không dầu,Nồi,Nồi chiên không dầu FUJIHOME A8DG2 8L,1350000,/images/products/nồi_nồi-chiên-không-dầu-fujihome-a8dg2-8l.jpg,Còn hàng
Nồi chiên không dầu,A10DG-DUAL,A10DG-DUAL,2290000,/images/products/a10dg-dual_a10dg-dual.jpg,Còn hàng
Nồi chiên không dầu,Nồi,Nồi chiên không dầu kết hợp hấp PAVEDEN PAF-1815ST,4590000,/images/products/nồi_nồi-chiên-không-dầu-kết-hợp-hấp-paveden-paf-1815st.jpg,Còn hàng
Nồi chiên không dầu,Nồi,Nồi chiên không dầu PAVEDEN 7 lít PAF-717TB,1490000,/images/products/nồi_nồi-chiên-không-dầu-paveden-7-lít-paf-717tb.jpg,Còn hàng
Nồi chiên không dầu,Nồi,Nồi chiên không dầu Tefal 5 lít EY245310,1690000,/images/products/nồi_nồi-chiên-không-dầu-tefal-5-lít-ey245310.jpg,Còn hàng
Bếp điện từ,Bếp,Bếp từ đôi âm Sunhouse MMB82052-TMD 4800W,9990000,/images/products/bếp_bếp-từ-đôi-âm-sunhouse-mmb82052-tmd-4800w.png,Còn hàng
Bếp điện từ,Bếp,Bếp từ đôi âm Hafele HC-I7323B (536.61.886) 4400W,14990000,/images/products/bếp_bếp-từ-đôi-âm-hafele-hc-i7323b-53661886-4400w.png,Còn hàng
Bếp điện từ,Bếp,Bếp từ đôi âm Hafele HC-I2732A (536.61.726) 4400W,11990000,/images/products/bếp_bếp-từ-đôi-âm-hafele-hc-i2732a-53661726-4400w.png,Còn hàng
Bếp điện từ,Bếp,Bếp từ đôi âm Junger CEJ-200-II 4000W,18990000,/images/products/bếp_bếp-từ-đôi-âm-junger-cej-200-ii-4000w.png,Còn hàng
Bếp điện từ,Bếp,Bếp từ đôi âm Pramie PRTH-A2 4800W,8790000,/images/products/bếp_bếp-từ-đôi-âm-pramie-prth-a2-4800w.png,Còn hàng
Bếp điện từ,Bếp,Bếp từ đơn Electrolux ETD42SKS 2100W,2590000,/images/products/bếp_bếp-từ-đơn-electrolux-etd42sks-2100w.jpg,Còn hàng
Bếp điện từ,Bếp,Bếp từ đôi âm Sunhouse SHB81272-MD 4000W,4500000,/images/products/bếp_bếp-từ-đôi-âm-sunhouse-shb81272-md-4000w.jpg,Còn hàng
Bếp điện từ,Bếp,Bếp từ đôi âm Kangaroo KGIC44D1C 4400W,5190000,/images/products/bếp_bếp-từ-đôi-âm-kangaroo-kgic44d1c-4400w.png,Còn hàng
Bếp điện từ,Bếp,Bếp từ đôi âm Kangaroo KGIC44D1T 4400W,7190000,/images/products/bếp_bếp-từ-đôi-âm-kangaroo-kgic44d1t-4400w.png,Còn hàng
Bếp điện từ,Bếp,Bếp từ đôi âm Comfee CIH-40DHE 4000W,5790000,/images/products/bếp_bếp-từ-đôi-âm-comfee-cih-40dhe-4000w.png,Còn hàng
Bếp điện từ,Bếp,Bếp từ đôi âm Comfee CIH-44DIL 4400W,6490000,/images/products/bếp_bếp-từ-đôi-âm-comfee-cih-44dil-4400w.png,Còn hàng
Bếp điện từ,Bếp,Bếp từ đôi âm Pramie PRTH-2216 5200W,7500000,/images/products/bếp_bếp-từ-đôi-âm-pramie-prth-2216-5200w.jpg,Còn hàng
Bếp điện từ,Bếp,Bếp từ đôi âm Junger JG CEJ-226 4800W,13990000,/images/products/bếp_bếp-từ-đôi-âm-junger-jg-cej-226-4800w.png,Còn hàng
Bếp điện từ,Bếp,Bếp từ đôi âm BlueStone ICB-6825 5000W,6190000,/images/products/bếp_bếp-từ-đôi-âm-bluestone-icb-6825-5000w.jpg,Còn hàng
Bếp điện từ,Bếp,Bếp từ đôi âm Electrolux KIS87553IT 7350W,38930000,/images/products/bếp_bếp-từ-đôi-âm-electrolux-kis87553it-7350w.jpg,Còn hàng
Bếp điện từ,Bếp,Bếp từ 3 vùng nấu âm Kocher DI-855GE 7500W,24090000,/images/products/bếp_bếp-từ-3-vùng-nấu-âm-kocher-di-855ge-7500w.jpg,Còn hàng
Bếp điện từ,Bếp,Bếp từ đôi âm KAFF KF-HID7348II 4600W,26000000,/images/products/bếp_bếp-từ-đôi-âm-kaff-kf-hid7348ii-4600w.jpg,Còn hàng
Bếp điện từ,Bếp,Bếp từ 4 vùng nấu âm Electrolux EHXD875FAK 7400W,28490000,/images/products/bếp_bếp-từ-4-vùng-nấu-âm-electrolux-ehxd875fak-7400w.jpg,Còn hàng
Bếp điện từ,Bếp,Bếp từ 4 vùng nấu âm Electrolux EIV644 7350W,23090000,/images/products/bếp_bếp-từ-4-vùng-nấu-âm-electrolux-eiv644-7350w.jpg,Còn hàng
Bếp điện từ,Bếp,Bếp từ 4 vùng nấu âm Bosch PVS775FC5E 6900W,21990000,/images/products/bếp_bếp-từ-4-vùng-nấu-âm-bosch-pvs775fc5e-6900w.jpg,Còn hàng
Bếp điện từ,Bếp,Bếp từ đôi âm Kocher X Nano 7 4000W,15990000,/images/products/bếp_bếp-từ-đôi-âm-kocher-x-nano-7-4000w.jpg,Còn hàng
Bếp điện từ,Bếp,Bếp từ đôi âm Kocher X Nano 8 Plus 4000W,19490000,/images/products/bếp_bếp-từ-đôi-âm-kocher-x-nano-8-plus-4000w.jpg,Còn hàng
Bếp điện từ,Bếp,Bếp từ hồng ngoại âm KAFF KF-FL108 4500W,20800000,/images/products/bếp_bếp-từ-hồng-ngoại-âm-kaff-kf-fl108-4500w.jpg,Còn hàng
Bếp điện từ,Bếp,Bếp từ đôi âm Kocher X Nano 8 4000W,19490000,/images/products/bếp_bếp-từ-đôi-âm-kocher-x-nano-8-4000w.jpg,Còn hàng
Bếp điện từ,Bếp,Bếp từ đôi âm Kocher DI-881GE 4000W,18690000,/images/products/bếp_bếp-từ-đôi-âm-kocher-di-881ge-4000w.jpg,Còn hàng
Bếp điện từ,Bếp,Bếp từ đôi âm Kocher DI-339 Pro 5000W,11590000,/images/products/bếp_bếp-từ-đôi-âm-kocher-di-339-pro-5000w.jpg,Còn hàng
Bếp điện từ,Bếp,Bếp từ đôi âm Hafele HC-I7325B (533.09.979) 4600W,16990000,/images/products/bếp_bếp-từ-đôi-âm-hafele-hc-i7325b-53309979-4600w.jpg,Còn hàng
Bếp điện từ,Bếp,Bếp từ 3 vùng nấu âm Bosch PIJ61RHB1E 7400W,17490000,/images/products/bếp_bếp-từ-3-vùng-nấu-âm-bosch-pij61rhb1e-7400w.jpg,Còn hàng
Bếp điện từ,Bếp,Bếp từ hồng ngoại âm Junger SIS-68 4800W,18990000,/images/products/bếp_bếp-từ-hồng-ngoại-âm-junger-sis-68-4800w.jpg,Còn hàng
Bếp điện từ,Bếp,Bếp từ 4 vùng nấu âm Bosch PWP611BB5E 4600W,16680000,/images/products/bếp_bếp-từ-4-vùng-nấu-âm-bosch-pwp611bb5e-4600w.jpg,Còn hàng
Bếp điện từ,Bếp,Bếp từ hồng ngoại 3 vùng nấu âm Junger CEJ-300-IIF 5400W,15990000,/images/products/bếp_bếp-từ-hồng-ngoại-3-vùng-nấu-âm-junger-cej-300-iif-5400w.jpg,Còn hàng
Bếp điện từ,Bếp,Bếp từ đôi âm Kocher DI-330E 4000W,9890000,/images/products/bếp_bếp-từ-đôi-âm-kocher-di-330e-4000w.jpg,Còn hàng
Bếp điện từ,Bếp,Bếp từ đôi âm Panasonic KY-H1WZ70KRA 3500W,17360000,/images/products/bếp_bếp-từ-đôi-âm-panasonic-ky-h1wz70kra-3500w.jpg,Còn hàng
Bếp điện từ,Bếp,Bếp từ đôi âm BlueStone ICB-6948 5200W,15690000,/images/products/bếp_bếp-từ-đôi-âm-bluestone-icb-6948-5200w.jpg,Còn hàng
Bếp điện từ,Bếp,Bếp từ 3 vùng nấu âm Electrolux LIT60342 7350W,16510000,/images/products/bếp_bếp-từ-3-vùng-nấu-âm-electrolux-lit60342-7350w.jpg,Còn hàng
Bếp điện từ,Bếp,Bếp từ đôi âm Kocher X Nano 6 Plu 4000W,14590000,/images/products/bếp_bếp-từ-đôi-âm-kocher-x-nano-6-plu-4000w.jpg,Còn hàng
Bếp điện từ,Bếp,Bếp từ đôi âm KAFF KF-VS9885II 4600W,13490000,/images/products/bếp_bếp-từ-đôi-âm-kaff-kf-vs9885ii-4600w.jpg,Còn hàng
Bếp điện từ,Bếp,Bếp từ đôi âm Kocher X Nano 6 Pro 4000W,14590000,/images/products/bếp_bếp-từ-đôi-âm-kocher-x-nano-6-pro-4000w.jpg,Còn hàng
Bếp điện từ,Bếp,Bếp từ đôi âm Livotec LID-999M 5400W,13750000,/images/products/bếp_bếp-từ-đôi-âm-livotec-lid-999m-5400w.jpg,Còn hàng
Bếp điện từ,Bếp,Bếp từ đôi âm Junger JG CEJ-221 4400W,12990000,/images/products/bếp_bếp-từ-đôi-âm-junger-jg-cej-221-4400w.jpg,Còn hàng
Bếp điện từ,Bếp,Bếp từ 3 vùng nấu âm Kocher DI-355 6500W,13090000,/images/products/bếp_bếp-từ-3-vùng-nấu-âm-kocher-di-355-6500w.jpg,Còn hàng
Bếp điện từ,Bếp,Bếp từ hồng ngoại 3 vùng nấu âm Kocher EI-355 5900W,13090000,/images/products/bếp_bếp-từ-hồng-ngoại-3-vùng-nấu-âm-kocher-ei-355-5900w.jpg,Còn hàng
Bếp điện từ,Bếp,Bếp từ đôi Junger CEJ-220 4400W,12490000,/images/products/bếp_bếp-từ-đôi-junger-cej-220-4400w.jpg,Còn hàng
Bếp điện từ,Bếp,Bếp từ đôi âm Livotec LID-998M 4800W,12310000,/images/products/bếp_bếp-từ-đôi-âm-livotec-lid-998m-4800w.jpg,Còn hàng
Bếp điện từ,Bếp,Bếp từ hồng ngoại âm Pramie 2105 5200W,13090000,/images/products/bếp_bếp-từ-hồng-ngoại-âm-pramie-2105-5200w.jpg,Còn hàng
Bếp điện từ,Bếp,Bếp từ đôi âm Comfee CIH-55DSU 5500W,12490000,/images/products/bếp_bếp-từ-đôi-âm-comfee-cih-55dsu-5500w.jpg,Còn hàng
Bếp điện từ,Bếp,Bếp từ đôi âm Kocher DI-332 Pro 5000W,10890000,/images/products/bếp_bếp-từ-đôi-âm-kocher-di-332-pro-5000w.jpg,Còn hàng
Bếp điện từ,Bếp,Bếp từ đôi âm Kocher DI-333 Pro 5000W,10890000,/images/products/bếp_bếp-từ-đôi-âm-kocher-di-333-pro-5000w.jpg,Còn hàng
Bếp điện từ,Bếp,Bếp từ đôi âm Kocher DI-336 5000W,10890000,/images/products/bếp_bếp-từ-đôi-âm-kocher-di-336-5000w.jpg,Còn hàng
Bếp điện từ,Bếp,Bếp từ đôi âm Kocher DI-338 5000W,10890000,/images/products/bếp_bếp-từ-đôi-âm-kocher-di-338-5000w.jpg,Còn hàng
Bếp điện từ,Bếp,Bếp từ đôi âm Pramie 2205 5200W,12690000,/images/products/bếp_bếp-từ-đôi-âm-pramie-2205-5200w.jpg,Còn hàng
Bếp điện từ,Bếp,Bếp từ đôi âm Junger MK-22 4000W,11990000,/images/products/bếp_bếp-từ-đôi-âm-junger-mk-22-4000w.jpg,Còn hàng
Bếp điện từ,Bếp,Bếp từ hồng ngoại âm Junger SIS-66 4200W,11990000,/images/products/bếp_bếp-từ-hồng-ngoại-âm-junger-sis-66-4200w.jpg,Còn hàng
Bếp điện từ,Bếp,Bếp từ 3 vùng nấu âm Bosch PUJ611BB5E 4600W,13290000,/images/products/bếp_bếp-từ-3-vùng-nấu-âm-bosch-puj611bb5e-4600w.jpg,Còn hàng
Bếp điện từ,Bếp,Bếp từ đôi âm Bosch PPI8256EVN 3500W,12990000,/images/products/bếp_bếp-từ-đôi-âm-bosch-ppi8256evn-3500w.jpg,Còn hàng
Bếp điện từ,Bếp,Bếp từ hồng ngoại âm Sunhouse SHB82011-MMD 4400W,11500000,/images/products/bếp_bếp-từ-hồng-ngoại-âm-sunhouse-shb82011-mmd-4400w.jpg,Còn hàng
Bếp điện từ,Bếp,Bếp từ đôi âm Sunhouse SHB82062-MMD 4400W,10990000,/images/products/bếp_bếp-từ-đôi-âm-sunhouse-shb82062-mmd-4400w.jpg,Còn hàng
Bếp điện từ,Bếp,Bếp từ hồng ngoại âm Pramie PRTH-2103 4800W,10290000,/images/products/bếp_bếp-từ-hồng-ngoại-âm-pramie-prth-2103-4800w.jpg,Còn hàng
Bếp điện từ,Bếp,Bếp từ đôi âm Electrolux EHI7280BB 3700W,11790000,/images/products/bếp_bếp-từ-đôi-âm-electrolux-ehi7280bb-3700w.jpg,Còn hàng
Bếp điện từ,Bếp,Bếp từ đôi âm Kocher EI-330E 4000W,9890000,/images/products/bếp_bếp-từ-đôi-âm-kocher-ei-330e-4000w.jpg,Còn hàng
Bếp điện từ,Bếp,Bếp từ hồng ngoại âm KAFF KF-073IC 4200W,9590000,/images/products/bếp_bếp-từ-hồng-ngoại-âm-kaff-kf-073ic-4200w.jpg,Còn hàng
Bếp điện từ,Bếp,Bếp từ kết hợp ga âm KAFF KF-088IG 2200W,9490000,/images/products/bếp_bếp-từ-kết-hợp-ga-âm-kaff-kf-088ig-2200w.jpg,Còn hàng
Bếp điện từ,Bếp,Bếp từ đôi âm BlueStone ICB-6949 5200W,9450000,/images/products/bếp_bếp-từ-đôi-âm-bluestone-icb-6949-5200w.jpg,Còn hàng
Bếp điện từ,Bếp,Bếp từ đôi âm Comfee CIH-52DIU 5200W,9990000,/images/products/bếp_bếp-từ-đôi-âm-comfee-cih-52diu-5200w.png,Còn hàng
Bếp điện từ,Bếp,Bếp từ đôi âm Kocher DI-616SE 4000W,8590000,/images/products/bếp_bếp-từ-đôi-âm-kocher-di-616se-4000w.jpg,Còn hàng
Bếp điện từ,Bếp,Bếp từ đôi âm Kocher DI-688SE 4000W,8590000,/images/products/bếp_bếp-từ-đôi-âm-kocher-di-688se-4000w.jpg,Còn hàng
Bếp điện từ,Bếp,Bếp từ đôi âm Chef's EH - DIH328 3600W,9620000,/images/products/bếp_bếp-từ-đôi-âm-chefs-eh-dih328-3600w.jpg,Còn hàng
Bếp điện từ,Bếp,Bếp từ hồng ngoại âm Hafele HC-H7321B 4400W,8990000,/images/products/bếp_bếp-từ-hồng-ngoại-âm-hafele-hc-h7321b-4400w.jpg,Còn hàng
Bếp điện từ,Bếp,Bếp từ đôi âm Hawonkoo CEH-288 5200W,8990000,/images/products/bếp_bếp-từ-đôi-âm-hawonkoo-ceh-288-5200w.png,Còn hàng
Bếp điện từ,Bếp,Bếp từ đôi âm Bosch PPI8256XVN 3500W,9740000,/images/products/bếp_bếp-từ-đôi-âm-bosch-ppi8256xvn-3500w.jpg,Còn hàng
Bếp điện từ,Bếp,Bếp từ đôi âm KAFF KF-073II 4000W,8900000,/images/products/bếp_bếp-từ-đôi-âm-kaff-kf-073ii-4000w.jpg,Còn hàng
Bếp điện từ,Bếp,Bếp từ hồng ngoại âm KAFF KF-FL105IC 4400W,8800000,/images/products/bếp_bếp-từ-hồng-ngoại-âm-kaff-kf-fl105ic-4400w.jpg,Còn hàng
Bếp điện từ,Bếp,Bếp từ đôi âm BlueStone ICB-6939 5200W,8790000,/images/products/bếp_bếp-từ-đôi-âm-bluestone-icb-6939-5200w.jpg,Còn hàng
Bếp điện từ,Bếp,Bếp từ đôi âm Pramie PRTH-2203 5200W,9290000,/images/products/bếp_bếp-từ-đôi-âm-pramie-prth-2203-5200w.png,Còn hàng
Bếp điện từ,Bếp,Bếp từ đôi âm Kocher DI-628SE 4000W,8590000,/images/products/bếp_bếp-từ-đôi-âm-kocher-di-628se-4000w.jpg,Còn hàng
Bếp điện từ,Bếp,Bếp từ đôi âm Comfee CIH-52DHP 5200W,8490000,/images/products/bếp_bếp-từ-đôi-âm-comfee-cih-52dhp-5200w.png,Còn hàng
Bếp điện từ,Bếp,Bếp từ đôi âm Hawonkoo CEH-286 5400W,8990000,/images/products/bếp_bếp-từ-đôi-âm-hawonkoo-ceh-286-5400w.png,Còn hàng
Bếp điện từ,Bếp,Bếp từ đôi âm Livotec LID-990M 4400W,11540000,/images/products/bếp_bếp-từ-đôi-âm-livotec-lid-990m-4400w.jpg,Còn hàng
Bếp điện từ,Bếp,Bếp từ hồng ngoại âm Kocher EI-221 4000W,8090000,/images/products/bếp_bếp-từ-hồng-ngoại-âm-kocher-ei-221-4000w.jpg,Còn hàng
Bếp điện từ,Bếp,Bếp từ hồng ngoại âm Pramie PRTH-A1 4400W,7990000,/images/products/bếp_bếp-từ-hồng-ngoại-âm-pramie-prth-a1-4400w.jpg,Còn hàng
Bếp điện từ,Bếp,Bếp từ hồng ngoại âm Sunhouse MMB82041-TMD 4400W,7990000,/images/products/bếp_bếp-từ-hồng-ngoại-âm-sunhouse-mmb82041-tmd-4400w.jpg,Còn hàng
Bếp điện từ,Bếp,Bếp từ đôi âm Hawonkoo CEH-266 5400W,7990000,/images/products/bếp_bếp-từ-đôi-âm-hawonkoo-ceh-266-5400w.png,Còn hàng
Bếp điện từ,Bếp,Bếp từ đôi âm BlueStone ICB-6833 4000W,8490000,/images/products/bếp_bếp-từ-đôi-âm-bluestone-icb-6833-4000w.jpg,Còn hàng
Bếp điện từ,Bếp,Bếp từ công nghiệp Kocher CI-3500C 3500W,7600000,/images/products/bếp_bếp-từ-công-nghiệp-kocher-ci-3500c-3500w.jpg,Còn hàng
Bếp điện từ,Bếp,Bếp từ đôi âm BlueStone ICB-6917 3400W,7990000,/images/products/bếp_bếp-từ-đôi-âm-bluestone-icb-6917-3400w.jpg,Còn hàng
Bếp điện từ,Bếp,Bếp từ hồng ngoại âm Hawonkoo CEH-262 4800W,7290000,/images/products/bếp_bếp-từ-hồng-ngoại-âm-hawonkoo-ceh-262-4800w.png,Còn hàng
Bếp điện từ,Bếp,Bếp từ đôi âm Kangaroo KGIC48D1T 4800W,7990000,/images/products/bếp_bếp-từ-đôi-âm-kangaroo-kgic48d1t-4800w.jpg,Còn hàng
Bếp điện từ,Bếp,Bếp từ hồng ngoại âm Electrolux EHM7254BF 4000W,6790000,/images/products/bếp_bếp-từ-hồng-ngoại-âm-electrolux-ehm7254bf-4000w.jpg,Còn hàng
Bếp điện từ,Bếp,Bếp từ hồng ngoại âm Malloca MH-7311IR 4200W,6740000,/images/products/bếp_bếp-từ-hồng-ngoại-âm-malloca-mh-7311ir-4200w.jpg,Còn hàng
Bếp điện từ,Bếp,Bếp từ hồng ngoại âm Chef's EH-MIX220 4400W,6950000,/images/products/bếp_bếp-từ-hồng-ngoại-âm-chefs-eh-mix220-4400w.jpg,Còn hàng
Bếp điện từ,Bếp,Bếp từ đôi âm Electrolux ​EHI7266BF 5000W,8150000,/images/products/bếp_bếp-từ-đôi-âm-electrolux-ehi7266bf-5000w.jpg,Còn hàng
Bếp điện từ,Bếp,Bếp từ đôi âm Electrolux EHI7252BF 5000W,6890000,/images/products/bếp_bếp-từ-đôi-âm-electrolux-ehi7252bf-5000w.jpg,Còn hàng
Bếp điện từ,Bếp,Bếp từ đôi âm Malloca MH-7320I 3800W,6740000,/images/products/bếp_bếp-từ-đôi-âm-malloca-mh-7320i-3800w.jpg,Còn hàng
Bếp điện từ,Bếp,Bếp từ đôi âm Panasonic KY-R72AELYUE 3500W,7990000,/images/products/bếp_bếp-từ-đôi-âm-panasonic-ky-r72aelyue-3500w.jpg,Còn hàng
Bếp điện từ,Bếp,Bếp từ đôi âm KAFF KF-330DI 3700W,6200000,/images/products/bếp_bếp-từ-đôi-âm-kaff-kf-330di-3700w.jpg,Còn hàng
Bếp điện từ,Bếp,Bếp từ công nghiệp Kocher CI-5000W 5000W,7800000,/images/products/bếp_bếp-từ-công-nghiệp-kocher-ci-5000w-5000w.jpg,Còn hàng
Bếp điện từ,Bếp,Bếp từ đôi âm Teka IBC 7320 D 4600W,5800000,/images/products/bếp_bếp-từ-đôi-âm-teka-ibc-7320-d-4600w.jpg,Còn hàng
Bếp điện từ,Bếp,Bếp từ đôi âm Midea MC-IH3520 3500W,5790000,/images/products/bếp_bếp-từ-đôi-âm-midea-mc-ih3520-3500w.jpg,Còn hàng
Bếp điện từ,Bếp,Bếp từ đôi âm Nagakawa NK2C30M 4000W,5190000,/images/products/bếp_bếp-từ-đôi-âm-nagakawa-nk2c30m-4000w.jpg,Còn hàng
Bếp điện từ,Bếp,Bếp từ hồng ngoại âm Comfee CMH-40DHP 4000W,6490000,/images/products/bếp_bếp-từ-hồng-ngoại-âm-comfee-cmh-40dhp-4000w.jpg,Còn hàng
Bếp điện từ,Bếp,Bếp từ công nghiệp Kocher CI-3500F 3500W,6750000,/images/products/bếp_bếp-từ-công-nghiệp-kocher-ci-3500f-3500w.jpg,Còn hàng
Bếp điện từ,Bếp,Bếp từ hồng ngoại âm Sunhouse SHB82071-VMD 4400W,5490000,/images/products/bếp_bếp-từ-hồng-ngoại-âm-sunhouse-shb82071-vmd-4400w.jpg,Còn hàng
Bếp điện từ,Bếp,Bếp từ hồng ngoại âm Torino TC-0323DL 3000W,5340000,/images/products/bếp_bếp-từ-hồng-ngoại-âm-torino-tc-0323dl-3000w.jpg,Còn hàng
Bếp điện từ,Bếp,Bếp từ đôi âm Sunhouse SHB82082-VMD 4400W,5300000,/images/products/bếp_bếp-từ-đôi-âm-sunhouse-shb82082-vmd-4400w.png,Còn hàng
Bếp điện từ,Bếp,Bếp từ hồng ngoại âm Nagakawa NK2F03M 4000W,5190000,/images/products/bếp_bếp-từ-hồng-ngoại-âm-nagakawa-nk2f03m-4000w.jpg,Còn hàng
Bếp điện từ,Bếp,Bếp từ đôi âm Torino TI0602C 3500W,5990000,/images/products/bếp_bếp-từ-đôi-âm-torino-ti0602c-3500w.jpg,Còn hàng
Bếp điện từ,Bếp,Bếp từ đôi âm Kangaroo KGIC50D1C 5000W,4990000,/images/products/bếp_bếp-từ-đôi-âm-kangaroo-kgic50d1c-5000w.jpg,Còn hàng
Bếp điện từ,Bếp,Bếp từ hồng ngoại âm Teka HIC 7320 D 4000W,4800000,/images/products/bếp_bếp-từ-hồng-ngoại-âm-teka-hic-7320-d-4000w.jpg,Còn hàng
Bếp điện từ,Bếp,Bếp từ đôi âm Kangaroo KGIC48D1C 4800W,6200000,/images/products/bếp_bếp-từ-đôi-âm-kangaroo-kgic48d1c-4800w.jpg,Còn hàng
Bếp điện từ,Bếp,Bếp từ hồng ngoại âm Kangaroo KGIF44D1C 4400W,4690000,/images/products/bếp_bếp-từ-hồng-ngoại-âm-kangaroo-kgif44d1c-4400w.jpg,Còn hàng
Bếp điện từ,Bếp,Bếp từ đôi âm Kangaroo KG438I 3500W,4590000,/images/products/bếp_bếp-từ-đôi-âm-kangaroo-kg438i-3500w.jpg,Còn hàng
Bếp điện từ,Bếp,Bếp từ đôi âm BlueStone ICB-6818 4000W,4890000,/images/products/bếp_bếp-từ-đôi-âm-bluestone-icb-6818-4000w.jpg,Còn hàng
Bếp điện từ,Bếp,Bếp từ hồng ngoại âm Sunhouse SHB81051-VMD 4000W,4590000,/images/products/bếp_bếp-từ-hồng-ngoại-âm-sunhouse-shb81051-vmd-4000w.jpg,Còn hàng
Bếp điện từ,Bếp,Bếp từ đôi âm Rapido RI-40SKD 4200W,4490000,/images/products/bếp_bếp-từ-đôi-âm-rapido-ri-40skd-4200w.jpg,Còn hàng
Bếp điện từ,Bếp,Bếp từ đôi âm Makano MKT-200006 4000W,4270000,/images/products/bếp_bếp-từ-đôi-âm-makano-mkt-200006-4000w.jpg,Còn hàng
Bếp điện từ,Bếp,Bếp từ hồng ngoại âm Rapido RC4200DS 4400W,3790000,/images/products/bếp_bếp-từ-hồng-ngoại-âm-rapido-rc4200ds-4400w.jpg,Còn hàng
Bếp điện từ,Bếp,Bếp từ đôi âm Kangaroo KGIC38D1C 3800W,4190000,/images/products/bếp_bếp-từ-đôi-âm-kangaroo-kgic38d1c-3800w.jpg,Còn hàng
Bếp điện từ,Bếp,Bếp từ đôi âm Kangaroo KG859i 4000W,3590000,/images/products/bếp_bếp-từ-đôi-âm-kangaroo-kg859i-4000w.jpg,Còn hàng
Bếp điện từ,Bếp,Bếp từ đôi âm Rapido RI-40SDD 4400W,3850000,/images/products/bếp_bếp-từ-đôi-âm-rapido-ri-40sdd-4400w.jpg,Còn hàng
Bếp điện từ,Bếp,Bếp từ đôi Lock&Lock EJI326WHT 2800W,2380000,/images/products/bếp_bếp-từ-đôi-locklock-eji326wht-2800w.jpg,Còn hàng
Bếp điện từ,Bếp,Bếp từ hồng ngoại âm Midea MC-IHD361 3200W,4590000,/images/products/bếp_bếp-từ-hồng-ngoại-âm-midea-mc-ihd361-3200w.jpg,Còn hàng
Bếp điện từ,Bếp,Bếp từ đơn Philips HD5850/90 2000W,2490000,/images/products/bếp_bếp-từ-đơn-philips-hd585090-2000w.jpg,Còn hàng
Bếp điện từ,Bếp,Bếp từ đơn Hawonkoo SEOUL-CEH-109-I 2100W,1190000,/images/products/bếp_bếp-từ-đơn-hawonkoo-seoul-ceh-109-i-2100w.jpg,Còn hàng
Bếp điện từ,Bếp,Bếp từ đơn Elmich ICE-8878AW 1800W,2309000,/images/products/bếp_bếp-từ-đơn-elmich-ice-8878aw-1800w.jpg,Còn hàng
Bếp điện từ,Bếp,Bếp từ đơn Electrolux ETD42SKA 2100W,2220000,/images/products/bếp_bếp-từ-đơn-electrolux-etd42ska-2100w.jpg,Còn hàng
Bếp điện từ,Bếp,Bếp từ đơn Electrolux ETD42SKR 2100W,2220000,/images/products/bếp_bếp-từ-đơn-electrolux-etd42skr-2100w.jpg,Còn hàng
Bếp điện từ,Bếp,Bếp từ đơn Elmich ICE-8903BE 1800W,2119000,/images/products/bếp_bếp-từ-đơn-elmich-ice-8903be-1800w.jpg,Còn hàng
Bếp điện từ,Bếp,Bếp từ đơn Philips HD5830/90 2000W,1790000,/images/products/bếp_bếp-từ-đơn-philips-hd583090-2000w.jpg,Còn hàng
Bếp điện từ,Bếp,Bếp từ đơn Toshiba IC-20S1PV 2000W,1990000,/images/products/bếp_bếp-từ-đơn-toshiba-ic-20s1pv-2000w.jpg,Còn hàng
Bếp điện từ,Bếp,Bếp từ hồng ngoại 3 vùng nấu âm Kangaroo KG446i 5800W,1990000,/images/products/bếp_bếp-từ-hồng-ngoại-3-vùng-nấu-âm-kangaroo-kg446i-5800w.jpg,Còn hàng
Bếp điện từ,Bếp,Bếp từ đơn Toshiba IC-20S4PV 2000W,1790000,/images/products/bếp_bếp-từ-đơn-toshiba-ic-20s4pv-2000w.jpg,Còn hàng
Bếp điện từ,Bếp,Bếp từ đơn Livotec LIS-646 2100W,1790000,/images/products/bếp_bếp-từ-đơn-livotec-lis-646-2100w.jpg,Còn hàng
Bếp điện từ,Bếp,Bếp từ đơn Pramie PRMY-1102 2000W,1690000,/images/products/bếp_bếp-từ-đơn-pramie-prmy-1102-2000w.jpg,Còn hàng
Bếp điện từ,Bếp,Bếp từ đơn BlueStone ICB-6731 2000W,1690000,/images/products/bếp_bếp-từ-đơn-bluestone-icb-6731-2000w.jpg,Còn hàng
Bếp điện từ,Bếp,Bếp từ đơn Kalite Power S8 2000W,1690000,/images/products/bếp_bếp-từ-đơn-kalite-power-s8-2000w.jpg,Còn hàng
Bếp điện từ,Bếp,Bếp từ đơn FUJIHOME IC1207P 1900W,920000,/images/products/bếp_bếp-từ-đơn-fujihome-ic1207p-1900w.jpg,Còn hàng
Bếp điện từ,Bếp,Bếp từ đơn Electrolux ETD29MKC 2000W,1660000,/images/products/bếp_bếp-từ-đơn-electrolux-etd29mkc-2000w.jpg,Còn hàng
Bếp điện từ,Bếp,Bếp từ đơn Lock&Lock EJI351BLK 2000W,1243000,/images/products/bếp_bếp-từ-đơn-locklock-eji351blk-2000w.jpg,Còn hàng
Bếp điện từ,Bếp,Bếp từ đơn Kalite Ultra H6 2000W,1590000,/images/products/bếp_bếp-từ-đơn-kalite-ultra-h6-2000w.jpg,Còn hàng
Bếp điện từ,Bếp,Bếp từ đơn Sunhouse SHD6886 2000W,1790000,/images/products/bếp_bếp-từ-đơn-sunhouse-shd6886-2000w.jpg,Còn hàng
Bếp điện từ,Bếp,Bếp từ đơn Livotec LIS-626 2200W,1590000,/images/products/bếp_bếp-từ-đơn-livotec-lis-626-2200w.jpg,Còn hàng
Bếp điện từ,Bếp,Bếp từ đơn Hafele HS-I281FG 2000W,1550000,/images/products/bếp_bếp-từ-đơn-hafele-hs-i281fg-2000w.jpg,Còn hàng
Bếp điện từ,Bếp,Bếp từ đơn Sunhouse SHD6867 2000W,1390000,/images/products/bếp_bếp-từ-đơn-sunhouse-shd6867-2000w.jpg,Còn hàng
Bếp điện từ,Bếp,Bếp từ đơn Pramie PRMY-1109 2000W,1490000,/images/products/bếp_bếp-từ-đơn-pramie-prmy-1109-2000w.jpg,Còn hàng
Bếp điện từ,Bếp,Bếp từ đơn Toshiba IC-20R2SV 2000W,1490000,/images/products/bếp_bếp-từ-đơn-toshiba-ic-20r2sv-2000w.jpg,Còn hàng
Bếp điện từ,Bếp,Bếp từ đơn Hawonkoo CEH-101-I-GR 2000W,1290000,/images/products/bếp_bếp-từ-đơn-hawonkoo-ceh-101-i-gr-2000w.jpg,Còn hàng
Bếp điện từ,Bếp,Bếp từ đơn BlueStone ICB-6729 2000W,1290000,/images/products/bếp_bếp-từ-đơn-bluestone-icb-6729-2000w.jpg,Còn hàng
Bếp điện từ,Bếp,Bếp từ đơn Sunhouse SHD6805 2000W,1190000,/images/products/bếp_bếp-từ-đơn-sunhouse-shd6805-2000w.jpg,Còn hàng
Bếp điện từ,Bếp,Bếp từ đơn Kangaroo KGIC22S2 2200W,1290000,/images/products/bếp_bếp-từ-đơn-kangaroo-kgic22s2-2200w.jpg,Còn hàng
Bếp điện từ,Bếp,Bếp từ đơn Kangaroo KG20IH10N 2100W,1290000,/images/products/bếp_bếp-từ-đơn-kangaroo-kg20ih10n-2100w.jpg,Còn hàng
Bếp điện từ,Bếp,Bếp từ đơn Livotec LIS-560 2000W,1390000,/images/products/bếp_bếp-từ-đơn-livotec-lis-560-2000w.jpg,Còn hàng
Bếp điện từ,Bếp,Bếp từ đơn Sunhouse SHD6803 2000W,1190000,/images/products/bếp_bếp-từ-đơn-sunhouse-shd6803-2000w.jpg,Còn hàng
Bếp điện từ,Bếp,Bếp từ đơn Sunhouse SHD6806A 2000W,1290000,/images/products/bếp_bếp-từ-đơn-sunhouse-shd6806a-2000w.jpg,Còn hàng
Bếp điện từ,Bếp,Bếp từ đơn Elmich ICE-3879AB 2100W,1180000,/images/products/bếp_bếp-từ-đơn-elmich-ice-3879ab-2100w.jpg,Còn hàng
Bếp điện từ,Bếp,Bếp từ đơn Comfee CI-BD2020B 2000W,890000,/images/products/bếp_bếp-từ-đơn-comfee-ci-bd2020b-2000w.jpg,Còn hàng
Bếp điện từ,Bếp,Bếp từ đơn Joyoung JIC-219 2200W,1190000,/images/products/bếp_bếp-từ-đơn-joyoung-jic-219-2200w.jpg,Còn hàng
Bếp điện từ,Bếp,Bếp từ đơn Hawonkoo SEOUL-CEH-106-INVERTER-GR 2100W,1190000,/images/products/bếp_bếp-từ-đơn-hawonkoo-seoul-ceh-106-inverter-gr-2100w.jpg,Còn hàng
Bếp điện từ,Bếp,Bếp từ đơn Hawonkoo SEOUL-CEH-106-INVERTER-CF 2100W,1190000,/images/products/bếp_bếp-từ-đơn-hawonkoo-seoul-ceh-106-inverter-cf-2100w.jpg,Còn hàng
Bếp điện từ,Bếp,Bếp từ đơn Hawonkoo SEOUL-CEH-114 2000W,1090000,/images/products/bếp_bếp-từ-đơn-hawonkoo-seoul-ceh-114-2000w.jpg,Còn hàng
Bếp điện từ,Bếp,Bếp từ đơn Sunhouse SHD6159 1800W,690000,/images/products/bếp_bếp-từ-đơn-sunhouse-shd6159-1800w.jpg,Còn hàng
Bếp điện từ,Bếp,Bếp từ đơn AQUA AQS-ICT2201R(C)-VN 2200W,990000,/images/products/bếp_bếp-từ-đơn-aqua-aqs-ict2201rc-vn-2200w.jpg,Còn hàng
Bếp điện từ,Bếp,Bếp từ đơn FUJIHOME IC1901W 1900W,990000,/images/products/bếp_bếp-từ-đơn-fujihome-ic1901w-1900w.jpg,Còn hàng
Bếp điện từ,Bếp,Bếp từ đơn Hawonkoo CEH-101-I-CF 2000W,990000,/images/products/bếp_bếp-từ-đơn-hawonkoo-ceh-101-i-cf-2000w.jpg,Còn hàng
Bếp điện từ,Bếp,Bếp từ đơn Sunhouse SHD6804 2000W,1090000,/images/products/bếp_bếp-từ-đơn-sunhouse-shd6804-2000w.jpg,Còn hàng
Bếp điện từ,Bếp,Bếp từ đơn BlueStone ICB-6618 2000W,970000,/images/products/bếp_bếp-từ-đơn-bluestone-icb-6618-2000w.jpg,Còn hàng
Bếp điện từ,Bếp,Bếp từ đơn Sunhouse SHD6154 2000W,890000,/images/products/bếp_bếp-từ-đơn-sunhouse-shd6154-2000w.jpg,Còn hàng
Bếp điện từ,Bếp,Bếp từ đơn AVA MD-DC01 2100W,590000,/images/products/bếp_bếp-từ-đơn-ava-md-dc01-2100w.jpg,Còn hàng
Bếp điện từ,Bếp,Bếp từ đơn FUJIHOME IC-H02 2200W,690000,/images/products/bếp_bếp-từ-đơn-fujihome-ic-h02-2200w.jpg,Còn hàng
Bếp điện từ,Bếp,Bếp từ đơn Magic A-54 1500W,649000,/images/products/bếp_bếp-từ-đơn-magic-a-54-1500w.jpg,Còn hàng
Máy hút bụi,Máy,Máy hút bụi cầm tay Deerma DX120C,700000,/images/products/máy_máy-hút-bụi-cầm-tay-deerma-dx120c.jpg,Còn hàng
Máy hút bụi,Máy,Máy hút bụi cầm tay Deerma DX118C Pro,660000,/images/products/máy_máy-hút-bụi-cầm-tay-deerma-dx118c-pro.jpg,Còn hàng
Máy hút bụi,Máy,Máy hút bụi cầm tay Deerma DX700S,890000,/images/products/máy_máy-hút-bụi-cầm-tay-deerma-dx700s.jpg,Còn hàng
Máy hút bụi,Máy,Máy hút bụi dạng hộp Hitachi CV-SF20V 24CV (BRE),2750000,/images/products/máy_máy-hút-bụi-dạng-hộp-hitachi-cv-sf20v-24cv-bre.jpg,Còn hàng
Máy hút bụi,Máy,Máy hút bụi cầm tay Midea MVC-SC861B,550000,/images/products/máy_máy-hút-bụi-cầm-tay-midea-mvc-sc861b.jpg,Còn hàng
Máy hút bụi,Máy,Máy hút bụi cầm tay Magic A-060,550000,/images/products/máy_máy-hút-bụi-cầm-tay-magic-a-060.jpg,Còn hàng
Máy hút bụi,Máy,Máy hút bụi đệm giường Deerma CM800,960000,/images/products/máy_máy-hút-bụi-đệm-giường-deerma-cm800.jpg,Còn hàng
Máy hút bụi,Máy,Máy hút bụi cầm tay RAF R.8672,850000,/images/products/máy_máy-hút-bụi-cầm-tay-raf-r8672.jpg,Còn hàng
Máy hút bụi,Máy,Máy hút bụi cầm tay Deerma DX115C,630000,/images/products/máy_máy-hút-bụi-cầm-tay-deerma-dx115c.jpg,Còn hàng
Máy hút bụi,Máy,Máy hút bụi dạng hộp Samsung VC18M21M0VN/SV-N,1920000,/images/products/máy_máy-hút-bụi-dạng-hộp-samsung-vc18m21m0vnsv-n.jpg,Còn hàng
Máy hút bụi,Máy,Máy hút bụi cầm tay Xiaomi P30 EU,1990000,/images/products/máy_máy-hút-bụi-cầm-tay-xiaomi-p30-eu.jpg,Còn hàng
Máy hút bụi,Máy,Máy hút bụi không dây Xiaomi G20 Lite BHR8195EU,2490000,/images/products/máy_máy-hút-bụi-không-dây-xiaomi-g20-lite-bhr8195eu.jpg,Còn hàng
Máy hút bụi,Máy,Máy hút bụi đệm giường Dreame D20 Pro,2290000,/images/products/máy_máy-hút-bụi-đệm-giường-dreame-d20-pro.jpg,Còn hàng
Máy hút bụi,Máy,Máy hút bụi đệm giường Deerma EX919,890000,/images/products/máy_máy-hút-bụi-đệm-giường-deerma-ex919.jpg,Còn hàng
Máy hút bụi,Máy,Máy hút bụi cầm tay Roborock F25,6900000,/images/products/máy_máy-hút-bụi-cầm-tay-roborock-f25.jpg,Còn hàng
Máy hút bụi,Máy,Máy hút bụi công nghiệp Hitachi CV-995HCA,6390000,/images/products/máy_máy-hút-bụi-công-nghiệp-hitachi-cv-995hca.jpg,Còn hàng
Máy hút bụi,Máy,Máy hút bụi cầm tay RAF R.8763,650000,/images/products/máy_máy-hút-bụi-cầm-tay-raf-r8763.jpg,Còn hàng
Máy hút bụi,Máy,Máy hút bụi dạng hộp Bosch BGC05AAA2,2570000,/images/products/máy_máy-hút-bụi-dạng-hộp-bosch-bgc05aaa2.jpg,Còn hàng
Máy hút bụi,Máy,Máy hút bụi lau nhà Tineco S7 Stretch Steam,11760000,/images/products/máy_máy-hút-bụi-lau-nhà-tineco-s7-stretch-steam.jpg,Còn hàng
Máy hút bụi,Máy,Máy hút bụi lau nhà Roborock F25 Ultra,12830000,/images/products/máy_máy-hút-bụi-lau-nhà-roborock-f25-ultra.jpg,Còn hàng
Máy hút bụi,Máy,Máy hút bụi cầm tay RAF R.8673 - Xanh,590000,/images/products/máy_máy-hút-bụi-cầm-tay-raf-r8673-xanh.jpg,Còn hàng
Máy hút bụi,Máy,Máy hút bụi không dây Dreame R10,4990000,/images/products/máy_máy-hút-bụi-không-dây-dreame-r10.jpg,Còn hàng
Máy hút bụi,Máy,Máy hút bụi cầm tay RAF R.8673 - Trắng,590000,/images/products/máy_máy-hút-bụi-cầm-tay-raf-r8673-trắng.jpg,Còn hàng
Máy hút bụi,Máy,Máy hút bụi không dây Bosch BBS611MAT,7730000,/images/products/máy_máy-hút-bụi-không-dây-bosch-bbs611mat.jpg,Còn hàng
Máy hút bụi,Máy,Máy hút bụi đệm giường Deerma CM1300,1440000,/images/products/máy_máy-hút-bụi-đệm-giường-deerma-cm1300.jpg,Còn hàng
Máy hút bụi,Máy,Máy hút bụi dạng hộp Bosch BGS21WHYG,4590000,/images/products/máy_máy-hút-bụi-dạng-hộp-bosch-bgs21whyg.jpg,Còn hàng
Máy hút bụi,Máy,Máy hút bụi cầm tay YIYUAN,590000,/images/products/máy_máy-hút-bụi-cầm-tay-yiyuan.jpg,Còn hàng
Máy hút bụi,Máy,Máy hút bụi dạng hộp Panasonic MC-CL305BN46,2800000,/images/products/máy_máy-hút-bụi-dạng-hộp-panasonic-mc-cl305bn46.jpg,Còn hàng
Máy hút bụi,Máy,Máy hút bụi cầm tay Midea MS861APBK,660000,/images/products/máy_máy-hút-bụi-cầm-tay-midea-ms861apbk.jpg,Còn hàng
Máy hút bụi,Máy,Máy hút bụi cầm tay Comfee CVC-SBLA1(B),640000,/images/products/máy_máy-hút-bụi-cầm-tay-comfee-cvc-sbla1b.jpg,Còn hàng
Máy hút bụi,Máy,Máy hút bụi cầm tay Deerma DXAD11A,1020000,/images/products/máy_máy-hút-bụi-cầm-tay-deerma-dxad11a.jpg,Còn hàng
Máy hút bụi,Máy,Máy hút bụi dạng hộp Samsung VCC8835V37/XSV,2510000,/images/products/máy_máy-hút-bụi-dạng-hộp-samsung-vcc8835v37xsv.jpg,Còn hàng
Máy hút bụi,Máy,Máy hút bụi cầm tay Deerma DXAD11A,950000,/images/products/máy_máy-hút-bụi-cầm-tay-deerma-dxad11a.jpg,Còn hàng
Máy hút bụi,Máy,Máy hút bụi đệm giường Bear VC-4H04A,1110000,/images/products/máy_máy-hút-bụi-đệm-giường-bear-vc-4h04a.jpg,Còn hàng
Máy hút bụi,Máy,Máy hút bụi cầm tay Rapido RVC-600HG,650000,/images/products/máy_máy-hút-bụi-cầm-tay-rapido-rvc-600hg.jpg,Còn hàng
Máy hút bụi,Máy,Máy hút bụi dạng hộp Samsung VCC8836V36/XSV,2620000,/images/products/máy_máy-hút-bụi-dạng-hộp-samsung-vcc8836v36xsv.jpg,Còn hàng
Máy hút bụi,Máy,Máy hút bụi dạng hộp Electrolux Z1231,1870000,/images/products/máy_máy-hút-bụi-dạng-hộp-electrolux-z1231.jpg,Còn hàng
Máy hút bụi,Máy,Máy hút bụi lau nhà Tineco S6 Stretch Max,7990000,/images/products/máy_máy-hút-bụi-lau-nhà-tineco-s6-stretch-max.jpg,Còn hàng
Máy hút bụi,Máy,Máy hút bụi không dây Magic A-061,940000,/images/products/máy_máy-hút-bụi-không-dây-magic-a-061.jpg,Còn hàng
Máy hút bụi,Máy,Máy hút bụi lau nhà Roborock F25 Gen 2,6990000,/images/products/máy_máy-hút-bụi-lau-nhà-roborock-f25-gen-2.jpg,Còn hàng
Máy hút bụi,Máy,Máy hút bụi lau nhà Dreame H13 FlexReach,7990000,/images/products/máy_máy-hút-bụi-lau-nhà-dreame-h13-flexreach.jpg,Còn hàng
Máy hút bụi,Máy,Máy hút bụi dạng hộp Philips FC9350,1790000,/images/products/máy_máy-hút-bụi-dạng-hộp-philips-fc9350.jpg,Còn hàng
Máy hút bụi,Máy,Máy hút bụi đệm giường Magic A-079,890000,/images/products/máy_máy-hút-bụi-đệm-giường-magic-a-079.jpg,Còn hàng
Máy hút bụi,Máy,Máy hút bụi cầm tay LG A9-ACE,4290000,/images/products/máy_máy-hút-bụi-cầm-tay-lg-a9-ace.jpg,Còn hàng
Máy hút bụi,Máy,Máy hút bụi lau nhà Tineco S6 Stretch Extreme,6990000,/images/products/máy_máy-hút-bụi-lau-nhà-tineco-s6-stretch-extreme.jpg,Còn hàng
Máy hút bụi,Máy,Máy hút bụi công nghiệp Hitachi CV-940Y 24CV WR,2790000,/images/products/máy_máy-hút-bụi-công-nghiệp-hitachi-cv-940y-24cv-wr.jpg,Còn hàng
Máy hút bụi,Máy,Máy hút bụi không dây Samsung VS15A6031R1/SV,3331000,/images/products/máy_máy-hút-bụi-không-dây-samsung-vs15a6031r1sv.jpg,Còn hàng
Máy hút bụi,Máy,Máy hút bụi dạng hộp Hitachi CV-BF16 GN,1690000,/images/products/máy_máy-hút-bụi-dạng-hộp-hitachi-cv-bf16-gn.jpg,Còn hàng
Máy hút bụi,Máy,Máy hút bụi dạng hộp Panasonic MC-CG371AN46,2050000,/images/products/máy_máy-hút-bụi-dạng-hộp-panasonic-mc-cg371an46.jpg,Còn hàng
Máy hút bụi,Máy,Máy hút bụi dạng hộp Philips XB2023/01,2450000,/images/products/máy_máy-hút-bụi-dạng-hộp-philips-xb202301.jpg,Còn hàng
Máy hút bụi,Máy,Máy hút bụi không dây Hitachi PV-X80M,2560000,/images/products/máy_máy-hút-bụi-không-dây-hitachi-pv-x80m.jpg,Còn hàng
Máy hút bụi,Máy,Máy hút bụi không dây Philips XC2011/01,4850000,/images/products/máy_máy-hút-bụi-không-dây-philips-xc201101.jpg,Còn hàng
Máy hút bụi,Máy,Máy hút bụi dạng hộp LG VK7317GHTPS,1990000,/images/products/máy_máy-hút-bụi-dạng-hộp-lg-vk7317ghtps.jpg,Còn hàng
Máy hút bụi,Máy,Máy hút bụi dạng hộp Electrolux EC31-2BB,1890000,/images/products/máy_máy-hút-bụi-dạng-hộp-electrolux-ec31-2bb.jpg,Còn hàng
Máy hút bụi,Máy,Máy hút bụi dạng hộp Panasonic MC-CL605KN49,3600000,/images/products/máy_máy-hút-bụi-dạng-hộp-panasonic-mc-cl605kn49.jpg,Còn hàng
Máy hút bụi,Máy,Máy hút bụi dạng hộp Electrolux EC41-2DB,2590000,/images/products/máy_máy-hút-bụi-dạng-hộp-electrolux-ec41-2db.jpg,Còn hàng
Máy hút bụi,Máy,Máy hút bụi lau nhà Dreame H15 Pro Heat,13990000,/images/products/máy_máy-hút-bụi-lau-nhà-dreame-h15-pro-heat.jpg,Còn hàng
Máy hút bụi,Máy,Máy hút bụi lau nhà Dreame H15 Pro Foamwash,11760000,/images/products/máy_máy-hút-bụi-lau-nhà-dreame-h15-pro-foamwash.jpg,Còn hàng
Máy hút bụi,Máy,Máy hút bụi cầm tay Gaabor CW-18M02A,589000,/images/products/máy_máy-hút-bụi-cầm-tay-gaabor-cw-18m02a.jpg,Còn hàng
Máy hút bụi,Máy,Máy hút bụi dạng hộp Electrolux EFC52614,3120000,/images/products/máy_máy-hút-bụi-dạng-hộp-electrolux-efc52614.jpg,Còn hàng
Máy hút bụi,Máy,Máy hút bụi công nghiệp Hitachi CV-970Y 24CV TG,4690000,/images/products/máy_máy-hút-bụi-công-nghiệp-hitachi-cv-970y-24cv-tg.jpg,Còn hàng
Máy hút bụi,Máy,Máy hút bụi đệm giường Aqua AQS-CMP105R(W)-VN,1490000,/images/products/máy_máy-hút-bụi-đệm-giường-aqua-aqs-cmp105rw-vn.png,Còn hàng
Máy hút bụi,Máy,Máy hút bụi cầm tay Deerma VCAD11A,2540000,/images/products/máy_máy-hút-bụi-cầm-tay-deerma-vcad11a.jpg,Còn hàng
Máy hút bụi,Máy,Máy hút bụi không dây Philips XC3131/01,5900000,/images/products/máy_máy-hút-bụi-không-dây-philips-xc313101.jpg,Còn hàng
Máy hút bụi,Máy,Máy hút bụi lau nhà Dreame H15 Pro,10690000,/images/products/máy_máy-hút-bụi-lau-nhà-dreame-h15-pro.jpg,Còn hàng
Máy hút bụi,Máy,Máy hút bụi lau nhà Midea MAT02APWH,4540000,/images/products/máy_máy-hút-bụi-lau-nhà-midea-mat02apwh.jpg,Còn hàng
Máy hút bụi,Máy,Máy hút bụi dạng hộp Panasonic MC-CL603GN49,2790000,/images/products/máy_máy-hút-bụi-dạng-hộp-panasonic-mc-cl603gn49.jpg,Còn hàng
Máy hút bụi,Máy,Máy hút bụi đệm giường Lock&Lock ENV818IVY,2076000,/images/products/máy_máy-hút-bụi-đệm-giường-locklock-env818ivy.jpg,Còn hàng
Máy hút bụi,Máy,Máy hút bụi không dây Samsung VS80F28DBP/SV,21590000,/images/products/máy_máy-hút-bụi-không-dây-samsung-vs80f28dbpsv.jpg,Còn hàng
Máy hút bụi,Máy,Máy hút bụi dạng hộp Electrolux EFC52512,2840000,/images/products/máy_máy-hút-bụi-dạng-hộp-electrolux-efc52512.jpg,Còn hàng
Máy hút bụi,Máy,Máy hút bụi lau nhà Dreame H16 Steam,12830000,/images/products/máy_máy-hút-bụi-lau-nhà-dreame-h16-steam.jpg,Còn hàng
Máy hút bụi,Máy,Máy hút bụi dạng hộp Panasonic MC-CL601AN49,2390000,/images/products/máy_máy-hút-bụi-dạng-hộp-panasonic-mc-cl601an49.jpg,Còn hàng
Máy hút bụi,Máy,Máy hút bụi dạng hộp Philips XB1012/10,1519000,/images/products/máy_máy-hút-bụi-dạng-hộp-philips-xb101210.jpg,Còn hàng
Máy hút bụi,Máy,Máy hút bụi dạng hộp Hitachi CV-SF16A,2130000,/images/products/máy_máy-hút-bụi-dạng-hộp-hitachi-cv-sf16a.jpg,Còn hàng
Máy hút bụi,Máy,Máy hút bụi lau nhà Xiaomi Truclean W20,5990000,/images/products/máy_máy-hút-bụi-lau-nhà-xiaomi-truclean-w20.jpg,Còn hàng
Máy hút bụi,Máy,Máy hút bụi không dây Hitachi PV-X70P,2690000,/images/products/máy_máy-hút-bụi-không-dây-hitachi-pv-x70p.jpg,Còn hàng
Máy hút bụi,Máy,Máy hút bụi dạng hộp Electrolux EC41-6CR,3390000,/images/products/máy_máy-hút-bụi-dạng-hộp-electrolux-ec41-6cr.jpg,Còn hàng
Máy hút bụi,Máy,Máy hút bụi không dây Electrolux EFP31212,3430000,/images/products/máy_máy-hút-bụi-không-dây-electrolux-efp31212.jpg,Còn hàng
Máy hút bụi,Máy,Máy hút bụi dạng hộp Philips FC9570/01,4100000,/images/products/máy_máy-hút-bụi-dạng-hộp-philips-fc957001.jpg,Còn hàng
Máy hút bụi,Máy,Máy hút bụi cầm tay Roborock F25 Ace,8990000,/images/products/máy_máy-hút-bụi-cầm-tay-roborock-f25-ace.jpg,Còn hàng
Máy hút bụi,Máy,Máy hút bụi dạng hộp LG VK7317GHTPB,1990000,/images/products/máy_máy-hút-bụi-dạng-hộp-lg-vk7317ghtpb.jpg,Còn hàng
Máy hút bụi,Máy,Máy hút bụi không dây Samsung VS70H18GZG/SV,10690000,/images/products/máy_máy-hút-bụi-không-dây-samsung-vs70h18gzgsv.jpg,Còn hàng
Máy hút bụi,Máy,Máy hút bụi lau nhà Tineco S9 Artist Steam Pro,14990000,/images/products/máy_máy-hút-bụi-lau-nhà-tineco-s9-artist-steam-pro.jpg,Còn hàng
Máy hút bụi,Máy,Máy hút bụi lau nhà Roborock F25 ACE Combo,12800000,/images/products/máy_máy-hút-bụi-lau-nhà-roborock-f25-ace-combo.jpg,Còn hàng
Máy hút bụi,Máy,Máy hút bụi cầm tay Shimono SVC1022 SVC1019C,3360000,/images/products/máy_máy-hút-bụi-cầm-tay-shimono-svc1022-svc1019c.jpg,Còn hàng
Máy hút bụi,Máy,Máy hút bụi công nghiệp Panasonic MC-YL635TN46,4190000,/images/products/máy_máy-hút-bụi-công-nghiệp-panasonic-mc-yl635tn46.png,Còn hàng
Máy hút bụi,Máy,Máy hút bụi dạng hộp Electrolux EFC71611,3660000,/images/products/máy_máy-hút-bụi-dạng-hộp-electrolux-efc71611.jpg,Còn hàng
Máy hút bụi,Máy,Máy hút bụi dạng hộp Hitachi CV-SH18E BL,2240000,/images/products/máy_máy-hút-bụi-dạng-hộp-hitachi-cv-sh18e-bl.jpg,Còn hàng
Máy hút bụi,Máy,Máy hút bụi không dây Hitachi PV-XL1K WH,4698000,/images/products/máy_máy-hút-bụi-không-dây-hitachi-pv-xl1k-wh.jpg,Còn hàng
Máy hút bụi,Máy,Máy hút bụi không dây Dreame R10 Pro,6990000,/images/products/máy_máy-hút-bụi-không-dây-dreame-r10-pro.jpg,Còn hàng
Máy hút bụi,Máy,Máy hút bụi cầm tay Rapido RVC-600HD,670000,/images/products/máy_máy-hút-bụi-cầm-tay-rapido-rvc-600hd.jpg,Còn hàng
Máy hút bụi,Máy,Máy hút bụi dạng hộp LG VK7317GHTPR,1990000,/images/products/máy_máy-hút-bụi-dạng-hộp-lg-vk7317ghtpr.jpg,Còn hàng
Máy hút bụi,Máy,Máy hút bụi cầm tay FUJIHOME,590000,/images/products/máy_máy-hút-bụi-cầm-tay-fujihome.jpg,Còn hàng
Máy hút bụi,Máy,Máy hút bụi cầm tay FUJIHOME VC06,590000,/images/products/máy_máy-hút-bụi-cầm-tay-fujihome-vc06.jpg,Còn hàng
Máy hút bụi,Máy,Máy hút bụi lau nhà Xiaomi W30 Pro,9490000,/images/products/máy_máy-hút-bụi-lau-nhà-xiaomi-w30-pro.jpg,Còn hàng
Máy hút bụi,Máy,Máy hút bụi lau nhà Roborock F25 RT Gen 2,5490000,/images/products/máy_máy-hút-bụi-lau-nhà-roborock-f25-rt-gen-2.jpg,Còn hàng
Máy hút bụi,Máy,Máy hút bụi không dây Midea MSL10APWH,3450000,/images/products/máy_máy-hút-bụi-không-dây-midea-msl10apwh.jpg,Còn hàng
Máy hút bụi,Máy,Máy hút bụi công nghiệp Panasonic MC-YL631RN46,2890000,/images/products/máy_máy-hút-bụi-công-nghiệp-panasonic-mc-yl631rn46.jpg,Còn hàng
Máy hút bụi,Máy,Máy hút bụi dạng hộp Electrolux ZSP4303AF,3340000,/images/products/máy_máy-hút-bụi-dạng-hộp-electrolux-zsp4303af.jpg,Còn hàng
Máy hút bụi,Máy,Máy hút bụi công nghiệp Panasonic MC-YL637SN49,4390000,/images/products/máy_máy-hút-bụi-công-nghiệp-panasonic-mc-yl637sn49.jpg,Còn hàng
Máy hút bụi,Máy,Máy hút bụi cầm tay Deerma DX700,850000,/images/products/máy_máy-hút-bụi-cầm-tay-deerma-dx700.jpg,Còn hàng
Máy hút bụi,Máy,Máy hút bụi không dây Panasonic MC-SBV01W246,5554000,/images/products/máy_máy-hút-bụi-không-dây-panasonic-mc-sbv01w246.jpg,Còn hàng
Máy hút bụi,Máy,Máy hút bụi lau nhà Dreame H12 Pro,7990000,/images/products/máy_máy-hút-bụi-lau-nhà-dreame-h12-pro.jpg,Còn hàng
Máy hút bụi,Máy,Máy hút bụi không dây Electrolux EFP31315,4490000,/images/products/máy_máy-hút-bụi-không-dây-electrolux-efp31315.jpg,Còn hàng
Máy hút bụi,Máy,Máy hút bụi lau nhà Dreame H12 Dual,10990000,/images/products/máy_máy-hút-bụi-lau-nhà-dreame-h12-dual.jpg,Còn hàng
Máy hút bụi,Máy,Máy hút bụi lau nhà Dreame H14,10990000,/images/products/máy_máy-hút-bụi-lau-nhà-dreame-h14.jpg,Còn hàng
Máy hút bụi,Máy,Máy hút bụi công nghiệp Hitachi CV-975PW,5690000,/images/products/máy_máy-hút-bụi-công-nghiệp-hitachi-cv-975pw.jpg,Còn hàng
Máy hút bụi,Máy,Máy hút bụi không dây Sharp EC-SG94V-B,7390000,/images/products/máy_máy-hút-bụi-không-dây-sharp-ec-sg94v-b.jpg,Còn hàng
Máy hút bụi,Máy,Máy hút bụi không dây Sharp EC-SR10-B,14390000,/images/products/máy_máy-hút-bụi-không-dây-sharp-ec-sr10-b.jpg,Còn hàng
Máy hút bụi,Máy,Máy hút bụi không dây Sharp EC-SV28V-B,9390000,/images/products/máy_máy-hút-bụi-không-dây-sharp-ec-sv28v-b.jpg,Còn hàng
Máy hút bụi,Máy,Máy hút bụi cầm tay Roborock H60 Hub Pro,7590000,/images/products/máy_máy-hút-bụi-cầm-tay-roborock-h60-hub-pro.jpg,Còn hàng
Máy hút bụi,Máy,Máy hút bụi không dây Lock&Lock ENV356GRY,6752000,/images/products/máy_máy-hút-bụi-không-dây-locklock-env356gry.jpg,Còn hàng
Máy hút bụi,Máy,Máy hút bụi đệm giường Unie UMV62,990000,/images/products/máy_máy-hút-bụi-đệm-giường-unie-umv62.jpg,Còn hàng
Máy hút bụi,Máy,Máy hút bụi không dây Philips XC3031/01,5890000,/images/products/máy_máy-hút-bụi-không-dây-philips-xc303101.jpg,Còn hàng
Máy hút bụi,Máy,Máy hút bụi không dây Bosch BCS712XXL,11090000,/images/products/máy_máy-hút-bụi-không-dây-bosch-bcs712xxl.jpg,Còn hàng
Máy hút bụi,Máy,Máy hút bụi không dây Bosch BCS711PET,9490000,/images/products/máy_máy-hút-bụi-không-dây-bosch-bcs711pet.jpg,Còn hàng
Máy hút bụi,Máy,Máy hút bụi không dây Bosch BBS711W,8690000,/images/products/máy_máy-hút-bụi-không-dây-bosch-bbs711w.jpg,Còn hàng
Máy hút bụi,Máy,Máy hút bụi lau nhà Bosch BCS71HYG3,12690000,/images/products/máy_máy-hút-bụi-lau-nhà-bosch-bcs71hyg3.jpg,Còn hàng
Máy hút bụi,Máy,Máy hút bụi không dây Bosch BCS61113,7390000,/images/products/máy_máy-hút-bụi-không-dây-bosch-bcs61113.jpg,Còn hàng
Máy hút bụi,Máy,Máy hút bụi dạng hộp Bosch BWD421PRO,10290000,/images/products/máy_máy-hút-bụi-dạng-hộp-bosch-bwd421pro.jpg,Còn hàng
Máy hút bụi,Máy,Máy hút bụi cầm tay Kalite H8 Pro,5090000,/images/products/máy_máy-hút-bụi-cầm-tay-kalite-h8-pro.jpg,Còn hàng
Máy hút bụi,Máy,Máy hút bụi đệm giường Gaabor CW-10E01A,599000,/images/products/máy_máy-hút-bụi-đệm-giường-gaabor-cw-10e01a.jpg,Còn hàng
Máy hút bụi,Máy,Máy hút bụi dạng hộp Midea MC18CAPBU,2490000,/images/products/máy_máy-hút-bụi-dạng-hộp-midea-mc18capbu.jpg,Còn hàng
Máy hút bụi,Máy,Máy hút bụi không dây Roborock H60 Ultra,4900000,/images/products/máy_máy-hút-bụi-không-dây-roborock-h60-ultra.jpg,Còn hàng
Máy hút bụi,Máy,Máy hút bụi dạng hộp Philips FC9351,2990000,/images/products/máy_máy-hút-bụi-dạng-hộp-philips-fc9351.jpg,Còn hàng
Máy hút bụi,Máy,Máy hút bụi lau nhà Roborock,9990000,/images/products/máy_máy-hút-bụi-lau-nhà-roborock.jpg,Còn hàng
Máy hút bụi,Máy,Máy hút bụi cầm tay FUJIHOME,790000,/images/products/máy_máy-hút-bụi-cầm-tay-fujihome.jpg,Còn hàng
Máy hút bụi,Máy,Máy hút bụi cầm tay FUJIHOME,990000,/images/products/máy_máy-hút-bụi-cầm-tay-fujihome.jpg,Còn hàng
Máy hút bụi,Máy,Máy hút bụi cầm tay FUJIHOME,1290000,/images/products/máy_máy-hút-bụi-cầm-tay-fujihome.jpg,Còn hàng
Máy hút bụi,Máy,Máy hút bụi cầm tay FUJIHOME,1390000,/images/products/máy_máy-hút-bụi-cầm-tay-fujihome.jpg,Còn hàng
Máy hút bụi,Máy,Máy hút bụi cầm tay FUJIHOME,1390000,/images/products/máy_máy-hút-bụi-cầm-tay-fujihome.jpg,Còn hàng
Máy hút bụi,Máy,Máy hút bụi cầm tay FUJIHOME,1690000,/images/products/máy_máy-hút-bụi-cầm-tay-fujihome.jpg,Còn hàng
Máy hút bụi,Máy,Máy hút bụi công nghiệp FUJIHOME,3950000,/images/products/máy_máy-hút-bụi-công-nghiệp-fujihome.jpg,Còn hàng
Máy hút bụi,Máy,Máy hút bụi công nghiệp FUJIHOME,4750000,/images/products/máy_máy-hút-bụi-công-nghiệp-fujihome.jpg,Còn hàng
Máy hút bụi,Máy,Máy hút bụi công nghiệp FUJIHOME,5250000,/images/products/máy_máy-hút-bụi-công-nghiệp-fujihome.jpg,Còn hàng
Máy hút bụi,Máy,Máy hút bụi không dây Bosch BCS1051POW,14320000,/images/products/máy_máy-hút-bụi-không-dây-bosch-bcs1051pow.png,Còn hàng
Máy hút bụi,Máy,Máy hút bụi không dây Bosch BCS931BQC,12720000,/images/products/máy_máy-hút-bụi-không-dây-bosch-bcs931bqc.png,Còn hàng
Máy hút bụi,Máy,Máy hút bụi dạng hộp Bosch BGS41POW1,6950000,/images/products/máy_máy-hút-bụi-dạng-hộp-bosch-bgs41pow1.png,Còn hàng
Máy hút bụi,Máy,Máy hút bụi lau nhà Dreame H16 ProTriForce,19900000,/images/products/máy_máy-hút-bụi-lau-nhà-dreame-h16-protriforce.png,Còn hàng
Máy hút bụi,Máy,Máy hút bụi lau nhà Tineco Floor One i6 Stretch Plus II,6410000,/images/products/máy_máy-hút-bụi-lau-nhà-tineco-floor-one-i6-stretch-plus-ii.png,Còn hàng
Máy hút bụi,Máy,Máy hút bụi đệm giường Aqua ASM-Y201(W),1290000,/images/products/máy_máy-hút-bụi-đệm-giường-aqua-asm-y201w.png,Còn hàng
Máy hút bụi,Máy,Máy hút bụi lau nhà Tineco IFLOOR 2 MAX,3990000,/images/products/máy_máy-hút-bụi-lau-nhà-tineco-ifloor-2-max.jpg,Còn hàng
Máy hút bụi,Máy,Máy hút bụi lau nhà Tineco Floor One Switch S7 Steam,13990000,/images/products/máy_máy-hút-bụi-lau-nhà-tineco-floor-one-switch-s7-steam.png,Còn hàng
Máy hút bụi,Máy,Máy hút bụi lau nhà Tineco Floor One i7 Steam,8990000,/images/products/máy_máy-hút-bụi-lau-nhà-tineco-floor-one-i7-steam.png,Còn hàng
Máy hút bụi,Máy,Máy hút bụi lau nhà Tineco Floor One Station S9 Artist,15990000,/images/products/máy_máy-hút-bụi-lau-nhà-tineco-floor-one-station-s9-artist.png,Còn hàng
